#include <stdint.h>

uint8_t donkeykong_rom[16384] = {
    0x02, 0xbb, 0x5a, 0x30, 0x5f, 0xee, 0x3d, 0xa8, 0x99, 0x63, 0xfa, 0x40,
    0x80, 0x81, 0x82, 0x82, 0x98, 0x22, 0x2d, 0x73, 0x99, 0x9c, 0x9f, 0x9e,
    0xb7, 0x85, 0x04, 0xec, 0x94, 0xba, 0x36, 0x5f, 0xda, 0xbf, 0xbf, 0xbf,
    0xbe, 0xbd, 0xbd, 0xbd, 0xbd, 0xbd, 0x6e, 0x70, 0xe6, 0x8c, 0x9a, 0x6e,
    0xb5, 0xb5, 0xb5, 0xb5, 0xb5, 0xb5, 0x6e, 0x7e, 0xe6, 0x8c, 0x9a, 0x6e,
    0xb5, 0xb5, 0xb5, 0xb5, 0xb5, 0xb5, 0x00, 0x1a, 0x34, 0x4e, 0x68, 0x82,
    0x9c, 0x04, 0x0a, 0x10, 0x16, 0x1c, 0x22, 0x28, 0x2e, 0x34, 0x3a, 0x40,
    0x46, 0x4c, 0x52, 0x58, 0x5e, 0x64, 0x6a, 0x70, 0x76, 0x7c, 0x82, 0x88,
    0x8e, 0x94, 0x9a, 0x05, 0x05, 0x01, 0x01, 0x00, 0x00, 0x07, 0x00, 0x00,
    0x00, 0x05, 0x06, 0x07, 0x08, 0x08, 0x01, 0x03, 0x05, 0x08, 0x00, 0x81,
    0x82, 0x83, 0x83, 0x83, 0xc8, 0x10, 0xa0, 0x98, 0x70, 0x70, 0x60, 0x01,
    0x00, 0x12, 0x41, 0x86, 0x80, 0x04, 0x07, 0x0a, 0x0d, 0x3f, 0xa2, 0xff,
    0x2c, 0xa0, 0xff, 0x4a, 0x60, 0xff, 0x52, 0x7a, 0xff, 0x2b, 0x01, 0x03,
    0x7c, 0x88, 0x86, 0x45, 0x17, 0x8a, 0x94, 0xae, 0x96, 0x91, 0x00, 0x00,
    0x00, 0x00, 0x00, 0x00, 0x00, 0x00, 0x00, 0x00, 0x00, 0x00, 0xc2, 0xb5,
    0xcc, 0xb5, 0xd0, 0xb5, 0x6a, 0x3d, 0x00, 0x05, 0xff, 0x4c, 0x06, 0x7c,
    0x1d, 0x04, 0x13, 0x10, 0x9f, 0x8a, 0x01, 0x02, 0x29, 0x01, 0x89, 0x01,
    0x02, 0x21, 0x01, 0x83, 0x01, 0x84, 0x01, 0x81, 0x21, 0x85, 0x01, 0x03,
    0x19, 0x01, 0x21, 0x87, 0x01, 0x06, 0x81, 0x11, 0x01, 0x01, 0x00, 0x00,
    0x05, 0x00, 0x00, 0x01, 0x01, 0x11, 0x82, 0x01, 0x08, 0x29, 0x01, 0x01,
    0x01, 0x01, 0x11, 0x01, 0x21, 0x86, 0x01, 0x81, 0x21, 0x84, 0x01, 0x84,
    0x01, 0x81, 0x21, 0x05, 0x01, 0x01, 0x19, 0x01, 0x29, 0x84, 0x01, 0x0c,
    0x11, 0x01, 0x01, 0x01, 0x29, 0x01, 0x01, 0x11, 0x81, 0x01, 0x00, 0x00,
    0x82, 0x00, 0x82, 0x01, 0x81, 0x11, 0x84, 0x01, 0x03, 0x19, 0x01, 0x21,
    0x86, 0x01, 0x81, 0x19, 0x87, 0x01, 0x8b, 0x00, 0x02, 0x11, 0x01, 0x84,
    0x01, 0x89, 0x00, 0x9a, 0xb8, 0x9a, 0x97, 0x9a, 0x76, 0x9a, 0x55, 0x9a,
    0x3d, 0x9a, 0x20, 0x9a, 0x01, 0x8a, 0x02, 0x03, 0x00, 0x02, 0x02, 0x8d,
    0x00, 0x87, 0x01, 0x85, 0x03, 0x82, 0x01, 0x8c, 0x03, 0x87, 0x04, 0x03,
    0x02, 0x02, 0x04, 0x88, 0x02, 0x02, 0x04, 0x02, 0x86, 0x02, 0x8b, 0x03,
    0x81, 0x05, 0x8e, 0x03, 0x9a, 0x04, 0x00, 0x2b, 0x02, 0x03, 0x0c, 0x4c,
    0x59, 0x33, 0x17, 0x8a, 0x17, 0x8a, 0xb0, 0x91, 0x4c, 0xc4, 0x82, 0x3f,
    0xb1, 0xd5, 0x00, 0x1e, 0x14, 0x04, 0x01, 0x00, 0xd4, 0xb5, 0xde, 0xb5,
    0xe2, 0xb5, 0x00, 0x00, 0x00, 0xff, 0xff, 0x60, 0x0f, 0x48, 0x09, 0x04,
    0x0b, 0x00, 0x00, 0x02, 0x03, 0x23, 0x87, 0x03, 0x02, 0x23, 0x03, 0x86,
    0x03, 0x02, 0x23, 0x03, 0x85, 0x03, 0x02, 0x23, 0x03, 0x03, 0x00, 0x13,
    0x23, 0x83, 0x03, 0x04, 0x42, 0x03, 0x03, 0x13, 0x10, 0x03, 0x03, 0x03,
    0x23, 0x03, 0x03, 0x03, 0x13, 0x03, 0x42, 0x03, 0x03, 0x03, 0x23, 0x13,
    0x00, 0x08, 0x00, 0x80, 0x13, 0x23, 0x03, 0x03, 0x42, 0x23, 0x85, 0x03,
    0x02, 0x13, 0x03, 0x83, 0x03, 0x08, 0x23, 0x42, 0x03, 0x03, 0x23, 0x13,
    0x00, 0x00, 0x83, 0x00, 0x06, 0x13, 0x23, 0x03, 0x42, 0x13, 0x23, 0x83,
    0x03, 0x01, 0x83, 0x84, 0x03, 0x09, 0x23, 0x13, 0x42, 0x03, 0x23, 0x13,
    0x00, 0x00, 0x00, 0x84, 0x00, 0x05, 0x13, 0x03, 0x42, 0x03, 0x13, 0x88,
    0x03, 0x05, 0x13, 0x03, 0x42, 0x03, 0x13, 0x84, 0x00, 0x9a, 0x00, 0x9a,
    0xbf, 0x9a, 0x9b, 0x9a, 0x75, 0x9a, 0x4f, 0xb4, 0x29, 0x9a, 0x01, 0x03,
    0x00, 0x00, 0x02, 0x8a, 0x00, 0x84, 0x02, 0x86, 0x00, 0x03, 0x02, 0x00,
    0x00, 0x03, 0x01, 0x01, 0x01, 0x8a, 0x03, 0x85, 0x01, 0x85, 0x03, 0x03,
    0x01, 0x01, 0x01, 0x84, 0x02, 0x04, 0x04, 0x04, 0x04, 0x02, 0x8a, 0x04,
    0x08, 0x02, 0x02, 0x02, 0x04, 0x02, 0x00, 0x00, 0x00, 0xb4, 0x03, 0x00,
    0x2b, 0x01, 0x02, 0x4c, 0x0c, 0x7f, 0x59, 0xa8, 0xaf, 0x17, 0x8a, 0xb0,
    0x91, 0xa0, 0x5e, 0x82, 0x65, 0x8b, 0xd5, 0x0a, 0x00, 0x1e, 0x03, 0x02,
    0x00, 0xc2, 0xb5, 0xcc, 0xb5, 0xd0, 0xb5, 0x28, 0x29, 0x06, 0x04, 0xff,
    0x6c, 0x0f, 0x48, 0x09, 0xff, 0xff, 0x48, 0x3f, 0x03, 0x01, 0x01, 0x21,
    0x85, 0x01, 0x81, 0x21, 0x87, 0x01, 0x81, 0x21, 0x86, 0x01, 0x03, 0x21,
    0x01, 0x01, 0x03, 0x04, 0x04, 0x14, 0x84, 0x04, 0x02, 0x24, 0x14, 0x83,
    0x04, 0x81, 0x84, 0x83, 0x04, 0x02, 0x14, 0x24, 0x85, 0x04, 0x03, 0x14,
    0x04, 0x04, 0x09, 0x00, 0x81, 0x01, 0x21, 0x01, 0x00, 0x00, 0x11, 0x21,
    0x87, 0x01, 0x0a, 0x21, 0x11, 0x00, 0x00, 0x01, 0x01, 0x21, 0x01, 0x01,
    0x00, 0x04, 0x04, 0x04, 0x24, 0x14, 0x84, 0x04, 0x09, 0x14, 0x04, 0x04,
    0x00, 0x00, 0x04, 0x04, 0x04, 0x14, 0x85, 0x04, 0x04, 0x14, 0x24, 0x04,
    0x04, 0x03, 0x04, 0x04, 0x14, 0x94, 0x04, 0x03, 0x14, 0x04, 0x04, 0x9a,
    0x00, 0x9a, 0xbf, 0x9a, 0x9b, 0x9a, 0x75, 0x9a, 0x4f, 0xb4, 0x29, 0x9a,
    0x01, 0x87, 0x00, 0x81, 0x02, 0x89, 0x00, 0x86, 0x02, 0x83, 0x00, 0x87,
    0x03, 0x81, 0x01, 0x89, 0x03, 0x85, 0x01, 0x84, 0x03, 0x83, 0x04, 0x94,
    0x02, 0x83, 0x04, 0xb4, 0x03, 0x00, 0x2b, 0x00, 0x00, 0xa1, 0xa1, 0xc6,
    0xc6, 0x22, 0xaf, 0x99, 0xaf, 0xb0, 0x91, 0xca, 0x3a, 0x6a, 0x5d, 0x73,
    0xb8, 0x0a, 0x00, 0x1e, 0x03, 0x02, 0x00, 0xc2, 0xb5, 0xcc, 0xb5, 0xd0,
    0xb5, 0x1c, 0x38, 0x18, 0x04, 0x05, 0x3c, 0x03, 0x04, 0x18, 0x03, 0x00,
    0x00, 0x00, 0x1a, 0x01, 0x21, 0x01, 0x00, 0x05, 0x05, 0x00, 0x00, 0x21,
    0x01, 0x21, 0x00, 0x05, 0x05, 0x00, 0x01, 0x01, 0x00, 0x01, 0x01, 0x00,
    0x01, 0x01, 0x00, 0x21, 0x01, 0x06, 0x01, 0x11, 0x21, 0x00, 0x05, 0x05,
    0x86, 0x00, 0x0e, 0x05, 0x05, 0x00, 0x00, 0x01, 0x21, 0x01, 0x00, 0x01,
    0x21, 0x00, 0x01, 0x11, 0x01, 0x1a, 0x01, 0x01, 0x11, 0x00, 0x05, 0x05,
    0x00, 0x01, 0x11, 0x01, 0x11, 0x00, 0x05, 0x05, 0x00, 0x00, 0x01, 0x11,
    0x00, 0x21, 0x00, 0x11, 0x01, 0x01, 0x01, 0x21, 0x8b, 0x01, 0x01, 0x21,
    0x87, 0x01, 0x07, 0x11, 0x00, 0x01, 0x01, 0x00, 0x01, 0x11, 0x87, 0x00,
    0x84, 0x01, 0x01, 0x11, 0x8e, 0x00, 0x9a, 0x01, 0x84, 0xb2, 0x83, 0xbe,
    0x85, 0xa2, 0x83, 0xbe, 0x83, 0xb2, 0x83, 0xab, 0x83, 0xa4, 0x82, 0x9d,
    0x84, 0x8d, 0x8c, 0x93, 0x83, 0x7a, 0x84, 0x80, 0x83, 0x86, 0x84, 0x5d,
    0x82, 0x68, 0x86, 0x5d, 0x83, 0x68, 0x84, 0x59, 0x81, 0x53, 0x86, 0x68,
    0x95, 0x38, 0x82, 0x4d, 0x83, 0x47, 0x9a, 0x1d, 0x9a, 0xbf, 0x88, 0x01,
    0x90, 0x02, 0x82, 0x01, 0x82, 0x00, 0x96, 0x02, 0x82, 0x00, 0x88, 0x01,
    0x89, 0x00, 0x82, 0x01, 0x82, 0x03, 0x84, 0x01, 0x01, 0x03, 0x93, 0x04,
    0x87, 0x02, 0x9a, 0x03, 0x9a, 0x00, 0x00, 0x19, 0x33, 0x4c, 0x4c, 0x59,
    0x0c, 0x19, 0x33, 0x4c, 0x59, 0x78, 0x64, 0x5a, 0x50, 0x3c, 0x06, 0x07,
    0x08, 0x08, 0x08, 0x05, 0x04, 0x03, 0x02, 0x02, 0x4c, 0x66, 0x66, 0x73,
    0x7f, 0x19, 0x33, 0x66, 0x7f, 0x99, 0xf0, 0x96, 0x82, 0x73, 0x64, 0x04,
    0x05, 0x05, 0x05, 0x05, 0x78, 0x6e, 0x64, 0x5a, 0x04, 0x05, 0x06, 0x07,
    0x96, 0x82, 0x78, 0x32, 0x86, 0x2a, 0x86, 0x34, 0x88, 0x2a, 0x0a, 0x00,
    0xec, 0xbe, 0x18, 0x07, 0x3b, 0x07, 0x5e, 0x07, 0x04, 0xbf, 0x81, 0x07,
    0xa4, 0x07, 0xc7, 0x07, 0x66, 0x0c, 0xea, 0x07, 0x0d, 0x08, 0x30, 0x08,
    0x7e, 0x0c, 0x53, 0x08, 0x76, 0x08, 0x99, 0x08, 0x1c, 0xbf, 0xbc, 0x08,
    0xea, 0x08, 0x18, 0x09, 0x3f, 0xbf, 0x46, 0x09, 0x74, 0x09, 0xa2, 0x09,
    0x62, 0xbf, 0xd0, 0x09, 0xfe, 0x09, 0x2c, 0x0a, 0x1c, 0xbf, 0x5a, 0x0a,
    0x88, 0x0a, 0xb6, 0x0a, 0x85, 0xbf, 0x00, 0x04, 0x42, 0x04, 0x84, 0x04,
    0xb7, 0xbf, 0xc6, 0x04, 0x08, 0x05, 0x4a, 0x05, 0x96, 0x0c, 0x8c, 0x05,
    0xce, 0x05, 0x10, 0x06, 0xc8, 0x0c, 0x52, 0x06, 0x94, 0x06, 0xd6, 0x06,
    0x3e, 0xb7, 0x18, 0x07, 0x5a, 0x07, 0x9c, 0x07, 0x3e, 0xb7, 0xde, 0x07,
    0x20, 0x08, 0x62, 0x08, 0x3e, 0xb7, 0xa4, 0x08, 0xe6, 0x08, 0x28, 0x09,
    0x3e, 0xb7, 0x6a, 0x09, 0xac, 0x09, 0xee, 0x09, 0x94, 0xb8, 0x18, 0x07,
    0x4a, 0x07, 0x7c, 0x07, 0xb6, 0xb8, 0xae, 0x07, 0xe0, 0x07, 0x12, 0x08,
    0xb6, 0xb8, 0x44, 0x08, 0x76, 0x08, 0xa8, 0x08, 0xb6, 0xb8, 0xda, 0x08,
    0x0c, 0x09, 0x3e, 0x09, 0x01, 0x01, 0x01, 0x01, 0x01, 0x01, 0x01, 0x01,
    0x00, 0x01, 0x00, 0x01, 0x00, 0x01, 0x00, 0x01, 0x01, 0x05, 0x01, 0x05,
    0x01, 0x05, 0x01, 0x05, 0x00, 0x00, 0x00, 0x00, 0x00, 0x00, 0x00, 0x00,
    0x00, 0x00, 0x00, 0x00, 0x00, 0x00, 0x00, 0x00, 0x06, 0x09, 0x06, 0x09,
    0x06, 0x09, 0x06, 0x09, 0x0a, 0x09, 0x0a, 0x09, 0x0a, 0x09, 0x0a, 0x09,
    0x0a, 0x0a, 0x08, 0x09, 0x0a, 0x0a, 0x08, 0x09, 0x0a, 0x08, 0x0a, 0x08,
    0x0a, 0x08, 0x0a, 0x08, 0x07, 0x06, 0x07, 0x06, 0x07, 0x06, 0x07, 0x06,
    0xfc, 0x25, 0x71, 0xa9, 0x03, 0x8d, 0x0f, 0xd2, 0x8d, 0x32, 0x02, 0xa9,
    0x00, 0x8d, 0x08, 0xd2, 0x8d, 0x44, 0x02, 0xa2, 0x50, 0x95, 0x00, 0xe8,
    0xd0, 0xfb, 0x20, 0xe8, 0xb1, 0xc6, 0x7d, 0xa9, 0x86, 0x8d, 0x30, 0x02,
    0xa9, 0x80, 0x8d, 0x31, 0x02, 0xa9, 0x3e, 0x8d, 0x2f, 0x02, 0x8d, 0x00,
    0xd4, 0xa9, 0x03, 0x8d, 0x1d, 0xd0, 0xa9, 0x01, 0x8d, 0x6f, 0x02, 0x8d,
    0x1b, 0xd0, 0xa9, 0x10, 0x8d, 0x07, 0xd4, 0xa9, 0x01, 0x8d, 0x0c, 0xd0,
    0xa9, 0xc0, 0x85, 0x7e, 0xa9, 0x40, 0x85, 0x10, 0x8d, 0x0e, 0xd2, 0xa9,
    0x76, 0x8d, 0x08, 0x02, 0xa9, 0xb1, 0x8d, 0x09, 0x02, 0xa9, 0x08, 0x85,
    0x7f, 0xa9, 0x88, 0x85, 0x80, 0xa2, 0x08, 0xbd, 0x17, 0x84, 0x9d, 0xc0,
    0x02, 0xca, 0x10, 0xf7, 0xa9, 0x00, 0x85, 0x50, 0xa9, 0x21, 0x85, 0x51,
    0xa2, 0x00, 0xa5, 0x50, 0x9d, 0x00, 0x10, 0xa5, 0x51, 0x9d, 0x00, 0x11,
    0x18, 0xa9, 0x28, 0x65, 0x50, 0x85, 0x50, 0xa9, 0x00, 0x65, 0x51, 0x85,
    0x51, 0xe8, 0xe0, 0xc6, 0x90, 0xe4, 0xa9, 0x80, 0x9d, 0x00, 0x10, 0xa9,
    0x96, 0x9d, 0x00, 0x11, 0xe8, 0xd0, 0xf3, 0x8a, 0x0a, 0x29, 0xaa, 0x85,
    0x50, 0x8a, 0x4a, 0x29, 0x55, 0x05, 0x50, 0x85, 0x50, 0x8a, 0x05, 0x50,
    0x49, 0xff, 0x9d, 0x00, 0x1b, 0xca, 0xd0, 0xe7, 0x8a, 0xa0, 0x07, 0x4a,
    0x26, 0x50, 0x88, 0x10, 0xfa, 0xa5, 0x50, 0x9d, 0x00, 0x0d, 0xca, 0xd0,
    0xef, 0xa9, 0x00, 0x85, 0x94, 0xa9, 0x0b, 0x85, 0x95, 0xa9, 0x08, 0x85,
    0x56, 0xa6, 0x56, 0xbd, 0x18, 0x80, 0x85, 0x96, 0xbd, 0x21, 0x80, 0x20,
    0x28, 0xb1, 0xc6, 0x56, 0x10, 0xef, 0xa9, 0x06, 0xa2, 0x91, 0xa0, 0xc3,
    0x20, 0x5c, 0xe4, 0x20, 0xb7, 0x87, 0xa9, 0x44, 0x8d, 0x25, 0x18, 0xa9,
    0x53, 0x8d, 0x26, 0x18, 0xa9, 0xef, 0x20, 0x1b, 0x8e, 0xa0, 0x3a, 0xa9,
    0x88, 0x20, 0xb8, 0xab, 0xa5, 0xd2, 0x2d, 0x01, 0x0e, 0x2d, 0x02, 0x0e,
    0x25, 0xcb, 0x2d, 0x31, 0x0e, 0xc9, 0x03, 0xd0, 0x07, 0xa0, 0x3e, 0xa9,
    0x8d, 0x20, 0xb8, 0xab, 0x20, 0x7c, 0xae, 0xa9, 0x99, 0x85, 0x50, 0xa9,
    0x80, 0x85, 0x51, 0xa0, 0x17, 0xa2, 0x8a, 0xa9, 0xff, 0x20, 0xe0, 0xb1,
    0x20, 0x00, 0xb0, 0x20, 0xb7, 0x87, 0xa0, 0x4a, 0xa9, 0x87, 0x20, 0xb8,
    0xab, 0xa5, 0xcd, 0xf0, 0x03, 0x20, 0xa3, 0xb1, 0xa9, 0xd3, 0x85, 0x52,
    0xa9, 0x00, 0xa2, 0x04, 0xa0, 0x07, 0x20, 0x1e, 0x8b, 0xa9, 0x00, 0x85,
    0x52, 0xa9, 0x0e, 0xa2, 0x44, 0xa0, 0x07, 0x20, 0x1e, 0x8b, 0x20, 0x0c,
    0x87, 0x20, 0x7c, 0xae, 0x4c, 0xdb, 0x86, 0x20, 0xf4, 0xaf, 0xa5, 0x13,
    0x69, 0x11, 0xa8, 0xa9, 0x00, 0x8d, 0x20, 0x0e, 0xc4, 0x13, 0xf0, 0x6c,
    0xad, 0x84, 0x02, 0x2d, 0x85, 0x02, 0xf0, 0x0e, 0x20, 0x8e, 0xb1, 0xc9,
    0x07, 0xf0, 0xed, 0x85, 0x4d, 0xa8, 0x29, 0x01, 0xd0, 0x10, 0x85, 0x4d,
    0x20, 0xa0, 0x88, 0x20, 0x83, 0xb1, 0x29, 0x01, 0xf0, 0xf4, 0x85, 0x4d,
    0xd0, 0x95, 0xa9, 0x0f, 0x8d, 0xbd, 0x0e, 0x98, 0x29, 0x04, 0xd0, 0x15,
    0x20, 0x0c, 0x87, 0xe6, 0xcb, 0xa5, 0xcb, 0xc9, 0x05, 0x90, 0x04, 0xa9,
    0x00, 0x85, 0xcb, 0x20, 0x0c, 0x87, 0x4c, 0x7f, 0x86, 0xa5, 0xcc, 0x49,
    0x01, 0x85, 0xcc, 0xa5, 0xcc, 0xd0, 0x06, 0xa0, 0x27, 0xa9, 0x87, 0xd0,
    0x11, 0xa9, 0xe5, 0x85, 0x52, 0xa9, 0x00, 0xa2, 0x84, 0xa0, 0x07, 0x20,
    0x1e, 0x8b, 0xa0, 0x3d, 0xa9, 0x87, 0x20, 0xb8, 0xab, 0x4c, 0x7f, 0x86,
    0x20, 0xee, 0xaf, 0x20, 0x07, 0x94, 0xa9, 0x7d, 0x85, 0x4d, 0x20, 0xf4,
    0xaf, 0x4c, 0x03, 0x86, 0xa6, 0xcb, 0xbd, 0x1d, 0x87, 0x85, 0xa3, 0xbd,
    0x22, 0x87, 0xa2, 0x4a, 0xa0, 0x69, 0x4c, 0xb7, 0xaa, 0xec, 0x94, 0x3e,
    0x85, 0xa8, 0xbe, 0xb8, 0xb7, 0xbf, 0xb5, 0xfe, 0x8c, 0x00, 0x0a, 0x0a,
    0x0a, 0xfe, 0x84, 0x07, 0x0a, 0x0a, 0x0a, 0x0a, 0x0a, 0x0a, 0xfe, 0x54,
    0x5a, 0x1e, 0x21, 0x19, 0xff, 0xfe, 0x8c, 0x00, 0x02, 0x1f, 0x1a, 0xfe,
    0x54, 0x5a, 0x19, 0x18, 0x0f, 0xff, 0xfe, 0x10, 0x00, 0x01, 0x1f, 0x1a,
    0xfe, 0x40, 0x00, 0x12, 0x13, 0x0a, 0x1d, 0x0d, 0x19, 0x1c, 0x0f, 0xfe,
    0x10, 0x5a, 0x1a, 0x1c, 0x0f, 0x1d, 0x1d, 0x0a, 0x1d, 0x0f, 0x16, 0x0f,
    0x0d, 0x1e, 0x0a, 0x10, 0x19, 0x1c, 0x0a, 0x0a, 0x0a, 0x0a, 0x0a, 0x1a,
    0x16, 0x0b, 0x23, 0x0f, 0x1c, 0x0a, 0x11, 0x0b, 0x17, 0x0f, 0xfe, 0x12,
    0x82, 0x1a, 0x1c, 0x0f, 0x1d, 0x1d, 0x0a, 0x19, 0x1a, 0x1e, 0x13, 0x19,
    0x18, 0x0a, 0x1e, 0x19, 0x0a, 0x1a, 0x13, 0x0d, 0x15, 0x0a, 0x0e, 0x13,
    0x10, 0x10, 0x13, 0x0d, 0x1f, 0x16, 0x1e, 0x23, 0xfe, 0x2a, 0x91, 0x1a,
    0x1c, 0x0f, 0x1d, 0x1d, 0x0a, 0x1d, 0x1e, 0x0b, 0x1c, 0x1e, 0x0a, 0x1e,
    0x19, 0x0a, 0x1a, 0x16, 0x0b, 0x23, 0xff, 0x20, 0x39, 0xae, 0xa9, 0x34,
    0x85, 0x96, 0xa9, 0x88, 0x85, 0x97, 0xa9, 0x00, 0x85, 0x54, 0xa9, 0x0a,
    0x85, 0x52, 0xa9, 0x19, 0x85, 0x56, 0xa9, 0x03, 0x85, 0x53, 0xa9, 0x1e,
    0x85, 0x55, 0xa9, 0x07, 0x85, 0x57, 0xa4, 0x54, 0xb1, 0x7f, 0x85, 0x58,
    0xe6, 0x54, 0x06, 0x58, 0x90, 0x07, 0xa6, 0x55, 0xa4, 0x56, 0x20, 0x7b,
    0xa9, 0x18, 0xa5, 0x55, 0x69, 0x04, 0x85, 0x55, 0xc6, 0x57, 0x10, 0xea,
    0xc6, 0x53, 0x10, 0xda, 0x18, 0xa5, 0x56, 0x69, 0x04, 0x85, 0x56, 0xc6,
    0x52, 0x10, 0xc7, 0x60, 0xce, 0x94, 0xba, 0x80, 0xaa, 0xd5, 0x22, 0x80,
    0xaa, 0xf7, 0x3b, 0x80, 0xaa, 0xb5, 0x21, 0x00, 0xce, 0x94, 0xb9, 0x00,
    0x00, 0x00, 0x00, 0x00, 0x1a, 0xf4, 0x9c, 0x00, 0x1e, 0xd6, 0xb0, 0x00,
    0x1c, 0xd7, 0xb0, 0x00, 0x1a, 0xd5, 0xb4, 0x00, 0x1a, 0xf4, 0x9c, 0x00,
    0x01, 0x04, 0xff, 0x82, 0x82, 0xaa, 0xfe, 0x30, 0xa0, 0x01, 0x09, 0x08,
    0x01, 0x0a, 0x01, 0x09, 0x08, 0x03, 0x0a, 0x18, 0x13, 0x18, 0x1e, 0x0f,
    0x18, 0x0e, 0x19, 0xfe, 0x28, 0xa0, 0x88, 0x63, 0xfe, 0x3a, 0x8c, 0x0c,
    0x23, 0x0a, 0x18, 0x13, 0x18, 0x1e, 0x0f, 0x18, 0x0e, 0x19, 0xff, 0x02,
    0x07, 0x05, 0x40, 0x10, 0x10, 0x4a, 0x84, 0x48, 0x04, 0x4a, 0x84, 0x10,
    0x10, 0x05, 0x40, 0x00, 0x01, 0x80, 0x02, 0x01, 0x80, 0x03, 0x02, 0x01,
    0x80, 0x03, 0x00, 0x02, 0x01, 0x80, 0x03, 0x00, 0x02, 0x00, 0x01, 0x00,
    0x02, 0x05, 0x09, 0x0e, 0x00, 0x01, 0x00, 0x01, 0x02, 0x00, 0x01, 0x02,
    0x03, 0x00, 0x01, 0x02, 0x03, 0x04, 0x00, 0x01, 0x02, 0x03, 0x04, 0x05,
    0xa6, 0xcb, 0x86, 0xcf, 0x86, 0xce, 0xbc, 0x87, 0x88, 0x84, 0xd1, 0xb9,
    0x73, 0x88, 0x29, 0x7f, 0x85, 0xd0, 0xa0, 0x02, 0x84, 0xd2, 0x88, 0x84,
    0xcd, 0xa2, 0x05, 0xa9, 0x00, 0x95, 0xd3, 0xbd, 0x67, 0x80, 0x95, 0xd9,
    0xca, 0x10, 0xf4, 0x8d, 0x20, 0x0e, 0xa2, 0x11, 0xb5, 0xcd, 0x95, 0xdf,
    0xca, 0x10, 0xf9, 0xc6, 0xcd, 0x20, 0x3c, 0x8c, 0x20, 0x83, 0xb1, 0xd0,
    0x24, 0x20, 0xf4, 0xaf, 0x20, 0x11, 0x89, 0xa8, 0x20, 0xe8, 0xb1, 0x20,
    0x83, 0xb1, 0xd0, 0x15, 0x98, 0xf0, 0xe6, 0xc6, 0xd2, 0x10, 0x11, 0x20,
    0xee, 0x8c, 0xa5, 0xcc, 0xf0, 0x07, 0x20, 0xa3, 0xb1, 0xa5, 0xd2, 0x10,
    0xd4, 0x4c, 0xe8, 0xb1, 0xa5, 0xcc, 0xf0, 0xcd, 0x20, 0xa3, 0xb1, 0xa5,
    0xd2, 0x10, 0xc6, 0x30, 0xe9, 0xa9, 0x00, 0xa2, 0x2c, 0x9d, 0x1e, 0x0e,
    0xca, 0xd0, 0xfa, 0xa2, 0x9c, 0x9d, 0xfe, 0x19, 0xca, 0xd0, 0xfa, 0xa2,
    0x03, 0x9d, 0x23, 0x0e, 0xca, 0x10, 0xfa, 0xa6, 0xce, 0xbd, 0x6d, 0x80,
    0x8d, 0x23, 0x0e, 0xa9, 0x08, 0x85, 0xc5, 0xa9, 0x0f, 0x85, 0x84, 0xa9,
    0x01, 0x85, 0x69, 0xa9, 0x78, 0x85, 0x7c, 0xa4, 0xd0, 0xb9, 0x63, 0x80,
    0x85, 0x6f, 0xaa, 0xbd, 0x49, 0x80, 0x85, 0x6b, 0x98, 0x20, 0x31, 0xac,
    0xa0, 0xf3, 0xa9, 0x8d, 0x20, 0xb8, 0xab, 0xa4, 0xcf, 0xc8, 0x98, 0xa2,
    0x04, 0xa0, 0x10, 0x20, 0xfd, 0xab, 0xa4, 0xcd, 0xc8, 0x98, 0xa2, 0x8c,
    0xa0, 0x00, 0x20, 0xfd, 0xab, 0xa9, 0x8c, 0x85, 0x53, 0xa5, 0xd2, 0x85,
    0x52, 0xf0, 0x19, 0xa9, 0x30, 0x85, 0x96, 0xa9, 0xb8, 0x85, 0x97, 0xa5,
    0x53, 0x18, 0x69, 0x04, 0x85, 0x53, 0xaa, 0xa0, 0x0e, 0x20, 0x7b, 0xa9,
    0xc6, 0x52, 0xd0, 0xef, 0xa5, 0xcc, 0xf0, 0x11, 0xa6, 0xdf, 0xe8, 0x8a,
    0xa2, 0x04, 0xa0, 0x00, 0x20, 0xfd, 0xab, 0xa0, 0xe5, 0xa2, 0x00, 0xf0,
    0x11, 0xa2, 0x04, 0xa0, 0x00, 0xa9, 0xea, 0x85, 0x52, 0xa9, 0x8d, 0x20,
    0xba, 0xab, 0xa0, 0x00, 0xa2, 0x0e, 0x84, 0x52, 0x8a, 0xa2, 0x26, 0xa0,
    0x00, 0x20, 0x1e, 0x8b, 0x20, 0x24, 0x8b, 0xa9, 0x04, 0x20, 0x93, 0x8b,
    0xe6, 0x82, 0xe6, 0x67, 0xe6, 0x66, 0x20, 0x83, 0xb1, 0xd0, 0x3c, 0xa5,
    0x69, 0xf0, 0x3d, 0xae, 0x35, 0x0e, 0xd0, 0x38, 0xad, 0x0a, 0xd2, 0x29,
    0xbf, 0x09, 0x80, 0x85, 0xb8, 0xa5, 0x83, 0xf0, 0xfc, 0x86, 0x83, 0xad,
    0x20, 0x0e, 0xd0, 0xde, 0xa5, 0x68, 0xf0, 0x06, 0x20, 0xa8, 0xa8, 0x4c,
    0xe9, 0x89, 0x20, 0x61, 0x8a, 0x20, 0x1d, 0x90, 0x20, 0xd2, 0x8e, 0x20,
    0x45, 0x8d, 0x20, 0xb0, 0x8d, 0x20, 0xfa, 0x96, 0x4c, 0xd2, 0x89, 0xc6,
    0x67, 0xc6, 0x66, 0x60, 0x20, 0xe8, 0xb1, 0xc6, 0x66, 0xc6, 0x67, 0xad,
    0x35, 0x0e, 0xf0, 0x3a, 0xa6, 0xd0, 0xe0, 0x01, 0xd0, 0x06, 0x20, 0x48,
    0x95, 0x4c, 0x33, 0x8a, 0x20, 0x9a, 0x94, 0xa6, 0xd1, 0xe0, 0x13, 0xf0,
    0x11, 0xbd, 0x74, 0x88, 0x10, 0x06, 0x29, 0x7f, 0xe6, 0xce, 0xe6, 0xcf,
    0x85, 0xd0, 0xe6, 0xd1, 0xd0, 0x11, 0xad, 0x8b, 0x88, 0x85, 0xd1, 0xa9,
    0x00, 0x85, 0xd0, 0xa6, 0xcf, 0xe0, 0x09, 0xb0, 0x02, 0xe6, 0xcf, 0xa9,
    0x00, 0x60, 0xa9, 0x01, 0x60, 0xc6, 0x7c, 0xd0, 0x1f, 0xa9, 0x78, 0x85,
    0x7c, 0xe6, 0xba, 0xce, 0x24, 0x0e, 0x10, 0x11, 0xce, 0x23, 0x0e, 0x10,
    0x07, 0xa9, 0x00, 0x8d, 0x23, 0x0e, 0xf0, 0x02, 0xa9, 0x09, 0x8d, 0x24,
    0x0e, 0x20, 0x24, 0x8b, 0xad, 0x36, 0x0e, 0xf0, 0x1f, 0x10, 0x07, 0x29,
    0x7f, 0x8d, 0x36, 0x0e, 0xd0, 0x05, 0xce, 0x36, 0x0e, 0xd0, 0x11, 0xa6,
    0xb6, 0xbd, 0x3c, 0xb8, 0x85, 0xa3, 0xbd, 0x40, 0xb8, 0xa6, 0xb4, 0xa4,
    0xb5, 0x20, 0xb7, 0xaa, 0xad, 0x0c, 0xd0, 0x29, 0x08, 0xf0, 0x2b, 0xad,
    0x31, 0x0e, 0xc9, 0x01, 0xd0, 0x24, 0xa0, 0x02, 0xad, 0x32, 0x0e, 0xd9,
    0x15, 0x18, 0xf0, 0x05, 0x88, 0x10, 0xf8, 0x30, 0x15, 0xa9, 0xff, 0x99,
    0x15, 0x18, 0x99, 0x0c, 0x18, 0xa4, 0xce, 0xb9, 0x77, 0x80, 0x20, 0x5c,
    0x8b, 0xa9, 0x2d, 0x8d, 0xbb, 0x0e, 0x8d, 0x1e, 0xd0, 0xa5, 0xbe, 0xc5,
    0xba, 0xd0, 0x0f, 0xa5, 0xbf, 0x49, 0xff, 0x69, 0x00, 0x85, 0xbf, 0x18,
    0xa5, 0xba, 0x69, 0x05, 0x85, 0xbe, 0x20, 0x95, 0x9f, 0xa5, 0x69, 0x30,
    0x24, 0xa5, 0xb9, 0xc9, 0x00, 0xd0, 0x0c, 0xad, 0xc4, 0x0e, 0xd0, 0x19,
    0xa9, 0x4a, 0x8d, 0xc4, 0x0e, 0xd0, 0x12, 0xc9, 0x01, 0xf0, 0x04, 0xc9,
    0x03, 0xd0, 0x0a, 0xad, 0xc3, 0x0e, 0xd0, 0x05, 0xa9, 0x1d, 0x8d, 0xc3,
    0x0e, 0x60, 0x85, 0x53, 0xa9, 0x06, 0xd0, 0x0e, 0xa2, 0x10, 0xa0, 0x11,
    0xa9, 0x23, 0x85, 0x52, 0xa9, 0x0e, 0x85, 0x53, 0xa9, 0x04, 0x85, 0x56,
    0x84, 0x57, 0xa9, 0x00, 0x85, 0x58, 0xc6, 0x56, 0x30, 0x1d, 0xa0, 0x00,
    0xb1, 0x52, 0xd0, 0x04, 0xa4, 0x58, 0xf0, 0x04, 0xe6, 0x58, 0xd0, 0x02,
    0xa9, 0x0a, 0xa4, 0x57, 0x20, 0xfd, 0xab, 0xe6, 0x52, 0xd0, 0xe3, 0xe6,
    0x53, 0xd0, 0xdf, 0x60, 0x48, 0xa6, 0x6f, 0xca, 0x10, 0x02, 0xa2, 0x02,
    0x18, 0xac, 0x32, 0x0e, 0x8a, 0x79, 0x42, 0x80, 0xa8, 0xb9, 0x2b, 0x18,
    0x29, 0x38, 0xf0, 0x09, 0xe8, 0xe0, 0x1a, 0x90, 0x10, 0xa2, 0x18, 0xd0,
    0x0c, 0xb9, 0x2c, 0x18, 0x29, 0x38, 0xf0, 0x05, 0xca, 0x10, 0x02, 0xa2,
    0x02, 0xa5, 0x6d, 0x69, 0x05, 0xa8, 0xbd, 0x49, 0x80, 0xaa, 0x68, 0x84,
    0x62, 0xa8, 0x10, 0x15, 0x29, 0x7f, 0xa8, 0xad, 0x36, 0x0e, 0xd0, 0x0d,
    0xa5, 0x62, 0x85, 0xb5, 0x86, 0xb4, 0x84, 0xb6, 0xa9, 0x9e, 0x8d, 0x36,
    0x0e, 0xa2, 0x03, 0xc0, 0x05, 0xf0, 0x17, 0xb9, 0x72, 0x80, 0x18, 0x75,
    0xd3, 0x95, 0xd3, 0xc9, 0x0a, 0x90, 0x22, 0xe9, 0x0a, 0x95, 0xd3, 0xca,
    0x30, 0x1b, 0xa9, 0x01, 0xd0, 0xec, 0xa9, 0x00, 0x18, 0x7d, 0x21, 0x0e,
    0x75, 0xd3, 0xa0, 0x00, 0xc9, 0x0a, 0x90, 0x03, 0xe9, 0x0a, 0xc8, 0x95,
    0xd3, 0x98, 0xca, 0x10, 0xeb, 0xa2, 0x88, 0xa0, 0x07, 0xa9, 0xd3, 0x85,
    0x52, 0xa9, 0x00, 0x20, 0x1e, 0x8b, 0xa2, 0x00, 0xb5, 0xd3, 0xd5, 0xd9,
    0x90, 0x1a, 0xd0, 0x05, 0xe8, 0xe0, 0x04, 0x90, 0xf3, 0xe6, 0xd2, 0xa9,
    0x0a, 0x85, 0xd9, 0xa2, 0x8c, 0xa0, 0x0e, 0xa9, 0x30, 0x85, 0xa3, 0xa9,
    0xb8, 0x20, 0xb7, 0xaa, 0xa2, 0x00, 0xb5, 0xd3, 0xdd, 0x00, 0x0e, 0x90,
    0x22, 0xd0, 0x05, 0xe8, 0xe0, 0x04, 0x90, 0xf2, 0xa2, 0x03, 0xb5, 0xd3,
    0x9d, 0x00, 0x0e, 0xca, 0x10, 0xf8, 0xa5, 0xcc, 0xd0, 0x0d, 0xa9, 0x00,
    0x85, 0x52, 0xa9, 0x0e, 0xa2, 0x26, 0xa0, 0x00, 0x4c, 0x1e, 0x8b, 0x60,
    0x20, 0x39, 0xae, 0xa9, 0x8c, 0xa0, 0xb0, 0x20, 0xb8, 0xab, 0xa6, 0xcd,
    0xe8, 0x8a, 0xa2, 0x78, 0xa0, 0x57, 0x20, 0xfd, 0xab, 0xa9, 0xa6, 0x8d,
    0x26, 0x18, 0xa9, 0x40, 0x8d, 0x25, 0x18, 0xa6, 0xd1, 0xbd, 0x8c, 0x88,
    0x85, 0x52, 0x20, 0x14, 0x8e, 0xc6, 0x52, 0x30, 0x0b, 0x38, 0xad, 0x26,
    0x18, 0xe9, 0x20, 0x8d, 0x26, 0x18, 0xd0, 0xee, 0xa6, 0xd1, 0xbd, 0x8c,
    0x88, 0x0a, 0x0a, 0x7d, 0x8c, 0x88, 0x69, 0xd0, 0x85, 0x52, 0xa9, 0x00,
    0x69, 0x8c, 0xac, 0x26, 0x18, 0xa2, 0x28, 0x20, 0xba, 0xab, 0x20, 0x7c,
    0xae, 0x20, 0xee, 0xaf, 0xa9, 0x0c, 0x8d, 0xc9, 0x0e, 0x8d, 0x07, 0x0e,
    0x8d, 0x09, 0x0e, 0xad, 0xc9, 0x0e, 0xf0, 0x09, 0x20, 0x83, 0xb1, 0x29,
    0x06, 0xc9, 0x06, 0xf0, 0xf2, 0x4c, 0xe8, 0xb1, 0xfe, 0x68, 0x63, 0x12,
    0x19, 0x21, 0x0a, 0x12, 0x13, 0x11, 0x12, 0x0a, 0x0d, 0x0b, 0x18, 0xfe,
    0x70, 0x6b, 0x23, 0x19, 0x1f, 0x0a, 0x11, 0x0f, 0x1e, 0x1b, 0xfe, 0x7c,
    0x57, 0x1f, 0x1a, 0xff, 0x02, 0x05, 0x17, 0xff, 0x00, 0x05, 0x00, 0x17,
    0xff, 0x00, 0x07, 0x05, 0x17, 0xff, 0x00, 0x01, 0x00, 0x00, 0x17, 0xff,
    0x01, 0x02, 0x05, 0x17, 0xff, 0x01, 0x05, 0x00, 0x17, 0xff, 0xa2, 0x28,
    0xa0, 0x3b, 0xa9, 0x25, 0x85, 0x96, 0xa9, 0x8d, 0x20, 0xf8, 0xa9, 0xa0,
    0x31, 0xa9, 0x8d, 0x20, 0xb8, 0xab, 0xa5, 0xcc, 0xf0, 0x12, 0xa0, 0x27,
    0xa9, 0x8d, 0x20, 0xb8, 0xab, 0xa2, 0x4e, 0xa4, 0xcd, 0xc8, 0x98, 0xa0,
    0x6f, 0x20, 0xfd, 0xab, 0xa6, 0x14, 0xca, 0xe4, 0x14, 0xf0, 0x05, 0x20,
    0x83, 0xb1, 0xf0, 0xf7, 0x60, 0x14, 0x50, 0xfe, 0x44, 0x68, 0x1a, 0x16,
    0x0b, 0x23, 0x0f, 0x1c, 0xff, 0xfe, 0x3e, 0x59, 0x11, 0x0b, 0x17, 0x0f,
    0x0a, 0x19, 0x20, 0x0f, 0x1c, 0xff, 0xfe, 0x50, 0xbc, 0x16, 0x17, 0x0e,
    0xff, 0xad, 0x37, 0x0e, 0xf0, 0x0a, 0xce, 0x37, 0x0e, 0xf0, 0x10, 0xa5,
    0x69, 0x30, 0xf7, 0x60, 0xa5, 0xb7, 0xc9, 0x85, 0xd0, 0x18, 0xa9, 0x20,
    0x8d, 0x37, 0x0e, 0x18, 0xad, 0x23, 0x18, 0x69, 0x0c, 0xaa, 0xac, 0x24,
    0x18, 0xa9, 0x1c, 0x85, 0xa3, 0xa9, 0xb6, 0x4c, 0xb7, 0xaa, 0xa6, 0xb9,
    0xe0, 0x01, 0xd0, 0xdb, 0xa5, 0x6d, 0xc9, 0x2f, 0xb0, 0xd5, 0xae, 0x23,
    0x18, 0xa5, 0x6b, 0xcd, 0x25, 0x18, 0xb0, 0x09, 0xec, 0x25, 0x18, 0xb0,
    0xc6, 0xa9, 0x60, 0xd0, 0x07, 0xec, 0x25, 0x18, 0x90, 0xbd, 0xa9, 0x2c,
    0x48, 0xa9, 0x9c, 0x85, 0xa3, 0xa9, 0xbe, 0xac, 0x24, 0x18, 0x20, 0xb7,
    0xaa, 0x68, 0xaa, 0x8e, 0x23, 0x18, 0xac, 0x24, 0x18, 0x4c, 0xb9, 0xaa,
    0xa6, 0xb9, 0xbd, 0x7c, 0x80, 0x29, 0x08, 0xf0, 0x30, 0xc6, 0xbd, 0x10,
    0x2c, 0xad, 0x0a, 0xd2, 0x29, 0x0f, 0x09, 0x07, 0x85, 0xbd, 0x20, 0xd1,
    0x8d, 0xad, 0x34, 0x0e, 0x49, 0x01, 0x8d, 0x34, 0x0e, 0xa0, 0x5c, 0xa9,
    0xb9, 0xae, 0x34, 0x0e, 0xf0, 0x04, 0xa0, 0x82, 0xa9, 0xb9, 0x84, 0xa3,
    0xae, 0x29, 0x18, 0xac, 0x2a, 0x18, 0x4c, 0xb7, 0xaa, 0x60, 0x12, 0x13,
    0x0a, 0x1d, 0x0d, 0x19, 0x1c, 0x0f, 0xff, 0xfe, 0x90, 0x00, 0x1f, 0x1a,
    0xfe, 0x0a, 0x0c, 0xb6, 0x9e, 0xfe, 0x20, 0x0c, 0xb6, 0xb2, 0xfe, 0x0e,
    0x09, 0x0c, 0x19, 0x18, 0x1f, 0x1d, 0xfe, 0x04, 0x09, 0x16, 0xfe, 0x08,
    0x00, 0x1f, 0x1a, 0xff, 0xa9, 0xa9, 0xa2, 0x00, 0x8e, 0x39, 0x0e, 0xaa,
    0x4d, 0x39, 0x0e, 0x8d, 0x39, 0x0e, 0x8a, 0x10, 0x19, 0x48, 0xa2, 0xbc,
    0xa0, 0xd2, 0x29, 0x40, 0xf0, 0x04, 0xa2, 0xbd, 0xa0, 0x04, 0x86, 0xa4,
    0x84, 0xa3, 0xa2, 0x04, 0xa0, 0x00, 0x20, 0xa3, 0x8e, 0x68, 0x48, 0x29,
    0x30, 0xf0, 0x1b, 0x29, 0x10, 0xd0, 0x08, 0xa9, 0xbd, 0xa2, 0x36, 0xa0,
    0x07, 0xd0, 0x06, 0xa9, 0xbd, 0xa2, 0x5f, 0xa0, 0x03, 0x85, 0xa4, 0x86,
    0xa3, 0xa2, 0x0c, 0x20, 0xa3, 0x8e, 0x68, 0x48, 0x29, 0x0c, 0xf0, 0x1b,
    0x29, 0x04, 0xd0, 0x08, 0xa9, 0x0b, 0xa2, 0xf7, 0xa0, 0x07, 0xd0, 0x06,
    0xa9, 0x0b, 0xa2, 0xc2, 0xa0, 0x03, 0x85, 0xa4, 0x86, 0xa3, 0xa2, 0x00,
    0x20, 0xa3, 0x8e, 0x68, 0x29, 0x03, 0x48, 0xa8, 0xb9, 0xc6, 0x8e, 0x85,
    0xa4, 0xb9, 0xc2, 0x8e, 0x85, 0xa3, 0xa2, 0x0c, 0x20, 0xa1, 0x8e, 0x68,
    0xa8, 0xb9, 0xce, 0x8e, 0x85, 0xa4, 0xb9, 0xca, 0x8e, 0x85, 0xa3, 0xa2,
    0x00, 0xa0, 0x14, 0x18, 0x8a, 0x6d, 0x25, 0x18, 0xaa, 0x18, 0x98, 0x6d,
    0x26, 0x18, 0xa8, 0xad, 0x1f, 0x0e, 0xd0, 0x03, 0x4c, 0xb9, 0xaa, 0xa5,
    0xa3, 0x85, 0x96, 0xa5, 0xa4, 0x85, 0x97, 0x4c, 0x7b, 0xa9, 0x6e, 0x94,
    0x94, 0xba, 0xb5, 0xbd, 0xbd, 0xbd, 0x6e, 0x40, 0x20, 0x40, 0xb5, 0x0c,
    0x0c, 0x0c, 0xa5, 0x69, 0x30, 0x25, 0xae, 0x38, 0x0e, 0x10, 0x21, 0xc6,
    0xc0, 0x10, 0x1c, 0xbd, 0x14, 0x8f, 0x48, 0xbd, 0x10, 0x8f, 0x20, 0x1b,
    0x8e, 0x68, 0x20, 0x1b, 0x8e, 0xee, 0x38, 0x0e, 0xf0, 0x09, 0xa9, 0x14,
    0x85, 0xc0, 0xa9, 0x18, 0x8d, 0xbc, 0x0e, 0x60, 0xa5, 0xb9, 0xf0, 0x10,
    0xa5, 0xb7, 0xc9, 0xc8, 0xd0, 0xf5, 0xa9, 0xfc, 0x8d, 0x38, 0x0e, 0xa9,
    0x00, 0x85, 0xc0, 0x60, 0x8a, 0xd0, 0x5f, 0xad, 0x2a, 0x0e, 0xd0, 0x4e,
    0xa4, 0xce, 0xb9, 0xe9, 0x83, 0x8d, 0x2a, 0x0e, 0xad, 0x28, 0x0e, 0xd9,
    0xee, 0x83, 0xb0, 0x3e, 0xa2, 0x00, 0x86, 0xc0, 0xad, 0x30, 0x0e, 0xd0,
    0x0a, 0xbe, 0x36, 0x8f, 0xd0, 0x29, 0x09, 0x0d, 0x0f, 0x4f, 0x4f, 0xad,
    0x0a, 0xd2, 0xd9, 0xe4, 0x83, 0xb0, 0x11, 0xad, 0x0a, 0xd2, 0x29, 0x04,
    0xf0, 0x07, 0xad, 0x0a, 0xd2, 0x29, 0x42, 0x09, 0x04, 0x09, 0x01, 0xaa,
    0xad, 0x30, 0x0e, 0x29, 0x07, 0xd0, 0x04, 0x8a, 0x09, 0x08, 0xaa, 0x8e,
    0x3a, 0x0e, 0xee, 0x38, 0x0e, 0x60, 0xad, 0x30, 0x0e, 0x29, 0x07, 0xc9,
    0x06, 0xd0, 0xf6, 0x4c, 0x06, 0x8f, 0xc6, 0xc0, 0x10, 0xef, 0xad, 0x39,
    0x0e, 0xf0, 0x06, 0x20, 0x1b, 0x8e, 0xae, 0x38, 0x0e, 0xbd, 0x13, 0x90,
    0xf0, 0x10, 0x85, 0xa4, 0xbd, 0x17, 0x90, 0x85, 0xa3, 0xae, 0x25, 0x18,
    0xac, 0x26, 0x18, 0x20, 0xb9, 0xaa, 0xae, 0x38, 0x0e, 0xe0, 0x03, 0xd0,
    0x0d, 0xad, 0x3a, 0x0e, 0x29, 0x01, 0xf0, 0x06, 0xee, 0x38, 0x0e, 0x20,
    0xdf, 0x8f, 0xee, 0x38, 0x0e, 0xa9, 0x14, 0x85, 0xc0, 0xae, 0x38, 0x0e,
    0xbd, 0x17, 0x90, 0xbc, 0x13, 0x90, 0xd0, 0x06, 0x20, 0x1b, 0x8e, 0x4c,
    0xcf, 0x8f, 0x85, 0xa3, 0x84, 0xa4, 0xae, 0x25, 0x18, 0xac, 0x26, 0x18,
    0x20, 0xb9, 0xaa, 0xad, 0x38, 0x0e, 0xc9, 0x04, 0xf0, 0x09, 0x90, 0x8d,
    0xa9, 0x00, 0x8d, 0x38, 0x0e, 0xf0, 0x86, 0x20, 0x89, 0x91, 0xb0, 0x81,
    0xa0, 0x13, 0xad, 0x3a, 0x0e, 0x29, 0x01, 0xf0, 0x02, 0xa0, 0x15, 0x98,
    0x9d, 0x40, 0x03, 0xa9, 0x04, 0x9d, 0xab, 0x0e, 0xa9, 0x00, 0x9d, 0x8b,
    0x0e, 0xad, 0x3a, 0x0e, 0x9d, 0x5b, 0x0e, 0xee, 0x28, 0x0e, 0xee, 0x30,
    0x0e, 0x4c, 0x77, 0x91, 0xa1, 0x3a, 0x2f, 0xf2, 0xf2, 0x2f, 0x3a, 0xa1,
    0x00, 0x0b, 0x00, 0xbd, 0x00, 0x00, 0xa9, 0xda, 0xa9, 0xa5, 0xb9, 0xc9,
    0x00, 0xd0, 0x19, 0xad, 0x2f, 0x0e, 0xd0, 0x03, 0x4c, 0xf0, 0x90, 0xa9,
    0x00, 0x8d, 0x2f, 0x0e, 0x85, 0x52, 0xa9, 0x80, 0x85, 0x50, 0xa9, 0x03,
    0x85, 0x53, 0xd0, 0x60, 0xc9, 0x01, 0xd0, 0x3d, 0xad, 0x2b, 0x0e, 0xd0,
    0xe3, 0xa9, 0x08, 0x85, 0x50, 0xad, 0x0a, 0xd2, 0x29, 0x07, 0xc9, 0x05,
    0x90, 0x05, 0xad, 0x0a, 0xd2, 0x29, 0x03, 0x85, 0x52, 0xa8, 0xa5, 0x6f,
    0xc9, 0x0d, 0xb0, 0x08, 0xb9, 0x77, 0x90, 0x85, 0x53, 0x4c, 0x9c, 0x90,
    0xb9, 0x70, 0x90, 0x85, 0x53, 0x4c, 0x9c, 0x90, 0x00, 0x01, 0x02, 0x03,
    0x04, 0x05, 0x06, 0x19, 0x18, 0x17, 0x16, 0x15, 0x14, 0xc9, 0x03, 0xd0,
    0x6f, 0xad, 0x2b, 0x0e, 0xd0, 0x6a, 0xa9, 0x00, 0x85, 0x50, 0xa9, 0x03,
    0x85, 0x52, 0xa9, 0x0b, 0x85, 0x53, 0xa5, 0x6f, 0xc9, 0x0d, 0x90, 0x04,
    0xa9, 0x80, 0x85, 0x50, 0xa4, 0xce, 0xb9, 0x02, 0x84, 0x8d, 0x2b, 0x0e,
    0xad, 0x29, 0x0e, 0xd9, 0x07, 0x84, 0xb0, 0x44, 0xad, 0x0a, 0xd2, 0xd9,
    0xfd, 0x83, 0xb0, 0x09, 0xad, 0x0a, 0xd2, 0x29, 0x30, 0x05, 0x50, 0x85,
    0x50, 0x20, 0x89, 0x91, 0xb0, 0x2e, 0xa5, 0x50, 0x9d, 0x5b, 0x0e, 0xa5,
    0x53, 0x9d, 0x40, 0x03, 0xa5, 0x52, 0x9d, 0xab, 0x0e, 0xa9, 0x01, 0x9d,
    0x8b, 0x0e, 0x18, 0xbc, 0xab, 0x0e, 0xb9, 0x42, 0x80, 0x7d, 0x40, 0x03,
    0xa8, 0xb9, 0xc7, 0x18, 0x38, 0xe9, 0x20, 0x9d, 0x80, 0x03, 0x20, 0x77,
    0x91, 0xee, 0x29, 0x0e, 0xa5, 0xb9, 0xc9, 0x02, 0xd0, 0x43, 0xad, 0x2c,
    0x0e, 0xd0, 0x3e, 0x20, 0x89, 0x91, 0xb0, 0x39, 0xa4, 0xce, 0xb9, 0x0b,
    0x84, 0x8d, 0x2c, 0x0e, 0xa9, 0x03, 0x9d, 0xab, 0x0e, 0xa9, 0x03, 0x9d,
    0x8b, 0x0e, 0xad, 0x49, 0x80, 0x9d, 0x60, 0x03, 0xa9, 0x00, 0x9d, 0x40,
    0x03, 0xa9, 0x30, 0x9d, 0x80, 0x03, 0xa9, 0x80, 0x9d, 0x5b, 0x0e, 0xad,
    0x2e, 0x0e, 0x29, 0x03, 0xa8, 0xb9, 0x10, 0x84, 0x9d, 0x7b, 0x0e, 0xee,
    0x2e, 0x0e, 0x20, 0x77, 0x91, 0xa6, 0xb9, 0xe0, 0x03, 0xd0, 0x37, 0xad,
    0x2d, 0x0e, 0xd0, 0x32, 0xbd, 0x12, 0x84, 0x8d, 0x2d, 0x0e, 0x20, 0x89,
    0x91, 0xb0, 0x27, 0xa9, 0x02, 0x9d, 0x8b, 0x0e, 0xad, 0x0a, 0xd2, 0x10,
    0x08, 0xa0, 0x01, 0xa5, 0xbf, 0x30, 0x0b, 0x10, 0x05, 0xa0, 0x03, 0x0a,
    0x10, 0x04, 0xa9, 0x00, 0xf0, 0x02, 0xa9, 0x19, 0x9d, 0x40, 0x03, 0x98,
    0x9d, 0xab, 0x0e, 0x20, 0x77, 0x91, 0x60, 0xa9, 0x00, 0x9d, 0x4b, 0x0e,
    0xa5, 0xb7, 0x69, 0x80, 0x9d, 0x9b, 0x0e, 0xa9, 0x0d, 0x9d, 0x3b, 0x0e,
    0x60, 0x18, 0xa2, 0x0f, 0xbd, 0x3b, 0x0e, 0xf0, 0x04, 0xca, 0xd0, 0xf8,
    0x38, 0x60, 0x48, 0xa5, 0x81, 0x30, 0x13, 0xd0, 0x05, 0xad, 0xc4, 0x02,
    0xd0, 0x03, 0xad, 0xc6, 0x02, 0x45, 0x4f, 0x25, 0x4e, 0xe6, 0x81, 0x8d,
    0x18, 0xd0, 0x68, 0x40, 0x48, 0x98, 0x48, 0xa4, 0x81, 0xb9, 0x0d, 0x18,
    0x8d, 0x03, 0xd0, 0xe6, 0x81, 0x91, 0xb7, 0x68, 0xa8, 0x68, 0x40, 0xa2,
    0x01, 0x86, 0x83, 0xca, 0x86, 0x81, 0xa5, 0x7e, 0x8d, 0x0e, 0xd4, 0xad,
    0x0c, 0x18, 0x8d, 0x03, 0xd0, 0xa9, 0xfe, 0xe6, 0x14, 0xd0, 0x06, 0xe6,
    0x13, 0xe6, 0x4d, 0x10, 0x0a, 0xa4, 0x4d, 0x10, 0x06, 0xa9, 0xf6, 0x85,
    0x4d, 0xa6, 0x13, 0x85, 0x4e, 0x86, 0x4f, 0xa5, 0x7d, 0x30, 0x10, 0xc6,
    0x7d, 0x10, 0x0c, 0xa5, 0x67, 0xf0, 0x08, 0xad, 0x20, 0x0e, 0x49, 0xff,
    0x8d, 0x20, 0x0e, 0xa2, 0x08, 0xbd, 0xc0, 0x02, 0x45, 0x4f, 0x25, 0x4e,
    0x9d, 0x12, 0xd0, 0xca, 0x10, 0xf3, 0xad, 0x30, 0x02, 0x8d, 0x02, 0xd4,
    0xad, 0x31, 0x02, 0x8d, 0x03, 0xd4, 0xa5, 0x7e, 0x8d, 0x0e, 0xd4, 0xad,
    0x10, 0xd0, 0x8d, 0x84, 0x02, 0xad, 0x11, 0xd0, 0x8d, 0x85, 0x02, 0xa5,
    0x82, 0xf0, 0x0b, 0xa6, 0xcd, 0xbd, 0x84, 0x02, 0xf0, 0x04, 0xa9, 0x00,
    0x85, 0x82, 0xad, 0x00, 0xd3, 0xaa, 0x29, 0x0f, 0x8d, 0x78, 0x02, 0x8a,
    0x4a, 0x4a, 0x4a, 0x4a, 0x8d, 0x79, 0x02, 0xad, 0x20, 0x0e, 0xf0, 0x06,
    0x20, 0xfa, 0xb1, 0x4c, 0x62, 0xe4, 0xc6, 0x66, 0x30, 0x18, 0xa4, 0x8b,
    0x91, 0x7f, 0xa2, 0x03, 0x86, 0x4d, 0xbd, 0x2a, 0x0e, 0xf0, 0x03, 0xde,
    0x2a, 0x0e, 0xca, 0x10, 0xf5, 0xe6, 0xb7, 0x20, 0x40, 0x96, 0x20, 0x7e,
    0x92, 0xe6, 0x66, 0x4c, 0x62, 0xe4, 0xa9, 0x00, 0x8d, 0xcc, 0x0e, 0x8d,
    0xce, 0x0e, 0x8d, 0xd0, 0x0e, 0x8d, 0xd2, 0x0e, 0xa2, 0x0f, 0x8e, 0x06,
    0x0e, 0xae, 0x06, 0x0e, 0xbd, 0xbb, 0x0e, 0xf0, 0x03, 0x20, 0xad, 0x92,
    0xce, 0x06, 0x0e, 0x10, 0xf0, 0xa2, 0x07, 0xbd, 0xcb, 0x0e, 0x9d, 0x00,
    0xd2, 0xca, 0x10, 0xf7, 0x60, 0x18, 0xa9, 0xbe, 0x7d, 0x0e, 0xb5, 0x85,
    0xb2, 0xa9, 0x92, 0x69, 0x00, 0x85, 0xb3, 0x6c, 0xb2, 0x00, 0xa9, 0xa8,
    0x8d, 0xcc, 0x0e, 0x8d, 0xce, 0x0e, 0xce, 0x18, 0x0e, 0x10, 0x14, 0xce,
    0xca, 0x0e, 0xf0, 0x26, 0xae, 0xca, 0x0e, 0xbd, 0x1d, 0x1c, 0x8d, 0x18,
    0x0e, 0xbd, 0x17, 0x1c, 0x8d, 0xcb, 0x0e, 0xce, 0x1a, 0x0e, 0x10, 0x12,
    0xce, 0xd6, 0x0e, 0xae, 0xd6, 0x0e, 0xbd, 0x3d, 0x1c, 0x8d, 0x1a, 0x0e,
    0xbd, 0x23, 0x1c, 0x8d, 0xcd, 0x0e, 0x60, 0xa2, 0x00, 0xa0, 0xde, 0xa9,
    0xb4, 0x20, 0xb7, 0x93, 0xa2, 0x02, 0xa0, 0xe6, 0xa9, 0xb4, 0x20, 0xb7,
    0x93, 0x8d, 0xc9, 0x0e, 0x60, 0xa2, 0x00, 0xa0, 0xee, 0xa9, 0xb4, 0x20,
    0xb7, 0x93, 0xa2, 0x02, 0xa0, 0xf6, 0xa9, 0xb4, 0x20, 0xb7, 0x93, 0x8d,
    0xc6, 0x0e, 0x60, 0xde, 0xbb, 0x0e, 0xbd, 0x2e, 0xb5, 0x85, 0xaa, 0xbd,
    0x1e, 0xb5, 0x85, 0xab, 0xbd, 0x4e, 0xb5, 0x85, 0xac, 0xbd, 0x3e, 0xb5,
    0x85, 0xad, 0xbc, 0xbb, 0x0e, 0xbd, 0x5e, 0xb5, 0xaa, 0xb1, 0xaa, 0x9d,
    0xcb, 0x0e, 0xb1, 0xac, 0x9d, 0xcc, 0x0e, 0xae, 0x06, 0x0e, 0x60, 0xad,
    0xd7, 0x0e, 0x8d, 0xcf, 0x0e, 0xad, 0xd8, 0x0e, 0x8d, 0xd0, 0x0e, 0xee,
    0xd5, 0x0e, 0xad, 0xd5, 0x0e, 0x29, 0x07, 0xd0, 0x03, 0xee, 0xd8, 0x0e,
    0xee, 0xd7, 0x0e, 0x38, 0xad, 0xd7, 0x0e, 0xe9, 0x66, 0xd0, 0x03, 0x8d,
    0xc0, 0x0e, 0x60, 0xa2, 0x04, 0xa0, 0xfe, 0xa9, 0xb4, 0x20, 0xb7, 0x93,
    0xa2, 0x06, 0xa0, 0x06, 0xa9, 0xb5, 0x20, 0xb7, 0x93, 0x8d, 0xbe, 0x0e,
    0x60, 0xa2, 0x02, 0xfe, 0x06, 0x0e, 0x30, 0x13, 0xbc, 0x06, 0x0e, 0xc0,
    0x45, 0xb0, 0x13, 0xb9, 0xdb, 0x1f, 0x9d, 0xcb, 0x0e, 0xb9, 0xa7, 0x1d,
    0x9d, 0xcc, 0x0e, 0xe8, 0xe8, 0xe0, 0x08, 0x90, 0xe2, 0x60, 0x8a, 0xe9,
    0x06, 0x8d, 0xc1, 0x0e, 0x4c, 0xa7, 0x93, 0xde, 0x18, 0x0e, 0x10, 0x2a,
    0x84, 0xb2, 0x85, 0xb3, 0xa0, 0x07, 0xb1, 0xb2, 0x99, 0xaa, 0x00, 0x88,
    0x10, 0xf8, 0xde, 0x07, 0x0e, 0x30, 0x35, 0xbc, 0x07, 0x0e, 0xb1, 0xaa,
    0x9d, 0x0f, 0x0e, 0xb1, 0xac, 0x9d, 0x10, 0x0e, 0xb1, 0xae, 0x9d, 0x18,
    0x0e, 0xb1, 0xb0, 0x9d, 0x17, 0x0e, 0xde, 0x17, 0x0e, 0x10, 0x0a, 0xbd,
    0x10, 0x0e, 0x29, 0x0f, 0xf0, 0x03, 0xde, 0x10, 0x0e, 0xbd, 0x0f, 0x0e,
    0x9d, 0xcb, 0x0e, 0xbd, 0x10, 0x0e, 0x9d, 0xcc, 0x0e, 0xa9, 0x01, 0x60,
    0xa9, 0x00, 0x60, 0xa9, 0x00, 0xa2, 0x00, 0x20, 0x31, 0xac, 0xa9, 0x05,
    0x85, 0x53, 0x20, 0xc8, 0x96, 0xa9, 0x9c, 0x85, 0x96, 0xa9, 0xbe, 0xa2,
    0x88, 0xa0, 0x23, 0x20, 0x79, 0xa9, 0xa0, 0x1d, 0x8c, 0x26, 0x18, 0xa2,
    0x18, 0x8e, 0x25, 0x18, 0x20, 0x14, 0x8e, 0xa9, 0x07, 0x8d, 0xca, 0x0e,
    0xa9, 0x1b, 0x8d, 0xd6, 0x0e, 0xe6, 0x66, 0xad, 0xca, 0x0e, 0xd0, 0xfb,
    0x20, 0xf4, 0xaf, 0xa9, 0x04, 0x85, 0xc9, 0xa9, 0x04, 0x85, 0x53, 0xa9,
    0x08, 0x85, 0xc8, 0xa9, 0x01, 0xa2, 0x02, 0x20, 0x3d, 0x95, 0xa9, 0x18,
    0x8d, 0xbc, 0x0e, 0x20, 0xc8, 0x96, 0xa6, 0x53, 0x20, 0xc7, 0xae, 0xa9,
    0x1a, 0xa2, 0x00, 0xa4, 0x53, 0xc6, 0x53, 0x20, 0xf4, 0xad, 0xc6, 0xc9,
    0x10, 0xd9, 0xa9, 0x21, 0x20, 0xe0, 0xb1, 0xa9, 0x80, 0x20, 0x1b, 0x8e,
    0xa9, 0xc0, 0x20, 0x1b, 0x8e, 0xa9, 0x03, 0x85, 0xc9, 0xa9, 0x11, 0x8d,
    0xbf, 0x0e, 0xa9, 0x2e, 0x20, 0xe0, 0xb1, 0xc6, 0xc9, 0xd0, 0xf2, 0xa9,
    0x00, 0x85, 0x66, 0x4c, 0xe8, 0xb1, 0xe0, 0x03, 0xd0, 0x04, 0xa9, 0x7c,
    0x85, 0x6b, 0xbd, 0x39, 0x95, 0x20, 0xb1, 0xa6, 0xc6, 0x69, 0x20, 0x45,
    0x8d, 0xa9, 0x5e, 0x85, 0x96, 0xa9, 0xb6, 0xa6, 0x6b, 0xa0, 0x00, 0x20,
    0x79, 0xa9, 0xa5, 0xb9, 0xc9, 0x03, 0xf0, 0x03, 0x20, 0x1c, 0x95, 0xa5,
    0xb9, 0xd0, 0x10, 0xa9, 0x9c, 0x85, 0x96, 0xa9, 0xbe, 0xa0, 0x2b, 0xa2,
    0x18, 0x20, 0x24, 0xb1, 0x20, 0x2b, 0x95, 0xa2, 0x01, 0xa9, 0x04, 0x8d,
    0xbe, 0x0e, 0x8d, 0x0b, 0x0e, 0x8d, 0x0d, 0x0e, 0xa9, 0x2d, 0x20, 0xe0,
    0xb1, 0xca, 0x10, 0xed, 0xa5, 0xb9, 0xd0, 0x06, 0x20, 0x2b, 0x95, 0x4c,
    0xfd, 0x94, 0xc9, 0x03, 0xd0, 0x03, 0x20, 0x1c, 0x95, 0xa9, 0x72, 0x85,
    0x96, 0xa9, 0xb6, 0x85, 0x97, 0xa6, 0x6b, 0xa0, 0x00, 0x20, 0x73, 0xa9,
    0xe6, 0x6e, 0x20, 0xb3, 0xa6, 0x20, 0xe1, 0x96, 0xa9, 0xe9, 0x20, 0x1b,
    0x8e, 0x4c, 0x81, 0x94, 0xae, 0x23, 0x18, 0xac, 0x24, 0x18, 0xa9, 0x9c,
    0x85, 0xa3, 0xa9, 0xbe, 0x4c, 0xb7, 0xaa, 0xac, 0x24, 0x18, 0xa2, 0x58,
    0xa9, 0x2b, 0x85, 0xa3, 0xa9, 0x18, 0x4c, 0xb7, 0xaa, 0x10, 0x10, 0x0d,
    0x0d, 0x86, 0xca, 0x8d, 0x1f, 0x0e, 0xad, 0x1f, 0x0e, 0xd0, 0xfb, 0x60,
    0xa9, 0x0f, 0x8d, 0xc6, 0x0e, 0x8d, 0x07, 0x0e, 0x8d, 0x09, 0x0e, 0xa9,
    0xf8, 0x85, 0x96, 0xa9, 0x96, 0xa2, 0x28, 0xa0, 0x09, 0x20, 0xf8, 0xa9,
    0xa9, 0x04, 0x85, 0x55, 0xa9, 0xba, 0x85, 0x54, 0xa9, 0x8c, 0x85, 0x96,
    0xa9, 0xb5, 0x85, 0x97, 0xa2, 0x2e, 0x86, 0x56, 0xa2, 0x0c, 0x86, 0x57,
    0xa6, 0x56, 0xa4, 0x54, 0x20, 0x7b, 0xa9, 0x18, 0xa5, 0x56, 0x69, 0x06,
    0x85, 0x56, 0xc6, 0x57, 0xd0, 0xee, 0x38, 0xa5, 0x54, 0xe9, 0x06, 0x85,
    0x54, 0xc6, 0x55, 0xd0, 0xdb, 0xa9, 0x00, 0x8d, 0x39, 0x0e, 0x85, 0x52,
    0xa9, 0xef, 0x20, 0x1b, 0x8e, 0xa9, 0x1e, 0x20, 0xe0, 0xb1, 0x4c, 0xc0,
    0x95, 0xa6, 0x52, 0xbd, 0x3e, 0x96, 0xca, 0x10, 0x02, 0xa2, 0x01, 0x86,
    0x52, 0x20, 0x1b, 0x8e, 0xa6, 0x52, 0xbd, 0x3e, 0x96, 0x20, 0x1b, 0x8e,
    0xa9, 0x0f, 0x20, 0xe0, 0xb1, 0xad, 0xc6, 0x0e, 0xd0, 0xdf, 0xad, 0x39,
    0x0e, 0x20, 0x1b, 0x8e, 0xa9, 0xa9, 0x20, 0x1b, 0x8e, 0x18, 0xad, 0x26,
    0x18, 0x69, 0x3e, 0x85, 0x8e, 0xa9, 0x1f, 0x85, 0x91, 0xa9, 0x06, 0x85,
    0x92, 0xac, 0x26, 0x18, 0xb9, 0x00, 0x11, 0x85, 0x97, 0xb9, 0x00, 0x10,
    0x85, 0x96, 0xa4, 0x8e, 0xb9, 0x00, 0x11, 0x85, 0x95, 0xb9, 0x00, 0x10,
    0x85, 0x94, 0xa0, 0x12, 0xb1, 0x96, 0x91, 0x94, 0xa9, 0x00, 0x91, 0x96,
    0xc8, 0xc6, 0x92, 0xd0, 0xf3, 0xc6, 0x8e, 0xee, 0x26, 0x18, 0xc6, 0x91,
    0xd0, 0xcb, 0xe6, 0x66, 0xa9, 0x16, 0x8d, 0xd7, 0x0e, 0xa9, 0xa3, 0x8d,
    0xd8, 0x0e, 0xa2, 0x00, 0x8e, 0xd5, 0x0e, 0xe8, 0xe8, 0x8e, 0xc0, 0x0e,
    0x8a, 0x20, 0x3d, 0x95, 0xa9, 0x18, 0x8d, 0xbc, 0x0e, 0xa9, 0x3c, 0x20,
    0xe0, 0xb1, 0x4c, 0x93, 0x94, 0x60, 0x2f, 0x3a, 0xae, 0x1f, 0x0e, 0xf0,
    0xf8, 0xc6, 0xca, 0x10, 0xf4, 0xca, 0xd0, 0x1f, 0xc6, 0xc8, 0x30, 0x24,
    0x20, 0xe1, 0x96, 0xa6, 0xc8, 0xbc, 0xf0, 0x96, 0x8c, 0x26, 0x18, 0xae,
    0x25, 0x18, 0xe8, 0xe8, 0x8e, 0x25, 0x18, 0x20, 0x14, 0x8e, 0xa2, 0x02,
    0x86, 0xca, 0x60, 0xac, 0x26, 0x18, 0xc8, 0xc8, 0xc0, 0x89, 0x90, 0x06,
    0xa9, 0x00, 0x8d, 0x1f, 0x0e, 0x60, 0x8c, 0x26, 0x18, 0x98, 0x69, 0x1f,
    0x85, 0x8e, 0xa8, 0x88, 0x88, 0x84, 0x50, 0xa9, 0x20, 0x85, 0x91, 0xa9,
    0x06, 0x85, 0x92, 0xa4, 0x50, 0xb9, 0x00, 0x11, 0x85, 0x97, 0xb9, 0x00,
    0x10, 0x85, 0x96, 0xa4, 0x8e, 0xb9, 0x00, 0x11, 0x85, 0x95, 0xb9, 0x00,
    0x10, 0x85, 0x94, 0xa0, 0x12, 0xb1, 0x96, 0x91, 0x94, 0xa5, 0x91, 0xc9,
    0x03, 0xb0, 0x04, 0xa9, 0x00, 0x91, 0x96, 0xc8, 0xc6, 0x92, 0xd0, 0xed,
    0xc6, 0x8e, 0xc6, 0x50, 0xc6, 0x91, 0xd0, 0xc7, 0xa2, 0x01, 0xd0, 0xa0,
    0xa9, 0x28, 0x85, 0x54, 0xa9, 0x06, 0x85, 0x55, 0xa9, 0x54, 0x85, 0x96,
    0xa4, 0x53, 0xbe, 0x42, 0x80, 0xbc, 0xc7, 0x18, 0xa9, 0x00, 0xaa, 0xf0,
    0x0c, 0xa9, 0xda, 0x85, 0x96, 0xa9, 0xbd, 0xac, 0x26, 0x18, 0xae, 0x25,
    0x18, 0x4c, 0xf8, 0xa9, 0x1d, 0x1a, 0x18, 0x17, 0x16, 0x17, 0x18, 0x1a,
    0x15, 0xb6, 0xa6, 0x84, 0x86, 0x8d, 0xe8, 0xe0, 0x10, 0x90, 0x02, 0xa2,
    0x01, 0x86, 0x84, 0xa5, 0x83, 0xf0, 0x05, 0xa5, 0x8d, 0x85, 0x84, 0x60,
    0xa6, 0x8d, 0xe4, 0x84, 0xf0, 0xf5, 0xbd, 0x3b, 0x0e, 0x29, 0x01, 0xd0,
    0x03, 0x4c, 0x2a, 0x97, 0x38, 0xa5, 0xb7, 0xfd, 0x9b, 0x0e, 0xc9, 0x02,
    0xb0, 0x0b, 0xa6, 0x8d, 0xca, 0xd0, 0x02, 0xa2, 0x0f, 0x86, 0x8d, 0xd0,
    0xd2, 0xbd, 0x3b, 0x0e, 0x85, 0x86, 0xbd, 0x5b, 0x0e, 0x85, 0x85, 0xbd,
    0x6b, 0x0e, 0x85, 0x89, 0xbd, 0xab, 0x0e, 0x85, 0x88, 0xbd, 0x80, 0x03,
    0x85, 0x8a, 0xbd, 0x60, 0x03, 0x85, 0x8b, 0xbd, 0x40, 0x03, 0x85, 0x87,
    0xbd, 0x4b, 0x0e, 0x85, 0x8c, 0xa5, 0xb7, 0x9d, 0x9b, 0x0e, 0x18, 0xbc,
    0xab, 0x0e, 0xbd, 0x40, 0x03, 0x79, 0x42, 0x80, 0x85, 0x5a, 0xa8, 0xa9,
    0x00, 0x99, 0xff, 0x19, 0xbc, 0x8b, 0x0e, 0x20, 0x11, 0x98, 0x48, 0xa6,
    0x8d, 0xa5, 0x85, 0x9d, 0x5b, 0x0e, 0xa5, 0x89, 0x9d, 0x6b, 0x0e, 0xa5,
    0x88, 0x9d, 0xab, 0x0e, 0xa5, 0x8a, 0x9d, 0x80, 0x03, 0xa5, 0x8b, 0x9d,
    0x60, 0x03, 0xa5, 0x87, 0x9d, 0x40, 0x03, 0xa5, 0x8c, 0x9d, 0x4b, 0x0e,
    0xa5, 0x86, 0x9d, 0x3b, 0x0e, 0xf0, 0x0f, 0x18, 0xbc, 0xab, 0x0e, 0xbd,
    0x40, 0x03, 0x79, 0x42, 0x80, 0xa8, 0x8a, 0x99, 0xff, 0x19, 0x68, 0xd0,
    0x03, 0x4c, 0x2a, 0x97, 0xa5, 0x86, 0x29, 0x04, 0xd0, 0x1e, 0xbd, 0xb0,
    0x03, 0x85, 0x5c, 0xbd, 0x90, 0x03, 0xbc, 0xa0, 0x03, 0x20, 0x1a, 0x98,
    0xa6, 0x8d, 0xbd, 0x3b, 0x0e, 0xa8, 0x29, 0x08, 0xf0, 0x06, 0x98, 0x09,
    0x04, 0x9d, 0x3b, 0x0e, 0xa5, 0x8b, 0x9d, 0x90, 0x03, 0xa5, 0x8a, 0x9d,
    0xa0, 0x03, 0xa5, 0x89, 0x9d, 0xb0, 0x03, 0xbd, 0x3b, 0x0e, 0xa8, 0x29,
    0x08, 0xd0, 0x07, 0x98, 0x29, 0xf3, 0x9d, 0x3b, 0x0e, 0xa8, 0x98, 0x29,
    0x08, 0xd0, 0x0b, 0xa5, 0x89, 0x85, 0x5c, 0xa5, 0x8b, 0xa4, 0x8a, 0x20,
    0x1a, 0x98, 0x4c, 0x2a, 0x97, 0xb9, 0x14, 0x80, 0x48, 0xb9, 0x10, 0x80,
    0x48, 0x60, 0x85, 0x5b, 0x84, 0xa1, 0x29, 0x03, 0x0a, 0x85, 0x5a, 0xa5,
    0x5c, 0x0a, 0x0a, 0x0a, 0x05, 0x5a, 0xa8, 0xb9, 0x20, 0x84, 0x85, 0xa3,
    0xb9, 0x21, 0x84, 0x85, 0xa4, 0xa6, 0x5b, 0xa4, 0xa1, 0x4c, 0xb9, 0xaa,
    0x6c, 0x5c, 0x00, 0xa6, 0x8d, 0xa5, 0x8b, 0xdd, 0x90, 0x03, 0xd0, 0x0a,
    0xa5, 0x8a, 0xdd, 0xa0, 0x03, 0xd0, 0x03, 0xa9, 0x00, 0x60, 0xa9, 0x01,
    0x60, 0x18, 0xa4, 0x5a, 0x79, 0xc7, 0x18, 0x85, 0x8a, 0xa4, 0x87, 0xb9,
    0x49, 0x80, 0x85, 0x8b, 0xa5, 0x86, 0x29, 0xf7, 0x85, 0x86, 0x60, 0xa4,
    0x5a, 0xb9, 0x2b, 0x18, 0x29, 0x38, 0xf0, 0x0e, 0x48, 0xa4, 0x87, 0xa5,
    0x8b, 0x38, 0xf9, 0x49, 0x80, 0xc9, 0x02, 0x68, 0x90, 0x18, 0xa4, 0x5a,
    0xb9, 0x2c, 0x18, 0x29, 0x38, 0xf0, 0x10, 0x48, 0x38, 0xa4, 0x87, 0xc8,
    0xb9, 0x49, 0x80, 0xe5, 0x8b, 0xc9, 0x02, 0x68, 0xb0, 0x01, 0x60, 0x38,
    0x60, 0xa5, 0x86, 0xa8, 0x29, 0x04, 0xf0, 0x51, 0xa9, 0x00, 0x85, 0x86,
    0xce, 0x27, 0x0e, 0x98, 0x10, 0x44, 0xa5, 0x68, 0xd0, 0x24, 0xa5, 0x8b,
    0x85, 0xc3, 0xa5, 0x8a, 0x85, 0xc4, 0xa9, 0x0e, 0x85, 0xc1, 0xa9, 0x00,
    0x85, 0xc2, 0xe6, 0x68, 0xa9, 0xff, 0x8d, 0xc1, 0x0e, 0x8d, 0x08, 0x0e,
    0xa9, 0xf4, 0x8d, 0x0a, 0x0e, 0xa9, 0xef, 0x8d, 0x0c, 0x0e, 0xa9, 0x81,
    0xa4, 0x89, 0x10, 0x13, 0xbc, 0x8b, 0x0e, 0xb9, 0xfc, 0x98, 0x30, 0x0b,
    0xad, 0x0a, 0xd2, 0x29, 0x03, 0xd0, 0x02, 0x69, 0x01, 0x09, 0x80, 0x20,
    0x5c, 0x8b, 0xa9, 0x00, 0x60, 0xa5, 0x86, 0x09, 0x08, 0x85, 0x86, 0x60,
    0x80, 0x00, 0x00, 0x00, 0x00, 0x85, 0x5c, 0x84, 0x5d, 0xa5, 0x85, 0x30,
    0x18, 0x38, 0xbd, 0x50, 0x03, 0xe5, 0x5c, 0x9d, 0x50, 0x03, 0xa5, 0x8b,
    0xe5, 0x5d, 0xc9, 0xa0, 0x90, 0x02, 0xa9, 0x00, 0x85, 0x8b, 0x4c, 0x36,
    0x99, 0x18, 0xbd, 0x50, 0x03, 0x65, 0x5c, 0x9d, 0x50, 0x03, 0xa5, 0x8b,
    0x65, 0x5d, 0xc9, 0xa0, 0x90, 0x02, 0xa9, 0x9f, 0x85, 0x8b, 0xa4, 0x87,
    0x20, 0x4a, 0x99, 0xa6, 0x8d, 0x98, 0x85, 0x87, 0x18, 0xa4, 0x88, 0x79,
    0x42, 0x80, 0x85, 0x5a, 0xa8, 0x60, 0xc9, 0xd0, 0xb0, 0x26, 0xc9, 0xa0,
    0xb0, 0x1f, 0xaa, 0xc0, 0x9a, 0xb0, 0x1d, 0xc0, 0x1a, 0xb0, 0x16, 0x8a,
    0xd9, 0x49, 0x80, 0xb0, 0x04, 0x88, 0x4c, 0x53, 0x99, 0x38, 0xf9, 0x49,
    0x80, 0xc9, 0x06, 0x90, 0x06, 0xc8, 0x4c, 0x53, 0x99, 0xa0, 0x19, 0x60,
    0xa0, 0x00, 0x60, 0xc0, 0x03, 0xf0, 0x09, 0x88, 0xd0, 0x18, 0xa5, 0xbf,
    0x30, 0x0f, 0x10, 0x08, 0xc9, 0xd0, 0xb0, 0x04, 0xc9, 0x4c, 0xb0, 0x05,
    0xa9, 0x60, 0xa0, 0x00, 0x60, 0xa9, 0xa0, 0xa0, 0xff, 0x60, 0xa9, 0x00,
    0x60, 0xa5, 0x8c, 0xc9, 0x05, 0xf0, 0x1e, 0xa5, 0x86, 0x30, 0x0d, 0xa5,
    0x69, 0x10, 0x16, 0xa5, 0x73, 0xc9, 0x0f, 0x90, 0x03, 0xa9, 0x00, 0x60,
    0xa5, 0x86, 0x09, 0x08, 0x85, 0x86, 0xa9, 0x05, 0x85, 0x8c, 0xce, 0x28,
    0x0e, 0xa4, 0x8c, 0xb9, 0xce, 0x99, 0x48, 0xb9, 0xc8, 0x99, 0x48, 0x60,
    0xd3, 0xf9, 0xcb, 0xa7, 0x02, 0x9c, 0x99, 0x99, 0x9b, 0x9a, 0x9b, 0x98,
    0xa9, 0xf5, 0x20, 0x55, 0x98, 0xa0, 0x00, 0xa5, 0x85, 0x29, 0x08, 0xf0,
    0x02, 0xa0, 0x80, 0xa5, 0x85, 0x29, 0x01, 0xf0, 0x09, 0xa9, 0x04, 0x85,
    0x8c, 0x98, 0x09, 0x04, 0xd0, 0x05, 0xa9, 0x01, 0x85, 0x8c, 0x98, 0x85,
    0x89, 0x60, 0xa5, 0x88, 0xd0, 0x1d, 0xa5, 0x87, 0xc9, 0x03, 0xb0, 0x17,
    0xa9, 0x18, 0x8d, 0xbc, 0x0e, 0xa5, 0x85, 0x29, 0x08, 0xf0, 0x03, 0xee,
    0x2f, 0x0e, 0xa9, 0x05, 0x85, 0x8c, 0xce, 0x28, 0x0e, 0x8a, 0x60, 0x20,
    0x6b, 0x98, 0xb0, 0x2f, 0x84, 0x5e, 0x29, 0x20, 0xd0, 0x29, 0xa5, 0x88,
    0xcd, 0x32, 0x0e, 0x90, 0x22, 0xf0, 0x20, 0xa4, 0xce, 0xad, 0x0a, 0xd2,
    0xd9, 0xdf, 0x83, 0xb0, 0x16, 0xa5, 0x5e, 0x85, 0x87, 0xa8, 0xb9, 0x49,
    0x80, 0x38, 0xe9, 0x02, 0x85, 0x8b, 0xa9, 0x02, 0x85, 0x8c, 0xc6, 0x88,
    0x4c, 0x06, 0x9c, 0xa9, 0xc0, 0xa0, 0x01, 0x20, 0x01, 0x99, 0x38, 0xb9,
    0xc7, 0x18, 0xe9, 0x0b, 0x85, 0x8a, 0xde, 0x7b, 0x0e, 0x30, 0x0e, 0xbd,
    0x7b, 0x0e, 0x29, 0x04, 0xf0, 0x0a, 0xc6, 0x8a, 0xc6, 0x8a, 0x4c, 0x74,
    0x9a, 0xfe, 0x7b, 0x0e, 0xa4, 0x5a, 0xb9, 0x2b, 0x18, 0x29, 0x07, 0xd0,
    0x18, 0x38, 0xa4, 0x87, 0xa5, 0x8b, 0xf9, 0x49, 0x80, 0xc9, 0x03, 0xb0,
    0x0c, 0xa9, 0x03, 0x85, 0x8c, 0xa9, 0x14, 0x9d, 0x7b, 0x0e, 0xc6, 0x88,
    0x60, 0xa5, 0x89, 0x29, 0xfc, 0x85, 0x5c, 0xa5, 0x8b, 0x4a, 0x4a, 0x29,
    0x03, 0x05, 0x5c, 0x85, 0x89, 0x4c, 0x3f, 0x98, 0x38, 0xa4, 0x5a, 0xb9,
    0xc7, 0x18, 0xe5, 0x8a, 0xc9, 0x0e, 0xb0, 0x29, 0xa9, 0x00, 0x99, 0xff,
    0x19, 0xa5, 0x88, 0xcd, 0x32, 0x0e, 0xb0, 0x0d, 0xa5, 0x85, 0x29, 0x08,
    0xd0, 0x07, 0xce, 0x28, 0x0e, 0xa9, 0x05, 0xd0, 0x0d, 0xa9, 0x18, 0x9d,
    0x7b, 0x0e, 0xa5, 0x85, 0x49, 0x80, 0x85, 0x85, 0xa9, 0x01, 0x85, 0x8c,
    0x60, 0xa9, 0xe0, 0xa0, 0x00, 0x20, 0x01, 0x99, 0xa9, 0x00, 0x85, 0x5c,
    0x18, 0xbd, 0x7b, 0x0e, 0x69, 0x0a, 0x9d, 0x7b, 0x0e, 0x0a, 0x26, 0x5c,
    0x7d, 0x70, 0x03, 0x9d, 0x70, 0x03, 0xa5, 0x8a, 0x65, 0x5c, 0x85, 0x8a,
    0x4c, 0x95, 0x9a, 0x38, 0xa4, 0x5a, 0xb9, 0xc7, 0x18, 0xe5, 0x8a, 0xa4,
    0x88, 0xd0, 0x16, 0xc9, 0x0b, 0xb0, 0x12, 0xa9, 0x0c, 0x9d, 0x7b, 0x0e,
    0xa9, 0x01, 0x85, 0x8c, 0xa5, 0x85, 0x29, 0x7f, 0x85, 0x85, 0x4c, 0xe2,
    0x9b, 0xc9, 0x0b, 0xb0, 0x07, 0xa9, 0x80, 0xa0, 0x00, 0x4c, 0x34, 0x9b,
    0xa9, 0x40, 0xa0, 0x02, 0x85, 0x5c, 0x84, 0x5d, 0x38, 0xa4, 0x5a, 0xb9,
    0xc7, 0x18, 0xe5, 0x8a, 0xc9, 0x06, 0xb0, 0x3b, 0xa4, 0x5a, 0xa9, 0x00,
    0x99, 0xff, 0x19, 0xc6, 0x88, 0x18, 0xa4, 0x88, 0xa5, 0x87, 0x79, 0x42,
    0x80, 0x85, 0x5a, 0xa5, 0x85, 0x29, 0x04, 0xf0, 0x10, 0xa4, 0xce, 0xad,
    0x0a, 0xd2, 0xd9, 0xdf, 0x83, 0xb0, 0x06, 0xa5, 0x85, 0x49, 0x80, 0x85,
    0x85, 0xa5, 0x85, 0x29, 0x40, 0xf0, 0x0c, 0xad, 0x0a, 0xd2, 0x29, 0x02,
    0x45, 0x85, 0x85, 0x85, 0x4c, 0x7f, 0x9b, 0x18, 0xbd, 0x70, 0x03, 0x65,
    0x5c, 0x9d, 0x70, 0x03, 0xa5, 0x8a, 0x65, 0x5d, 0x85, 0x8a, 0xa5, 0x85,
    0xa8, 0x29, 0x04, 0xf0, 0x24, 0xa5, 0x8b, 0xcd, 0x49, 0x80, 0x90, 0x04,
    0xc9, 0x96, 0x90, 0x06, 0xa5, 0x85, 0x49, 0x80, 0x85, 0x85, 0x98, 0x29,
    0x02, 0xd0, 0x07, 0xa9, 0x80, 0xa0, 0x01, 0x4c, 0xb6, 0x9b, 0xa9, 0xa0,
    0xa0, 0x00, 0x20, 0x01, 0x99, 0xa5, 0x8a, 0x4a, 0x4a, 0x29, 0x03, 0x85,
    0x5c, 0xa5, 0x89, 0x29, 0xfc, 0x05, 0x5c, 0x85, 0x89, 0x4c, 0x3f, 0x98,
    0x38, 0xa4, 0x5a, 0xb9, 0xc7, 0x18, 0xe5, 0x8a, 0xc9, 0x0e, 0xb0, 0x12,
    0xa9, 0x01, 0x85, 0x8c, 0xa5, 0x85, 0x49, 0x80, 0x85, 0x85, 0xa5, 0x89,
    0x29, 0x80, 0x85, 0x89, 0x8a, 0x60, 0xa4, 0x87, 0xb9, 0x49, 0x80, 0x38,
    0xe9, 0x02, 0x85, 0x8b, 0x18, 0xbd, 0x70, 0x03, 0x69, 0xc0, 0x9d, 0x70,
    0x03, 0xa5, 0x8a, 0x69, 0x01, 0x85, 0x8a, 0x4c, 0xb9, 0x9b, 0xa5, 0x89,
    0x29, 0x80, 0x09, 0x04, 0x85, 0x89, 0x60, 0xc0, 0x00, 0xb0, 0x00, 0xd0,
    0x00, 0x00, 0x01, 0x40, 0x01, 0xc0, 0x00, 0xc0, 0x00, 0xd0, 0x00, 0xe0,
    0x00, 0xf0, 0x00, 0xa5, 0x8c, 0xc9, 0x04, 0xf0, 0x1e, 0xa5, 0x86, 0x30,
    0x0d, 0xa5, 0x69, 0x10, 0x16, 0xa5, 0x73, 0xc9, 0x0f, 0x90, 0x03, 0xa9,
    0x00, 0x60, 0xa5, 0x86, 0x09, 0x08, 0x85, 0x86, 0xa9, 0x04, 0x85, 0x8c,
    0xce, 0x29, 0x0e, 0xa4, 0x8c, 0xb9, 0x57, 0x9c, 0x48, 0xb9, 0x52, 0x9c,
    0x48, 0x60, 0x5b, 0x3b, 0xc8, 0x80, 0x9c, 0x9c, 0x9d, 0x9c, 0x9c, 0x98,
    0xa9, 0xf0, 0x20, 0x55, 0x98, 0xa5, 0x85, 0x29, 0x08, 0xf0, 0x0c, 0xe6,
    0x8c, 0xa5, 0xba, 0x9d, 0x7b, 0x0e, 0xa9, 0x08, 0x85, 0x89, 0x60, 0xa9,
    0x03, 0x85, 0x8c, 0xa9, 0x13, 0x9d, 0x7b, 0x0e, 0xa9, 0x08, 0x85, 0x89,
    0x60, 0x38, 0xa4, 0x5a, 0xb9, 0xc7, 0x18, 0xbc, 0x7b, 0x0e, 0xf9, 0xb5,
    0x9c, 0xe9, 0x10, 0x85, 0x8a, 0xde, 0x7b, 0x0e, 0x10, 0x0c, 0xa9, 0x01,
    0x85, 0x8c, 0xa5, 0xba, 0x9d, 0x7b, 0x0e, 0x4c, 0x3c, 0x9d, 0xa5, 0xce,
    0x0a, 0xa8, 0xb9, 0x0f, 0x9c, 0x48, 0xb9, 0x10, 0x9c, 0xa8, 0x68, 0x20,
    0x01, 0x99, 0x4c, 0x3f, 0x98, 0x02, 0x06, 0x08, 0x0a, 0x0b, 0x0c, 0x0d,
    0x0e, 0x0e, 0x0f, 0x10, 0x10, 0x10, 0x10, 0x0f, 0x0e, 0x0d, 0x0b, 0x08,
    0x05, 0x38, 0xa4, 0x5a, 0xb9, 0xc7, 0x18, 0xe5, 0x8a, 0xe9, 0x10, 0xc9,
    0x02, 0xb0, 0x1b, 0xad, 0x0a, 0xd2, 0x29, 0x80, 0x45, 0x85, 0x09, 0x40,
    0x85, 0x85, 0x18, 0xa4, 0xce, 0xa5, 0xba, 0x79, 0xf3, 0x83, 0x9d, 0x7b,
    0x0e, 0xa9, 0x01, 0x85, 0x8c, 0x60, 0xa5, 0xce, 0x0a, 0xa8, 0xb9, 0x19,
    0x9c, 0x85, 0x5c, 0xb9, 0x1a, 0x9c, 0x85, 0x5d, 0xa5, 0x85, 0x10, 0x15,
    0x06, 0x5c, 0x26, 0x5d, 0xa5, 0x5c, 0x7d, 0x70, 0x03, 0x9d, 0x70, 0x03,
    0xa5, 0x5d, 0x65, 0x8a, 0x85, 0x8a, 0x4c, 0x28, 0x9d, 0x38, 0xbd, 0x70,
    0x03, 0xe5, 0x5c, 0x9d, 0x70, 0x03, 0xa5, 0x8a, 0xe5, 0x5d, 0x85, 0x8a,
    0x18, 0x8a, 0x65, 0xb7, 0x29, 0x07, 0xc9, 0x06, 0x90, 0x07, 0xa5, 0x89,
    0x49, 0x01, 0x85, 0x89, 0x60, 0x4c, 0x3f, 0x98, 0xbd, 0x7b, 0x0e, 0xc5,
    0xba, 0xd0, 0x42, 0xa5, 0x85, 0x29, 0xbf, 0x85, 0x85, 0x18, 0xa4, 0xce,
    0xa5, 0xba, 0x79, 0xf3, 0x83, 0x9d, 0x7b, 0x0e, 0xa5, 0x88, 0xcd, 0x32,
    0x0e, 0xd0, 0x19, 0xa5, 0x86, 0x29, 0x10, 0xf0, 0x13, 0xa5, 0x6f, 0xc5,
    0x87, 0xa5, 0x85, 0x90, 0x04, 0x09, 0x80, 0xd0, 0x02, 0x29, 0x7f, 0x85,
    0x85, 0x4c, 0x85, 0x9d, 0xad, 0x0a, 0xd2, 0xcd, 0xf8, 0x83, 0xb0, 0x09,
    0xad, 0x0a, 0xd2, 0x29, 0x80, 0x05, 0x85, 0x85, 0x85, 0x20, 0x6b, 0x98,
    0xf0, 0x68, 0x85, 0x5c, 0x84, 0x5d, 0xa5, 0x85, 0x29, 0x20, 0xf0, 0x19,
    0xad, 0x32, 0x0e, 0xc5, 0x88, 0xf0, 0x57, 0x90, 0x08, 0xa5, 0x5c, 0x29,
    0x20, 0xd0, 0x20, 0xf0, 0x4d, 0xa5, 0x5c, 0x29, 0x20, 0xf0, 0x1f, 0xd0,
    0x45, 0xa5, 0x85, 0x29, 0x40, 0xd0, 0x3f, 0xa4, 0xce, 0xad, 0x0a, 0xd2,
    0xd9, 0xf8, 0x83, 0xb0, 0x35, 0xa5, 0x5c, 0x29, 0x20, 0xf0, 0x07, 0xa5,
    0x85, 0x29, 0x7f, 0x4c, 0xce, 0x9d, 0xa5, 0x85, 0x09, 0x80, 0x85, 0x85,
    0xa5, 0x5d, 0x85, 0x87, 0xa8, 0x38, 0xb9, 0x49, 0x80, 0xe9, 0x02, 0x85,
    0x8b, 0x18, 0xa4, 0x88, 0xb9, 0x42, 0x80, 0x65, 0x87, 0xa8, 0xb9, 0x63,
    0x19, 0x85, 0x88, 0xa9, 0x02, 0x85, 0x8c, 0x4c, 0x28, 0x9d, 0xa4, 0x5a,
    0xb9, 0x2b, 0x18, 0x29, 0x07, 0xd0, 0x06, 0xa5, 0x85, 0x09, 0x80, 0xd0,
    0x0b, 0xb9, 0x2c, 0x18, 0x29, 0x07, 0xd0, 0x06, 0xa5, 0x85, 0x29, 0x7f,
    0x85, 0x85, 0xa4, 0x85, 0xa5, 0x8b, 0xc9, 0x03, 0x90, 0x0a, 0xc9, 0x9d,
    0x90, 0x0b, 0x98, 0x29, 0x7f, 0x4c, 0x23, 0x9e, 0x98, 0x09, 0x80, 0x85,
    0x85, 0xa5, 0xce, 0x0a, 0xa8, 0xb9, 0x0f, 0x9c, 0x48, 0xb9, 0x10, 0x9c,
    0xa8, 0x68, 0x20, 0x01, 0x99, 0x38, 0xa4, 0x5a, 0xb9, 0xc7, 0x18, 0xe9,
    0x10, 0x85, 0x8a, 0xa5, 0xb7, 0x65, 0x8d, 0x29, 0x10, 0xf0, 0x02, 0xc6,
    0x8a, 0xa5, 0x89, 0xa4, 0x85, 0x10, 0x04, 0x09, 0x02, 0xd0, 0x02, 0x29,
    0xfd, 0x85, 0x89, 0x4c, 0x28, 0x9d, 0x00, 0x00, 0xb0, 0x00, 0x00, 0x04,
    0x04, 0x01, 0x01, 0x01, 0x10, 0x11, 0x13, 0x15, 0x19, 0x1c, 0x22, 0x28,
    0x2f, 0x29, 0x23, 0x1c, 0x19, 0x15, 0x13, 0x11, 0xa5, 0x69, 0x10, 0x0c,
    0xa5, 0x73, 0xc9, 0x0f, 0x90, 0x03, 0xa9, 0x00, 0x60, 0x4c, 0x9d, 0x98,
    0xa5, 0x8a, 0xc9, 0xc6, 0xb0, 0xf7, 0xa5, 0x86, 0x29, 0xf7, 0x85, 0x86,
    0xa5, 0x8c, 0x30, 0x13, 0xa5, 0x87, 0xc9, 0x14, 0x90, 0x2e, 0xbd, 0x7b,
    0x0e, 0xc9, 0x07, 0xd0, 0x10, 0xa9, 0xff, 0x85, 0x8c, 0xd0, 0x42, 0x18,
    0xa5, 0x8a, 0x69, 0x07, 0x85, 0x8a, 0x4c, 0xfb, 0x9e, 0xad, 0xc0, 0x0e,
    0xd0, 0x12, 0xa9, 0x00, 0x8d, 0xd5, 0x0e, 0xa9, 0x16, 0x8d, 0xd7, 0x0e,
    0xa9, 0xa3, 0x8d, 0xd8, 0x0e, 0x8d, 0xc0, 0x0e, 0xbc, 0x7b, 0x0e, 0xb9,
    0x64, 0x9e, 0x85, 0x8a, 0xc8, 0xc0, 0x10, 0x90, 0x02, 0xa0, 0x00, 0x98,
    0x9d, 0x7b, 0x0e, 0xc0, 0x08, 0xd0, 0x0a, 0xad, 0xbd, 0x0e, 0xd0, 0x05,
    0xa9, 0x0f, 0x8d, 0xbd, 0x0e, 0xa4, 0x8c, 0x30, 0x0e, 0xa4, 0xce, 0xb9,
    0x5a, 0x9e, 0x48, 0xb9, 0x5f, 0x9e, 0xa8, 0x68, 0x20, 0x01, 0x99, 0xa5,
    0x8c, 0x30, 0x06, 0xa5, 0x87, 0xc9, 0x14, 0x90, 0x07, 0xa9, 0x10, 0x85,
    0x89, 0x4c, 0x3f, 0x98, 0x38, 0xa9, 0x30, 0xe5, 0x8a, 0x10, 0x04, 0xa9,
    0x00, 0xf0, 0x06, 0xc9, 0x08, 0x90, 0x02, 0xa9, 0x07, 0xa8, 0xb9, 0x26,
    0x9f, 0x85, 0x89, 0x4c, 0x3f, 0x98, 0x13, 0x13, 0x12, 0x12, 0x11, 0x11,
    0x10, 0x10, 0xa5, 0x8c, 0x30, 0x11, 0xa5, 0x86, 0x30, 0x0d, 0xa5, 0x69,
    0x10, 0x10, 0xa5, 0x73, 0xc9, 0x0f, 0x90, 0x03, 0xa9, 0x00, 0x60, 0xa9,
    0xff, 0x85, 0x8c, 0x4c, 0x9d, 0x98, 0xa5, 0x8c, 0xd0, 0x14, 0xa9, 0xf8,
    0x20, 0x55, 0x98, 0xa9, 0x0c, 0x85, 0x89, 0xa5, 0x87, 0xd0, 0x04, 0xa9,
    0xfa, 0x85, 0x8b, 0xe6, 0x8c, 0x60, 0xa5, 0x8b, 0xa4, 0x88, 0x20, 0x77,
    0x99, 0x0a, 0x48, 0x98, 0x2a, 0xa8, 0x68, 0x18, 0x7d, 0x50, 0x03, 0x9d,
    0x50, 0x03, 0x98, 0x65, 0x8b, 0x85, 0x8b, 0x48, 0x20, 0x36, 0x99, 0x68,
    0xc9, 0xa0, 0x90, 0x04, 0xc9, 0xf6, 0x90, 0xbb, 0xc9, 0x4c, 0xd0, 0x06,
    0xa5, 0x88, 0xc9, 0x03, 0xf0, 0xb1, 0x4c, 0x3f, 0x98, 0xa5, 0x69, 0x10,
    0x39, 0xc6, 0x72, 0xd0, 0x1b, 0xa5, 0x73, 0xc9, 0x0f, 0xd0, 0x08, 0x20,
    0xe8, 0xaf, 0xa9, 0x90, 0x8d, 0xc5, 0x0e, 0xc6, 0x73, 0x10, 0x0a, 0xa9,
    0x00, 0x85, 0x69, 0xa9, 0x19, 0x20, 0xb1, 0xa6, 0x60, 0xd0, 0x0a, 0xa9,
    0x0c, 0x20, 0xb1, 0xa6, 0xa9, 0x4b, 0x85, 0x72, 0x60, 0xa6, 0x6e, 0xbd,
    0xca, 0xa0, 0x20, 0xb1, 0xa6, 0xa9, 0x06, 0x85, 0x72, 0x60, 0xad, 0x32,
    0x0e, 0xcd, 0x21, 0x18, 0xf0, 0x04, 0xa5, 0xc5, 0xd0, 0x0c, 0xa9, 0x00,
    0x85, 0x69, 0xee, 0x35, 0x0e, 0xa9, 0x05, 0x4c, 0x93, 0x8b, 0xa6, 0x6d,
    0xa5, 0xb9, 0xc9, 0x02, 0xd0, 0x1a, 0xa5, 0x6f, 0xc9, 0x03, 0x90, 0x08,
    0xc9, 0x06, 0xb0, 0x04, 0xe0, 0x3b, 0x90, 0x42, 0xc9, 0x0b, 0x90, 0x08,
    0xc9, 0x0e, 0xb0, 0x04, 0xe0, 0xad, 0xb0, 0x36, 0xad, 0x32, 0x0e, 0xcd,
    0x22, 0x18, 0xf0, 0x2e, 0xcd, 0x27, 0x18, 0xd0, 0x0d, 0xac, 0x28, 0x18,
    0xc4, 0x6f, 0xf0, 0x22, 0xc8, 0xc8, 0xc4, 0x6f, 0xf0, 0x1c, 0xa9, 0x06,
    0x85, 0x5c, 0xa9, 0x0c, 0x85, 0x5d, 0x86, 0x5b, 0xa6, 0x6b, 0xe8, 0x86,
    0x5a, 0x20, 0x1e, 0xa9, 0xb0, 0x08, 0xad, 0x23, 0x0e, 0x0d, 0x24, 0x0e,
    0xd0, 0x1e, 0xa9, 0xff, 0x85, 0x69, 0xa9, 0x0f, 0x85, 0x73, 0xa9, 0x2d,
    0x85, 0x72, 0xa9, 0x08, 0x85, 0x6e, 0xa9, 0x00, 0x8d, 0x33, 0x0e, 0x20,
    0xe8, 0xb1, 0xa9, 0x18, 0x8d, 0xbc, 0x0e, 0x60, 0xa6, 0x6e, 0xe0, 0x13,
    0x90, 0x28, 0xbd, 0xc3, 0xa0, 0x85, 0x5c, 0xbd, 0xc9, 0xa0, 0x85, 0x5d,
    0x18, 0xa5, 0x6b, 0x7d, 0xcf, 0xa0, 0x85, 0x5a, 0x18, 0xa5, 0x6d, 0x7d,
    0xd5, 0xa0, 0x85, 0x5b, 0x20, 0x1e, 0xa9, 0x90, 0x09, 0xaa, 0xbd, 0x3b,
    0x0e, 0x09, 0x80, 0x9d, 0x3b, 0x0e, 0xa5, 0xd0, 0xc9, 0x02, 0xd0, 0x03,
    0x20, 0xe9, 0xa7, 0xa5, 0x6f, 0x85, 0x70, 0x18, 0xa5, 0x6f, 0xae, 0x32,
    0x0e, 0x7d, 0x42, 0x80, 0x85, 0x5c, 0xa5, 0x6d, 0x85, 0x5b, 0xa5, 0x6b,
    0x85, 0x5a, 0x38, 0xa6, 0x6f, 0xfd, 0x49, 0x80, 0xe0, 0x19, 0xd0, 0x02,
    0xa9, 0x00, 0x85, 0x5d, 0xae, 0x31, 0x0e, 0xbd, 0xcd, 0xa0, 0x48, 0xbd,
    0xc8, 0xa0, 0x48, 0x60, 0xed, 0x01, 0x0c, 0x35, 0xd9, 0xa0, 0xa1, 0xa3,
    0xa4, 0xa4, 0x09, 0x0a, 0x0b, 0x08, 0x06, 0x08, 0x06, 0x08, 0x08, 0x08,
    0x0b, 0x07, 0x0b, 0x07, 0x07, 0x07, 0xf8, 0x00, 0x08, 0x00, 0x00, 0x00,
    0x06, 0xf8, 0x06, 0xf8, 0xf8, 0xf8, 0xee, 0x31, 0x0e, 0xa9, 0x19, 0x85,
    0x7a, 0x38, 0xbd, 0xc7, 0x18, 0xe9, 0x10, 0x85, 0x6d, 0xa9, 0x10, 0x4c,
    0xb1, 0xa6, 0xa6, 0x5c, 0xbd, 0x2b, 0x18, 0x29, 0x07, 0xd0, 0x17, 0xa5,
    0x5d, 0xf0, 0x08, 0xe8, 0xbd, 0x2b, 0x18, 0x29, 0x07, 0xd0, 0x0b, 0xa9,
    0x0c, 0xa9, 0x00, 0x85, 0x74, 0x85, 0x75, 0x4c, 0x1d, 0xa4, 0x38, 0xbd,
    0xc7, 0x18, 0xe9, 0x10, 0x85, 0x6d, 0xa6, 0xcd, 0xbd, 0x84, 0x02, 0x05,
    0x82, 0x0d, 0x33, 0x0e, 0xd0, 0x32, 0xa9, 0x00, 0x85, 0x77, 0xa5, 0x6d,
    0x85, 0x71, 0xa9, 0x70, 0x85, 0x74, 0xa9, 0xfe, 0x85, 0x75, 0xbd, 0x78,
    0x02, 0x49, 0x0c, 0x29, 0x0c, 0x85, 0x76, 0xa9, 0x30, 0x8d, 0xc7, 0x0e,
    0xa9, 0x04, 0x8d, 0x31, 0x0e, 0xa5, 0x78, 0xa2, 0x06, 0x29, 0x04, 0xf0,
    0x02, 0xa2, 0x07, 0x86, 0x6e, 0x4c, 0xda, 0xa4, 0xad, 0x33, 0x0e, 0xd0,
    0x71, 0xa4, 0xcd, 0xb9, 0x78, 0x02, 0x29, 0x03, 0xc9, 0x03, 0xf0, 0x66,
    0xa6, 0x5c, 0xbd, 0x2b, 0x18, 0x29, 0x38, 0xf0, 0x0c, 0x38, 0xa5, 0x6b,
    0xa4, 0x6f, 0xf9, 0x49, 0x80, 0xc9, 0x03, 0x90, 0x18, 0xa5, 0x5d, 0xf0,
    0x4d, 0xe8, 0xbd, 0x2b, 0x18, 0x29, 0x38, 0xf0, 0x45, 0x38, 0xa4, 0x6f,
    0xb9, 0x4a, 0x80, 0xe5, 0x6b, 0xc9, 0x03, 0xb0, 0x39, 0xa4, 0xcd, 0xb9,
    0x78, 0x02, 0x29, 0x01, 0xd0, 0x0c, 0xbd, 0x2b, 0x18, 0x29, 0x20, 0xf0,
    0x29, 0xc6, 0x6d, 0x4c, 0xc3, 0xa1, 0xbd, 0x2b, 0x18, 0x29, 0x20, 0xd0,
    0x1d, 0xe6, 0x6d, 0xe4, 0x5c, 0xf0, 0x02, 0xe6, 0x6f, 0xa4, 0x6f, 0xb9,
    0x49, 0x80, 0x85, 0x6b, 0xa9, 0x02, 0x8d, 0x31, 0x0e, 0xa9, 0x00, 0x85,
    0x73, 0xa9, 0x01, 0x4c, 0xb1, 0xa6, 0xa4, 0xcd, 0xb9, 0x78, 0x02, 0x29,
    0x04, 0xd0, 0x18, 0x38, 0xa5, 0x6a, 0xe9, 0xa0, 0x85, 0x6a, 0xa5, 0x6b,
    0xe9, 0x00, 0xcd, 0x49, 0x80, 0xb0, 0x03, 0xad, 0x49, 0x80, 0x85, 0x6b,
    0x4c, 0x1b, 0xa2, 0xb9, 0x78, 0x02, 0x29, 0x08, 0xd0, 0x15, 0x18, 0xa5,
    0x6a, 0x69, 0xa0, 0x85, 0x6a, 0xa5, 0x6b, 0x69, 0x00, 0x85, 0x6b, 0xc9,
    0x9c, 0x90, 0x04, 0xa9, 0x9b, 0x85, 0x6b, 0xad, 0x33, 0x0e, 0xf0, 0x35,
    0xc6, 0xbc, 0x10, 0x27, 0xa5, 0xbb, 0xc5, 0xba, 0xd0, 0x13, 0xa9, 0x00,
    0x8d, 0x33, 0x0e, 0x8d, 0xc2, 0x0e, 0xe6, 0x82, 0xa6, 0x6e, 0xbd, 0xcb,
    0xa2, 0x85, 0x6e, 0xd0, 0x18, 0xa9, 0x06, 0x85, 0xbc, 0xee, 0x33, 0x0e,
    0xa6, 0x6e, 0xbd, 0xcf, 0xa2, 0x85, 0x6e, 0xad, 0xc2, 0x0e, 0xd0, 0x05,
    0xa9, 0xb6, 0x8d, 0xc2, 0x0e, 0xb9, 0x78, 0x02, 0x29, 0x0c, 0xc9, 0x0c,
    0xf0, 0x18, 0xa6, 0x6e, 0xe0, 0x0d, 0xb0, 0x02, 0xa2, 0x0d, 0x85, 0x78,
    0x29, 0x04, 0xf0, 0x05, 0xbd, 0xe3, 0xa2, 0xd0, 0x03, 0xbd, 0xd9, 0xa2,
    0x85, 0x6e, 0xa5, 0x6b, 0xc5, 0x5a, 0xf0, 0x10, 0xa5, 0x6b, 0x29, 0x02,
    0xf0, 0x07, 0xa6, 0x6e, 0xbd, 0xc7, 0xa2, 0x85, 0x6e, 0x20, 0xfa, 0xa2,
    0xa5, 0xb9, 0xc9, 0x03, 0xd0, 0x26, 0xa5, 0x6b, 0xac, 0x32, 0x0e, 0x20,
    0x77, 0x99, 0xaa, 0xf0, 0x1b, 0x18, 0x65, 0x6a, 0x85, 0x6a, 0x98, 0x65,
    0x6b, 0xaa, 0xcd, 0x49, 0x80, 0xb0, 0x05, 0xae, 0x49, 0x80, 0xd0, 0x06,
    0xc9, 0x9c, 0x90, 0x02, 0xa2, 0x9b, 0x86, 0x6b, 0xa5, 0x6b, 0xc5, 0x5a,
    0xd0, 0x0d, 0xa5, 0x6d, 0xc5, 0x5b, 0xd0, 0x07, 0xa5, 0x6e, 0xc5, 0x7a,
    0xd0, 0x01, 0x60, 0x20, 0xa3, 0xa6, 0x20, 0x83, 0xa7, 0x4c, 0xb3, 0xa6,
    0x0e, 0x0f, 0x0d, 0x11, 0x12, 0x10, 0x13, 0x14, 0x15, 0x16, 0x0d, 0x0d,
    0x10, 0x10, 0x14, 0x13, 0x16, 0x15, 0x0d, 0x0e, 0x0f, 0x10, 0x0e, 0x0f,
    0x13, 0x14, 0x13, 0x14, 0x10, 0x11, 0x12, 0x10, 0x11, 0x12, 0x15, 0x16,
    0x15, 0x16, 0xad, 0xc8, 0x0e, 0xd0, 0x09, 0xc6, 0x7b, 0x10, 0x09, 0xa9,
    0x0a, 0x8d, 0xc8, 0x0e, 0xa9, 0x07, 0x85, 0x7b, 0x60, 0x18, 0xa6, 0x5c,
    0xbc, 0x63, 0x19, 0xb9, 0x42, 0x80, 0x65, 0x6f, 0xa8, 0xb9, 0xc7, 0x18,
    0x85, 0x5e, 0x18, 0xa5, 0x6d, 0x69, 0x10, 0x85, 0x62, 0xa4, 0xcd, 0xb9,
    0x78, 0x02, 0xa8, 0xa5, 0x62, 0xdd, 0xc7, 0x18, 0xd0, 0x11, 0xbd, 0x2b,
    0x18, 0x29, 0x20, 0xf0, 0x06, 0xc0, 0x0e, 0xd0, 0x23, 0xf0, 0x04, 0xc0,
    0x0d, 0xd0, 0x1d, 0xa5, 0x5e, 0xc5, 0x62, 0xd0, 0x27, 0xbd, 0x2b, 0x18,
    0x29, 0x20, 0xf0, 0x06, 0xc0, 0x0d, 0xd0, 0x06, 0xf0, 0x1a, 0xc0, 0x0e,
    0xf0, 0x16, 0xbd, 0x63, 0x19, 0x8d, 0x32, 0x0e, 0xa9, 0x01, 0x8d, 0x31,
    0x0e, 0xe6, 0x82, 0xa9, 0x00, 0x85, 0x78, 0xa9, 0x01, 0x4c, 0xb1, 0xa6,
    0x98, 0x29, 0x01, 0xd0, 0x10, 0x38, 0xa5, 0x6c, 0xe9, 0x90, 0x85, 0x6c,
    0xa5, 0x6d, 0xe9, 0x00, 0x85, 0x6d, 0x4c, 0x97, 0xa3, 0x98, 0x29, 0x02,
    0xd0, 0x0d, 0x18, 0xa5, 0x6c, 0x69, 0x90, 0x85, 0x6c, 0xa5, 0x6d, 0x69,
    0x00, 0x85, 0x6d, 0xbd, 0x2b, 0x18, 0xa8, 0x29, 0x08, 0xf0, 0x22, 0x98,
    0x29, 0x20, 0xd0, 0x0f, 0x18, 0xbd, 0xc7, 0x18, 0x69, 0x0b, 0xc5, 0x6d,
    0xb0, 0x13, 0x85, 0x6d, 0x4c, 0xc1, 0xa3, 0x38, 0xbd, 0xc7, 0x18, 0xe9,
    0x15, 0xc5, 0x6d, 0x90, 0x04, 0xa8, 0x88, 0x85, 0x6d, 0xa5, 0x6b, 0xc5,
    0x5a, 0xd0, 0x06, 0xa5, 0x6d, 0xc5, 0x5b, 0xf0, 0x33, 0xa4, 0x5c, 0xbe,
    0xc7, 0x18, 0xb9, 0x2b, 0x18, 0x29, 0x20, 0xf0, 0x02, 0xa6, 0x5e, 0x8a,
    0x38, 0xe5, 0x6d, 0x30, 0x0a, 0xc9, 0x03, 0x90, 0x06, 0xaa, 0xbd, 0x0c,
    0xa4, 0xd0, 0x0f, 0xa6, 0x73, 0xbd, 0x01, 0xa4, 0x10, 0x05, 0xa2, 0x00,
    0xad, 0x01, 0xa4, 0xe8, 0x86, 0x73, 0x20, 0xb1, 0xa6, 0x20, 0xfa, 0xa2,
    0x60, 0x00, 0x00, 0x00, 0x00, 0x01, 0x01, 0x02, 0x02, 0x02, 0x02, 0x01,
    0x01, 0xff, 0x05, 0x05, 0x03, 0x03, 0x03, 0x04, 0x04, 0x04, 0x05, 0x05,
    0x05, 0x01, 0x01, 0x01, 0x01, 0x85, 0x76, 0xa9, 0x03, 0x8d, 0x31, 0x0e,
    0xa9, 0x00, 0x8d, 0xd5, 0x0e, 0xa9, 0x16, 0x8d, 0xd7, 0x0e, 0xa9, 0xa3,
    0x8d, 0xd8, 0x0e, 0x8d, 0xc0, 0x0e, 0x18, 0xa5, 0x6d, 0x69, 0x10, 0x85,
    0x5e, 0xa2, 0x05, 0x18, 0xa5, 0x6f, 0x7d, 0x42, 0x80, 0xa8, 0xb9, 0x2b,
    0x18, 0x29, 0x07, 0xf0, 0x0a, 0x38, 0xb9, 0xc7, 0x18, 0xe5, 0x5e, 0xc9,
    0x03, 0x90, 0x15, 0xa5, 0x5d, 0xf0, 0x14, 0xb9, 0x2c, 0x18, 0x29, 0x07,
    0xf0, 0x0d, 0x38, 0xb9, 0xc8, 0x18, 0xe5, 0x5e, 0xc9, 0x03, 0xb0, 0x03,
    0x4c, 0x42, 0xa0, 0xca, 0x10, 0xcd, 0xa5, 0x6f, 0xf0, 0x2b, 0xa5, 0x5d,
    0xf0, 0x27, 0xa5, 0x76, 0xc9, 0x08, 0xd0, 0x10, 0x18, 0xa9, 0x50, 0x65,
    0x6a, 0x85, 0x6a, 0xa9, 0x00, 0x65, 0x6b, 0x85, 0x6b, 0x4c, 0xa1, 0xa4,
    0xc9, 0x04, 0xd0, 0x0d, 0x38, 0xa5, 0x6a, 0xe9, 0x50, 0x85, 0x6a, 0xa5,
    0x6b, 0xe9, 0x00, 0x85, 0x6b, 0x20, 0xa3, 0xa6, 0x18, 0xa9, 0x14, 0x65,
    0x74, 0x85, 0x74, 0xa9, 0x00, 0x65, 0x75, 0x85, 0x75, 0xa5, 0x75, 0xc9,
    0x03, 0xd0, 0x08, 0xa9, 0xff, 0x85, 0x74, 0xa9, 0x02, 0x85, 0x75, 0x18,
    0xa5, 0x74, 0x65, 0x6c, 0x85, 0x6c, 0xa5, 0x75, 0x65, 0x6d, 0x85, 0x6d,
    0xc5, 0x5b, 0xd0, 0x06, 0xa5, 0x5a, 0xc5, 0x6b, 0xf0, 0x03, 0x4c, 0xb3,
    0xa6, 0x60, 0x18, 0xad, 0x48, 0x86, 0x6d, 0x49, 0x86, 0xc9, 0x20, 0xd0,
    0x0d, 0xa5, 0x6d, 0xc5, 0x71, 0x90, 0x0c, 0x38, 0xe5, 0x71, 0xc9, 0x11,
    0x90, 0x05, 0xa5, 0x76, 0x4c, 0x1d, 0xa4, 0x18, 0xa5, 0x6d, 0x69, 0x10,
    0x85, 0x60, 0xa9, 0x05, 0x85, 0x5f, 0x18, 0xa5, 0x6f, 0xa6, 0x5f, 0x7d,
    0x42, 0x80, 0x85, 0x61, 0xaa, 0xa5, 0x60, 0x38, 0xfd, 0xc7, 0x18, 0xc9,
    0x03, 0xb0, 0x07, 0xbd, 0x2b, 0x18, 0x29, 0x07, 0xd0, 0x15, 0xa5, 0x5d,
    0xf0, 0x5c, 0x38, 0xa5, 0x60, 0xfd, 0xc8, 0x18, 0xc9, 0x03, 0xb0, 0x52,
    0xbd, 0x2c, 0x18, 0x29, 0x07, 0xf0, 0x4b, 0xa5, 0x75, 0x30, 0x47, 0xa5,
    0x5f, 0x8d, 0x32, 0x0e, 0xa6, 0x77, 0xf0, 0x1e, 0xe0, 0x04, 0x90, 0x02,
    0xa2, 0x03, 0xbd, 0x7a, 0xa5, 0x20, 0x5c, 0x8b, 0xa9, 0x2d, 0x8d, 0xbb,
    0x0e, 0xa2, 0x0f, 0xbd, 0x3b, 0x0e, 0x29, 0xbf, 0x9d, 0x3b, 0x0e, 0xca,
    0xd0, 0xf5, 0xa9, 0x01, 0x8d, 0x31, 0x0e, 0xe6, 0x82, 0xa6, 0x6e, 0xad,
    0x33, 0x0e, 0xf0, 0x05, 0xbd, 0x60, 0xa5, 0xd0, 0x03, 0xbd, 0x73, 0xa5,
    0x4c, 0xb1, 0xa6, 0x13, 0x15, 0x0d, 0x10, 0x80, 0x81, 0x83, 0xc6, 0x5f,
    0x30, 0x03, 0x4c, 0x02, 0xa5, 0xa6, 0x5c, 0x38, 0xbd, 0xc7, 0x18, 0xe5,
    0x6d, 0xc9, 0x0c, 0x90, 0x59, 0xbd, 0x2b, 0x18, 0xa8, 0x29, 0x80, 0xd0,
    0x14, 0xe8, 0xa4, 0x6f, 0xa5, 0x6b, 0xf9, 0x49, 0x80, 0xc9, 0x03, 0x90,
    0x45, 0xbd, 0x2b, 0x18, 0xa8, 0x29, 0x80, 0xf0, 0x3d, 0x98, 0x29, 0x7f,
    0x9d, 0x2b, 0x18, 0xa2, 0x00, 0xad, 0x32, 0x0e, 0xcd, 0x00, 0x18, 0xf0,
    0x01, 0xe8, 0xa9, 0xa8, 0x85, 0xa3, 0xa9, 0xb5, 0x85, 0xa4, 0xbd, 0x02,
    0x18, 0xbc, 0x04, 0x18, 0xaa, 0x20, 0xb9, 0xaa, 0xa9, 0x06, 0x85, 0xbc,
    0x18, 0xa5, 0xba, 0x69, 0x05, 0x85, 0xbb, 0xee, 0x33, 0x0e, 0xa9, 0x2d,
    0x8d, 0xbb, 0x0e, 0x18, 0xa5, 0x6e, 0x69, 0x11, 0x85, 0x6e, 0xa4, 0x76,
    0xa5, 0x6b, 0xc0, 0x04, 0xd0, 0x09, 0xcd, 0x49, 0x80, 0xb0, 0x1d, 0xa9,
    0x08, 0xd0, 0x0a, 0xc0, 0x08, 0xd0, 0x15, 0xc9, 0x9c, 0x90, 0x11, 0xa9,
    0x04, 0x85, 0x76, 0x38, 0xa9, 0x00, 0xe5, 0x74, 0x85, 0x74, 0xa9, 0x00,
    0xe5, 0x75, 0x85, 0x75, 0xa6, 0x5c, 0x20, 0x7a, 0xa6, 0xa5, 0x6f, 0xc9,
    0x19, 0xb0, 0x04, 0xe8, 0x20, 0x7a, 0xa6, 0xa5, 0x76, 0xc9, 0x08, 0xd0,
    0x10, 0x18, 0xa9, 0x50, 0x65, 0x6a, 0x85, 0x6a, 0xa9, 0x00, 0x65, 0x6b,
    0x85, 0x6b, 0x4c, 0x4a, 0xa6, 0xc9, 0x04, 0xd0, 0x13, 0x38, 0xa5, 0x6a,
    0xe9, 0x50, 0x85, 0x6a, 0xa5, 0x6b, 0xe9, 0x00, 0x85, 0x6b, 0x20, 0xa3,
    0xa6, 0x20, 0x83, 0xa7, 0x18, 0xa9, 0x14, 0x65, 0x74, 0x85, 0x74, 0xa9,
    0x00, 0x65, 0x75, 0x85, 0x75, 0x18, 0xa5, 0x74, 0x65, 0x6c, 0x85, 0x6c,
    0xa5, 0x75, 0x65, 0x6d, 0x85, 0x6d, 0xa5, 0x6d, 0xc5, 0x5b, 0xd0, 0x06,
    0xa5, 0x6b, 0xc5, 0x5a, 0xf0, 0x03, 0x4c, 0xb3, 0xa6, 0x60, 0xbd, 0xff,
    0x19, 0xf0, 0xfa, 0xa8, 0xb9, 0x3b, 0x0e, 0xf0, 0xf4, 0x29, 0x40, 0xd0,
    0xf0, 0xad, 0x32, 0x0e, 0xd9, 0xab, 0x0e, 0xd0, 0xe8, 0xb9, 0x4b, 0x0e,
    0xc9, 0x02, 0xf0, 0xe1, 0xe6, 0x77, 0xa9, 0x40, 0x19, 0x3b, 0x0e, 0x99,
    0x3b, 0x0e, 0x60, 0x8a, 0x48, 0xa4, 0x6f, 0xa5, 0x6b, 0x20, 0x4a, 0x99,
    0x68, 0xaa, 0x84, 0x6f, 0x60, 0x85, 0x6e, 0xa6, 0x7a, 0xbd, 0xe6, 0xb9,
    0xf0, 0x17, 0x29, 0x7f, 0xa8, 0xa6, 0x79, 0xa9, 0x00, 0x9d, 0x00, 0x14,
    0x9d, 0x00, 0x15, 0x9d, 0x00, 0x16, 0x9d, 0x00, 0x13, 0xe8, 0x88, 0xd0,
    0xf0, 0xa6, 0x6e, 0x86, 0x7a, 0x18, 0xa5, 0x6b, 0x7d, 0x19, 0xba, 0x69,
    0x30, 0x8d, 0x00, 0xd0, 0x8d, 0x02, 0xd0, 0x18, 0xa5, 0x6b, 0x7d, 0x32,
    0xba, 0x69, 0x30, 0x8d, 0x01, 0xd0, 0x18, 0xbc, 0x4b, 0xba, 0xa5, 0x6d,
    0x7d, 0x00, 0xba, 0x69, 0x20, 0x85, 0x5b, 0x85, 0x79, 0xbd, 0xe6, 0xb9,
    0xf0, 0x74, 0x0a, 0x08, 0x4a, 0x29, 0x3f, 0x85, 0x5a, 0x28, 0xb9, 0x64,
    0xba, 0x90, 0x04, 0xaa, 0xbd, 0x00, 0x0d, 0xa6, 0x5b, 0x9d, 0x00, 0x14,
    0xb9, 0x40, 0xbb, 0x90, 0x04, 0xaa, 0xbd, 0x00, 0x0d, 0xa6, 0x5b, 0x9d,
    0x00, 0x15, 0xb9, 0x1c, 0xbc, 0x90, 0x04, 0xaa, 0xbd, 0x00, 0x0d, 0xa6,
    0x5b, 0x9d, 0x00, 0x16, 0xc8, 0xe6, 0x5b, 0xc6, 0x5a, 0xd0, 0xcf, 0xa6,
    0x6e, 0xbd, 0xe6, 0xb9, 0x29, 0x40, 0xf0, 0x32, 0xa9, 0x3a, 0xa2, 0x3d,
    0xa0, 0x38, 0x90, 0x07, 0xa9, 0x29, 0xa2, 0x2b, 0xa0, 0x2d, 0x18, 0x65,
    0x6b, 0x8d, 0x04, 0xd0, 0x18, 0x8a, 0x65, 0x6b, 0x8d, 0x05, 0xd0, 0x98,
    0x18, 0x65, 0x6b, 0x8d, 0x06, 0xd0, 0xa4, 0x79, 0xa2, 0x00, 0xbd, 0x77,
    0xa7, 0x99, 0x03, 0x13, 0xc8, 0xe8, 0xe0, 0x0c, 0x90, 0xf4, 0x60, 0x02,
    0x01, 0x00, 0x0b, 0x0b, 0x0b, 0x0b, 0x3b, 0x0b, 0x0b, 0x0b, 0x0b, 0xa6,
    0x5c, 0xbd, 0x2b, 0x18, 0x29, 0x40, 0xf0, 0x58, 0xa4, 0x70, 0xa5, 0x78,
    0x29, 0x04, 0xd0, 0x06, 0xc4, 0x6f, 0xd0, 0x12, 0xf0, 0x4a, 0xa5, 0x78,
    0x29, 0x08, 0xd0, 0x44, 0x38, 0xb9, 0x49, 0x80, 0xe5, 0x6b, 0xc9, 0x02,
    0x90, 0x3a, 0xbd, 0x2b, 0x18, 0x29, 0xb8, 0x9d, 0x2b, 0x18, 0xbd, 0xc7,
    0x18, 0x48, 0xb9, 0x49, 0x80, 0x29, 0x03, 0x4a, 0xaa, 0xbd, 0xe7, 0xa7,
    0x85, 0xa4, 0xbd, 0xe5, 0xa7, 0x85, 0xa3, 0xbe, 0x49, 0x80, 0x68, 0xa8,
    0x20, 0xb9, 0xaa, 0xae, 0x05, 0xb2, 0xa9, 0x00, 0xc6, 0xc5, 0xf0, 0x09,
    0xa9, 0x2d, 0x8d, 0xbb, 0x0e, 0xa9, 0x80, 0x81, 0x00, 0x4c, 0x5c, 0x8b,
    0x60, 0xf8, 0x0a, 0xb5, 0xb6, 0xa9, 0x02, 0x85, 0x5a, 0xa5, 0x14, 0x29,
    0x01, 0xd0, 0x24, 0xa4, 0x5a, 0xbe, 0x42, 0x80, 0xde, 0xcb, 0x18, 0xde,
    0xcc, 0x18, 0xbd, 0xcb, 0x18, 0xc9, 0x37, 0xb0, 0x08, 0xa9, 0xbe, 0x9d,
    0xcb, 0x18, 0x9d, 0xcc, 0x18, 0xa0, 0x07, 0x20, 0x3b, 0xa8, 0xc6, 0x5a,
    0x10, 0xdd, 0x60, 0xa4, 0x5a, 0xbe, 0x42, 0x80, 0xfe, 0xd3, 0x18, 0xfe,
    0xd4, 0x18, 0xbd, 0xd3, 0x18, 0xc9, 0xbf, 0x90, 0x08, 0xa9, 0x37, 0x9d,
    0xd3, 0x18, 0x9d, 0xd4, 0x18, 0xa0, 0x13, 0x20, 0x3b, 0xa8, 0xc6, 0x5a,
    0x10, 0xdd, 0x60, 0x85, 0x5e, 0x84, 0x5f, 0xa2, 0x07, 0x86, 0x60, 0xa2,
    0x00, 0x86, 0x61, 0xc9, 0x3e, 0xb0, 0x16, 0x38, 0xa9, 0x3e, 0xe5, 0x5e,
    0x85, 0x61, 0x18, 0x65, 0x5e, 0x85, 0x5e, 0x38, 0xa5, 0x60, 0xe5, 0x61,
    0x85, 0x60, 0x4c, 0x6b, 0xa8, 0xc9, 0xb7, 0x90, 0x06, 0xa9, 0xbe, 0xe5,
    0x5e, 0x85, 0x60, 0x18, 0xa6, 0x5e, 0xa5, 0x5f, 0x7d, 0x00, 0x10, 0x85,
    0x5c, 0xa9, 0x00, 0x7d, 0x00, 0x11, 0x85, 0x5d, 0xa0, 0x00, 0xa5, 0x61,
    0x0a, 0x65, 0x61, 0xaa, 0xbd, 0x86, 0xb6, 0x91, 0x5c, 0xe8, 0xc8, 0xbd,
    0x86, 0xb6, 0x91, 0x5c, 0xe8, 0xc8, 0xbd, 0x86, 0xb6, 0x91, 0x5c, 0xe8,
    0x18, 0x98, 0x69, 0x26, 0xa8, 0xc9, 0x28, 0xb0, 0x02, 0xe6, 0x5d, 0xc6,
    0x60, 0x10, 0xdd, 0x60, 0xa5, 0x68, 0xf0, 0x14, 0xc6, 0xc2, 0x10, 0x10,
    0xa6, 0xc1, 0x20, 0xc7, 0xa8, 0xc6, 0xc1, 0x10, 0x08, 0xc6, 0x68, 0xa9,
    0x2d, 0x8d, 0xbb, 0x0e, 0x60, 0xa6, 0xc1, 0xa9, 0x04, 0x85, 0xc2, 0xbd,
    0xf1, 0xa8, 0x85, 0xa4, 0xbd, 0xe2, 0xa8, 0x85, 0xa3, 0x18, 0xa5, 0xc4,
    0x7d, 0x0f, 0xa9, 0xa8, 0x18, 0xa5, 0xc3, 0x7d, 0x00, 0xa9, 0xaa, 0x4c,
    0xb9, 0xaa, 0x6e, 0x12, 0x06, 0xf6, 0xe2, 0xc6, 0xe2, 0xc6, 0xe2, 0xc6,
    0xe2, 0xc6, 0xe2, 0xc6, 0x6e, 0xb5, 0xb9, 0xb9, 0xb8, 0xb8, 0xb8, 0xb8,
    0xb8, 0xb8, 0xb8, 0xb8, 0xb8, 0xb8, 0xb8, 0xb5, 0x00, 0xfc, 0x00, 0x00,
    0x00, 0x00, 0x00, 0x00, 0x00, 0x00, 0x00, 0x00, 0x00, 0x00, 0x00, 0x00,
    0xfb, 0x04, 0x03, 0x02, 0x00, 0x02, 0x00, 0x02, 0x00, 0x02, 0x00, 0x02,
    0x00, 0x00, 0x18, 0xa5, 0x5a, 0x65, 0x5c, 0x85, 0x5c, 0x18, 0xa5, 0x5b,
    0x65, 0x5d, 0x85, 0x5d, 0xa0, 0x0f, 0xb9, 0x3b, 0x0e, 0x30, 0x31, 0x29,
    0x05, 0xc9, 0x01, 0xd0, 0x2b, 0xb9, 0x6b, 0x0e, 0x0a, 0xaa, 0xb9, 0x80,
    0x03, 0x7d, 0xc1, 0x84, 0xc5, 0x5d, 0xb0, 0x1c, 0x7d, 0xe9, 0x84, 0xc5,
    0x5b, 0x90, 0x15, 0x18, 0xb9, 0x60, 0x03, 0x79, 0xc0, 0x84, 0xc5, 0x5c,
    0xb0, 0x0a, 0x7d, 0xe8, 0x84, 0xc5, 0x5a, 0x90, 0x03, 0x98, 0x38, 0x60,
    0x88, 0xd0, 0xc7, 0x18, 0x60, 0x18, 0x20, 0xff, 0xa9, 0xa2, 0x00, 0x86,
    0x98, 0x90, 0x0d, 0x20, 0xfa, 0xa9, 0x90, 0x08, 0x60, 0x85, 0x97, 0x20,
    0x69, 0xaa, 0xb0, 0x77, 0xc6, 0x91, 0x30, 0x73, 0xa9, 0x00, 0x85, 0x9a,
    0xa5, 0x90, 0x85, 0x8f, 0xa6, 0x8e, 0xbd, 0x00, 0x11, 0x85, 0x95, 0xbd,
    0x00, 0x10, 0x85, 0x94, 0xe6, 0x8e, 0xa5, 0x92, 0x85, 0x50, 0xa4, 0x98,
    0xb1, 0x96, 0xe6, 0x98, 0x48, 0xa6, 0x99, 0xf0, 0x09, 0x46, 0x9a, 0x6a,
    0x46, 0x9a, 0x6a, 0xca, 0xd0, 0xf7, 0x85, 0x51, 0xaa, 0xbd, 0x00, 0x1b,
    0xa4, 0x8f, 0x31, 0x94, 0x05, 0x51, 0x91, 0x94, 0xe6, 0x8f, 0x68, 0x85,
    0x9a, 0xc6, 0x50, 0xd0, 0xd5, 0xa4, 0x9a, 0xf0, 0x20, 0xa6, 0x99, 0xf0,
    0x1c, 0xa5, 0x8f, 0xc9, 0x28, 0xb0, 0x16, 0x98, 0x0a, 0x0a, 0xe8, 0xe0,
    0x04, 0x90, 0xf9, 0x85, 0x51, 0xaa, 0xbd, 0x00, 0x1b, 0xa4, 0x8f, 0x31,
    0x94, 0x05, 0x51, 0x91, 0x94, 0x18, 0xa5, 0x93, 0x65, 0x98, 0x85, 0x98,
    0x4c, 0x80, 0xa9, 0x60, 0x85, 0x97, 0x20, 0x69, 0xaa, 0xb0, 0x64, 0xa5,
    0x91, 0x85, 0x51, 0xa5, 0x8e, 0x85, 0x9a, 0xa6, 0x99, 0xbd, 0x65, 0xaa,
    0x85, 0x8f, 0xa2, 0x00, 0xa4, 0x9a, 0xb9, 0x00, 0x11, 0x85, 0x95, 0xb9,
    0x00, 0x10, 0x85, 0x94, 0xe6, 0x9a, 0xa5, 0x92, 0x85, 0x50, 0xa5, 0x8f,
    0xa4, 0x90, 0x31, 0x94, 0x90, 0x08, 0x01, 0x96, 0xe6, 0x96, 0xd0, 0x02,
    0xe6, 0x97, 0x91, 0x94, 0xc8, 0xa9, 0x00, 0xc6, 0x50, 0xf0, 0x10, 0x90,
    0x08, 0xa1, 0x96, 0xe6, 0x96, 0xd0, 0x02, 0xe6, 0x97, 0x91, 0x94, 0xc8,
    0x4c, 0x37, 0xaa, 0xa5, 0x8f, 0xf0, 0x10, 0x49, 0xff, 0x31, 0x94, 0x90,
    0x08, 0x01, 0x96, 0xe6, 0x96, 0xd0, 0x02, 0xe6, 0x97, 0x91, 0x94, 0xc6,
    0x51, 0xd0, 0xad, 0x18, 0x60, 0x00, 0xc0, 0xf0, 0xfc, 0x84, 0x8e, 0xa0,
    0x00, 0x84, 0x93, 0xb1, 0x96, 0x85, 0x92, 0xc8, 0xb1, 0x96, 0x85, 0x91,
    0xc8, 0x84, 0x98, 0xe0, 0xa0, 0x90, 0x10, 0x8a, 0x49, 0xff, 0x4a, 0x4a,
    0x69, 0x01, 0x85, 0x93, 0x65, 0x98, 0x85, 0x98, 0x4c, 0x9e, 0xaa, 0x8a,
    0x4a, 0x4a, 0x65, 0x92, 0xc9, 0x29, 0xf0, 0x11, 0x90, 0x0f, 0xe9, 0x28,
    0x85, 0x93, 0x38, 0xa5, 0x92, 0xe5, 0x93, 0x85, 0x92, 0xf0, 0x0e, 0x30,
    0x0c, 0x8a, 0x4a, 0x4a, 0x85, 0x90, 0x8a, 0x29, 0x03, 0x85, 0x99, 0x18,
    0x60, 0x38, 0x60, 0x85, 0xa4, 0x84, 0x9b, 0xa0, 0x00, 0x84, 0xa0, 0xb1,
    0xa3, 0x85, 0x9f, 0xc8, 0xb1, 0xa3, 0xf0, 0x64, 0x85, 0x9e, 0xc8, 0x84,
    0xa5, 0x8a, 0x4a, 0x4a, 0x85, 0x9d, 0xa8, 0xc8, 0x84, 0xa6, 0xc8, 0x84,
    0xa7, 0xc8, 0x84, 0xa8, 0xe0, 0xd0, 0x90, 0x4d, 0x8a, 0x49, 0xff, 0x4a,
    0x4a, 0x69, 0x01, 0x85, 0xa0, 0x65, 0xa5, 0x85, 0xa5, 0xa9, 0x00, 0x85,
    0x9d, 0xa5, 0xa0, 0x4c, 0x3b, 0xab, 0xa5, 0x9d, 0x85, 0x9c, 0xa6, 0x9f,
    0xa4, 0xa5, 0xb1, 0xa3, 0xa4, 0x9c, 0x51, 0xa1, 0x91, 0xa1, 0xe6, 0xa5,
    0xe6, 0x9c, 0xca, 0xd0, 0xef, 0xc6, 0x9e, 0xf0, 0x1b, 0x18, 0xa5, 0xa0,
    0x65, 0xa5, 0x85, 0xa5, 0xa4, 0x9b, 0xb9, 0x00, 0x10, 0x85, 0xa1, 0xc9,
    0x28, 0xb0, 0x05, 0xb9, 0x00, 0x11, 0x85, 0xa2, 0xe6, 0x9b, 0xd0, 0xca,
    0x60, 0xa5, 0x9d, 0x18, 0x65, 0x9f, 0xc9, 0x28, 0x90, 0x12, 0x38, 0xe9,
    0x28, 0x85, 0xa0, 0x85, 0x5a, 0x38, 0xa5, 0x9f, 0xe5, 0x5a, 0x85, 0x9f,
    0x30, 0xe6, 0xf0, 0xe4, 0xa6, 0x9b, 0xbd, 0x00, 0x10, 0x85, 0xa1, 0xbd,
    0x00, 0x11, 0x85, 0xa2, 0xe6, 0x9b, 0xa5, 0xa0, 0xd0, 0x9c, 0xa6, 0x9f,
    0xca, 0xca, 0xf0, 0x07, 0xca, 0xf0, 0x52, 0xca, 0xd0, 0x90, 0xe8, 0xa4,
    0xa5, 0xb1, 0xa3, 0xe6, 0xa5, 0xa4, 0x9d, 0x51, 0xa1, 0x91, 0xa1, 0xa4,
    0xa5, 0xb1, 0xa3, 0xe6, 0xa5, 0xa4, 0xa6, 0x51, 0xa1, 0x91, 0xa1, 0x8a,
    0xf0, 0x1b, 0xa4, 0xa5, 0xb1, 0xa3, 0xe6, 0xa5, 0xa4, 0xa7, 0x51, 0xa1,
    0x91, 0xa1, 0x8a, 0x30, 0x0c, 0xa4, 0xa5, 0xb1, 0xa3, 0xa4, 0xa8, 0x51,
    0xa1, 0x91, 0xa1, 0xe6, 0xa5, 0xc6, 0x9e, 0xf0, 0x8b, 0xa4, 0x9b, 0xb9,
    0x00, 0x10, 0x85, 0xa1, 0xc9, 0x28, 0xb0, 0x05, 0xb9, 0x00, 0x11, 0x85,
    0xa2, 0xe6, 0x9b, 0xd0, 0xb2, 0xca, 0xd0, 0xaf, 0x84, 0x52, 0x85, 0x53,
    0x86, 0x54, 0x84, 0x55, 0xa0, 0x00, 0xb1, 0x52, 0x10, 0x26, 0xc8, 0xc9,
    0xff, 0xf0, 0x65, 0xc9, 0xfe, 0xd0, 0x0c, 0xb1, 0x52, 0x85, 0x54, 0xc8,
    0xb1, 0x52, 0x85, 0x55, 0xc8, 0xd0, 0x16, 0x85, 0x97, 0xb1, 0x52, 0x85,
    0x96, 0xa6, 0x54, 0xa4, 0x55, 0x20, 0x73, 0xa9, 0xa0, 0x02, 0xd0, 0x05,
    0x20, 0x01, 0xac, 0xa0, 0x01, 0x98, 0x18, 0x65, 0x52, 0x85, 0x52, 0x90,
    0xc7, 0xe6, 0x53, 0xd0, 0xc3, 0x86, 0x54, 0x84, 0x55, 0xa0, 0x06, 0x84,
    0x91, 0xa4, 0x55, 0x84, 0x8e, 0xa0, 0x01, 0x84, 0x92, 0xa2, 0xb7, 0x0a,
    0x85, 0x96, 0x0a, 0x65, 0x96, 0x69, 0x58, 0x90, 0x01, 0xe8, 0x85, 0x96,
    0x86, 0x97, 0xa6, 0x54, 0x20, 0xa9, 0xaa, 0x20, 0x69, 0xa9, 0x18, 0xa5,
    0x54, 0x69, 0x04, 0xaa, 0x86, 0x54, 0xa4, 0x55, 0x60, 0x85, 0xb9, 0x86,
    0x58, 0x20, 0x74, 0xae, 0xa6, 0xb9, 0xbd, 0x0c, 0x80, 0x85, 0x51, 0xbd,
    0x08, 0x80, 0x85, 0x50, 0xa0, 0x00, 0xa2, 0x18, 0x20, 0x00, 0xb0, 0x20,
    0x39, 0xae, 0xa6, 0xb9, 0xad, 0x0a, 0x18, 0x8d, 0x00, 0x02, 0xad, 0x0b,
    0x18, 0x8d, 0x01, 0x02, 0xbc, 0x89, 0x80, 0xbe, 0x89, 0x80, 0xe0, 0xff,
    0xf0, 0x0b, 0xbd, 0x00, 0x12, 0x09, 0x80, 0x9d, 0x00, 0x12, 0xc8, 0xd0,
    0xee, 0xa5, 0x58, 0xf0, 0x03, 0x20, 0x87, 0xad, 0xa9, 0x05, 0x85, 0x52,
    0xa4, 0x52, 0xa2, 0x00, 0xa9, 0x1a, 0x20, 0xf4, 0xad, 0xc6, 0x52, 0x10,
    0xf3, 0xa5, 0x58, 0xd0, 0x03, 0x4c, 0x5c, 0xad, 0xa9, 0x9b, 0x85, 0x53,
    0xa9, 0x05, 0x85, 0x52, 0xa9, 0x19, 0x85, 0x54, 0xa6, 0x53, 0xbd, 0x2b,
    0x18, 0x29, 0x38, 0xf0, 0x4b, 0x48, 0x18, 0xbc, 0x63, 0x19, 0xb9, 0x42,
    0x80, 0x65, 0x54, 0xa8, 0xb9, 0xc7, 0x18, 0x85, 0x55, 0xa4, 0x54, 0xb9,
    0x49, 0x80, 0x85, 0x56, 0x68, 0xc9, 0x20, 0xd0, 0x0c, 0x18, 0xa5, 0x55,
    0x69, 0x06, 0xa8, 0xbd, 0xc7, 0x18, 0x4c, 0xeb, 0xac, 0xc9, 0x28, 0xd0,
    0x0d, 0x38, 0xbd, 0xc7, 0x18, 0xe9, 0x05, 0xa8, 0xbd, 0xc7, 0x18, 0x4c,
    0xeb, 0xac, 0xc9, 0x18, 0xd0, 0x0e, 0x18, 0xbd, 0xc7, 0x18, 0x69, 0x06,
    0xa8, 0x69, 0x05, 0xa6, 0x56, 0x20, 0x9e, 0xad, 0xc6, 0x53, 0xc6, 0x54,
    0x10, 0xa6, 0xc6, 0x52, 0x10, 0x9e, 0xa9, 0xa8, 0x85, 0x96, 0xa9, 0xb5,
    0xae, 0x02, 0x18, 0xac, 0x04, 0x18, 0x20, 0x79, 0xa9, 0xae, 0x03, 0x18,
    0xac, 0x05, 0x18, 0x20, 0x7b, 0xa9, 0xae, 0x1e, 0x18, 0xac, 0x20, 0x18,
    0xad, 0x1f, 0x18, 0x20, 0x8d, 0xad, 0x20, 0x14, 0x8e, 0xa9, 0x9c, 0x85,
    0xa3, 0xa9, 0xbe, 0xae, 0x23, 0x18, 0xac, 0x24, 0x18, 0x20, 0xb7, 0xaa,
    0xa6, 0xb9, 0xbd, 0x7c, 0x80, 0x29, 0x08, 0xf0, 0x23, 0x18, 0xad, 0x2a,
    0x18, 0x69, 0x0c, 0xa8, 0xae, 0x29, 0x18, 0xca, 0xa9, 0xa8, 0x85, 0x96,
    0xa9, 0xb9, 0x20, 0x79, 0xa9, 0xa9, 0x5c, 0x85, 0xa3, 0xa9, 0xb9, 0xae,
    0x29, 0x18, 0xac, 0x2a, 0x18, 0x20, 0xb7, 0xaa, 0x20, 0x8a, 0xad, 0x20,
    0x7c, 0xae, 0xa9, 0x02, 0x85, 0x50, 0xa6, 0x50, 0xbc, 0x0f, 0x18, 0xbd,
    0x12, 0x18, 0xaa, 0xa9, 0x0a, 0x85, 0x51, 0xbd, 0x16, 0xb7, 0x99, 0x00,
    0x17, 0xc8, 0xe8, 0xc6, 0x51, 0xd0, 0xf4, 0xc6, 0x50, 0x10, 0xe3, 0x8d,
    0x1e, 0xd0, 0x60, 0x6c, 0x08, 0x18, 0x6c, 0x06, 0x18, 0x86, 0x54, 0x84,
    0x55, 0x48, 0x20, 0x9e, 0xad, 0x18, 0xa5, 0x54, 0x69, 0x0c, 0xaa, 0xa4,
    0x55, 0x68, 0x85, 0x56, 0x84, 0x57, 0x86, 0x58, 0xa5, 0x56, 0xc5, 0x57,
    0xf0, 0x49, 0x90, 0x47, 0x38, 0xe5, 0x57, 0xc9, 0x04, 0x90, 0x1f, 0xa5,
    0x57, 0x29, 0x03, 0xd0, 0x19, 0xad, 0x18, 0x18, 0x85, 0x96, 0xad, 0x19,
    0x18, 0xa6, 0x58, 0xa4, 0x57, 0x20, 0x79, 0xa9, 0x18, 0xa5, 0x57, 0x69,
    0x04, 0x85, 0x57, 0x4c, 0xa4, 0xad, 0xac, 0x1a, 0x18, 0xae, 0x1b, 0x18,
    0xa5, 0x57, 0x29, 0x03, 0xd0, 0x06, 0xac, 0x1c, 0x18, 0xae, 0x1d, 0x18,
    0x84, 0x96, 0x8a, 0xa6, 0x58, 0xa4, 0x57, 0x20, 0x79, 0xa9, 0xe6, 0x57,
    0x4c, 0xa4, 0xad, 0x60, 0x84, 0x54, 0x86, 0x55, 0x85, 0x56, 0xc6, 0x56,
    0x30, 0x3a, 0x18, 0xa6, 0x54, 0xbd, 0x42, 0x80, 0x65, 0x55, 0xaa, 0xbd,
    0x2b, 0x18, 0x29, 0x07, 0xa8, 0xa5, 0x55, 0x29, 0x01, 0xd0, 0x0a, 0xb9,
    0x2a, 0x80, 0x85, 0x96, 0xb9, 0x30, 0x80, 0xd0, 0x08, 0xb9, 0x36, 0x80,
    0x85, 0x96, 0xb9, 0x3c, 0x80, 0x85, 0x97, 0xbc, 0xc7, 0x18, 0xa6, 0x55,
    0xbd, 0x49, 0x80, 0xaa, 0x20, 0x7b, 0xa9, 0xe6, 0x55, 0x4c, 0xfa, 0xad,
    0x60, 0x20, 0x74, 0xae, 0xa9, 0x0e, 0xa2, 0x00, 0x9d, 0x00, 0x12, 0xca,
    0xd0, 0xfa, 0xa9, 0x41, 0x8d, 0xca, 0x12, 0xa9, 0x80, 0x8d, 0xcb, 0x12,
    0xa9, 0x80, 0x8d, 0xcc, 0x12, 0xa9, 0x4e, 0x8d, 0x62, 0x12, 0x8d, 0x00,
    0x12, 0xa9, 0x00, 0x8d, 0x63, 0x12, 0xa9, 0x30, 0x8d, 0x64, 0x12, 0xa9,
    0x00, 0x8d, 0x01, 0x12, 0xa9, 0x21, 0x8d, 0x02, 0x12, 0x4c, 0xb3, 0xb1,
    0xa2, 0x86, 0xa9, 0x80, 0xa0, 0x40, 0xd0, 0x06, 0xa2, 0x80, 0xa9, 0x80,
    0xa0, 0xc0, 0x8e, 0x30, 0x02, 0x8d, 0x31, 0x02, 0x84, 0x7e, 0x8c, 0x0e,
    0xd4, 0xa6, 0x14, 0xe4, 0x14, 0xf0, 0xfc, 0x60, 0xa9, 0x05, 0x85, 0x50,
    0xa6, 0x50, 0x20, 0xc7, 0xae, 0xc6, 0x50, 0x10, 0xf7, 0xa9, 0x00, 0x20,
    0x83, 0xb0, 0xa9, 0x04, 0x20, 0x83, 0xb0, 0xa9, 0x08, 0x20, 0x83, 0xb0,
    0xa0, 0xb7, 0xa9, 0xae, 0x4c, 0xb8, 0xab, 0xfe, 0x94, 0x32, 0xbf, 0x1c,
    0xfe, 0x94, 0x27, 0xbf, 0x1c, 0xfe, 0x94, 0x1c, 0xbf, 0x1c, 0xff, 0xbd,
    0x1c, 0xaf, 0x85, 0x52, 0xbd, 0x16, 0xaf, 0x30, 0x24, 0xf0, 0x42, 0xa8,
    0x18, 0x7d, 0x42, 0x80, 0xaa, 0xe6, 0x52, 0xc4, 0x52, 0xb0, 0x06, 0xfe,
    0xc7, 0x18, 0xbd, 0xc7, 0x18, 0x9d, 0xc8, 0x18, 0xe8, 0xe8, 0xc8, 0xc8,
    0xc0, 0x1a, 0xb0, 0x25, 0x9d, 0xc7, 0x18, 0x90, 0xe6, 0x29, 0x7f, 0xa8,
    0x18, 0x7d, 0x42, 0x80, 0xaa, 0xc4, 0x52, 0x90, 0x06, 0xfe, 0xc7, 0x18,
    0xbd, 0xc7, 0x18, 0x9d, 0xc8, 0x18, 0xca, 0xca, 0x88, 0x88, 0x30, 0x05,
    0x9d, 0xc7, 0x18, 0x10, 0xe8, 0x60, 0x98, 0x02, 0x96, 0x02, 0x86, 0x00,
    0x0c, 0x1a, 0x00, 0x1a, 0x00, 0x1a, 0xa2, 0x80, 0xa9, 0x50, 0x9d, 0x02,
    0x04, 0xca, 0x10, 0xfa, 0xa9, 0x01, 0x8d, 0x00, 0x04, 0xa9, 0x80, 0x8d,
    0x01, 0x04, 0xa9, 0x00, 0x85, 0x96, 0xa9, 0x04, 0xa2, 0x21, 0xa0, 0x3e,
    0x20, 0x79, 0xa9, 0xa2, 0x51, 0xa0, 0x3e, 0x20, 0x7b, 0xa9, 0xa9, 0x10,
    0x20, 0x83, 0xb0, 0xa9, 0x08, 0x20, 0x83, 0xb0, 0xa0, 0x84, 0xa9, 0xaf,
    0x20, 0xb8, 0xab, 0xa0, 0x02, 0xa9, 0x08, 0x20, 0x66, 0xaf, 0xa0, 0x02,
    0xa9, 0x17, 0x48, 0x20, 0x89, 0x91, 0x68, 0x9d, 0x40, 0x03, 0x98, 0x9d,
    0xab, 0x0e, 0xa9, 0x01, 0x9d, 0x8b, 0x0e, 0xa9, 0x10, 0x2d, 0x0a, 0xd2,
    0x09, 0x08, 0x9d, 0x5b, 0x0e, 0x4c, 0x77, 0x91, 0xfe, 0x1c, 0x38, 0xb6,
    0xda, 0xfe, 0x4c, 0x38, 0xb6, 0xda, 0xfe, 0x1c, 0xbf, 0xb6, 0xc6, 0xfe,
    0x4c, 0xbf, 0xb6, 0xc6, 0xff, 0xa5, 0xcf, 0xc9, 0x05, 0x90, 0x08, 0xa9,
    0x00, 0x8d, 0x6f, 0x18, 0x8d, 0x55, 0x18, 0x60, 0x18, 0xa5, 0xba, 0x69,
    0x05, 0x85, 0xbe, 0xa9, 0x60, 0x85, 0xbf, 0xa9, 0x0c, 0x20, 0x83, 0xb0,
    0xa0, 0xbf, 0xa9, 0xaf, 0x4c, 0xb8, 0xab, 0xfe, 0x04, 0x28, 0xb7, 0x02,
    0xfe, 0x04, 0x4e, 0xb7, 0x02, 0xfe, 0x52, 0x4e, 0xb7, 0x02, 0xfe, 0x04,
    0x9a, 0xb7, 0x02, 0xfe, 0x9a, 0x28, 0xb6, 0xee, 0xfe, 0x40, 0x4e, 0xb6,
    0xee, 0xfe, 0x9a, 0x4e, 0xb6, 0xee, 0xfe, 0x9a, 0x9a, 0xb6, 0xee, 0xff,
    0xa0, 0x97, 0xa2, 0xb4, 0xd0, 0x0a, 0xa0, 0x06, 0xa2, 0xb2, 0xd0, 0x04,
    0xa0, 0x6f, 0xa2, 0xb2, 0x86, 0x51, 0x84, 0x50, 0xa0, 0x00, 0xa2, 0x1c,
    0x86, 0x53, 0x84, 0x52, 0xa0, 0x00, 0xb1, 0x50, 0xf0, 0x78, 0x30, 0x1c,
    0xaa, 0xe6, 0x50, 0xd0, 0x02, 0xe6, 0x51, 0xb1, 0x50, 0x91, 0x52, 0xe6,
    0x50, 0xd0, 0x02, 0xe6, 0x51, 0xe6, 0x52, 0xd0, 0x02, 0xe6, 0x53, 0xca,
    0xd0, 0xed, 0xf0, 0xdc, 0xc9, 0xc0, 0x29, 0x3f, 0xb0, 0x1d, 0xaa, 0xc8,
    0xb1, 0x50, 0x88, 0x91, 0x52, 0xe6, 0x52, 0xd0, 0x02, 0xe6, 0x53, 0xca,
    0xd0, 0xf5, 0xa9, 0x02, 0x18, 0x65, 0x50, 0x85, 0x50, 0x90, 0xbd, 0xe6,
    0x51, 0xd0, 0xb9, 0x85, 0x8e, 0xe6, 0x50, 0xd0, 0x02, 0xe6, 0x51, 0xb1,
    0x50, 0x85, 0x91, 0xe6, 0x50, 0xd0, 0x02, 0xe6, 0x51, 0xa6, 0x91, 0xa5,
    0x50, 0x85, 0x54, 0xa5, 0x51, 0x85, 0x55, 0xb1, 0x54, 0x91, 0x52, 0xe6,
    0x52, 0xd0, 0x02, 0xe6, 0x53, 0xe6, 0x54, 0xd0, 0x02, 0xe6, 0x55, 0xca,
    0xd0, 0xed, 0xc6, 0x8e, 0xd0, 0xdf, 0xa5, 0x91, 0xd0, 0xbe, 0x60, 0x0a,
    0x0a, 0x0a, 0x85, 0x54, 0xa9, 0x03, 0x85, 0x55, 0xa6, 0x54, 0xbd, 0x20,
    0x84, 0x85, 0x96, 0xbd, 0x21, 0x84, 0x85, 0x97, 0xa9, 0x01, 0x85, 0x99,
    0xa5, 0x99, 0x0a, 0x65, 0x54, 0xaa, 0xbd, 0x20, 0x84, 0x85, 0x94, 0xbd,
    0x21, 0x84, 0x85, 0x95, 0x20, 0xc3, 0xb0, 0xe6, 0x99, 0xa5, 0x99, 0xc9,
    0x04, 0x90, 0xe5, 0x18, 0xa5, 0x54, 0x69, 0x08, 0x85, 0x54, 0xc6, 0x55,
    0x10, 0xca, 0x60, 0xa0, 0x00, 0xb1, 0x96, 0x85, 0x92, 0x18, 0x69, 0x01,
    0x91, 0x94, 0xc8, 0xb1, 0x96, 0x85, 0x91, 0x91, 0x94, 0xc8, 0x84, 0x98,
    0x84, 0x8f, 0xa9, 0x00, 0x85, 0x9a, 0xa5, 0x92, 0x85, 0x50, 0xa4, 0x98,
    0xb1, 0x96, 0x48, 0xa6, 0x99, 0x46, 0x9a, 0x6a, 0x46, 0x9a, 0x6a, 0xca,
    0xd0, 0xf7, 0xa4, 0x8f, 0x91, 0x94, 0xe6, 0x8f, 0xe6, 0x98, 0x68, 0x85,
    0x9a, 0xc6, 0x50, 0xd0, 0xe1, 0xa5, 0x9a, 0xa6, 0x99, 0x0a, 0x0a, 0xe8,
    0xe0, 0x04, 0x90, 0xf9, 0xa4, 0x8f, 0x91, 0x94, 0xe6, 0x8f, 0xc6, 0x91,
    0xd0, 0xc4, 0x18, 0xa5, 0x94, 0x65, 0x8f, 0x85, 0x94, 0xa5, 0x95, 0x69,
    0x00, 0x85, 0x95, 0x60, 0x84, 0x94, 0x86, 0x95, 0x85, 0x97, 0xa0, 0x00,
    0xb1, 0x96, 0x91, 0x94, 0x85, 0x92, 0xc8, 0xb1, 0x96, 0x91, 0x94, 0x85,
    0x91, 0xc8, 0x84, 0x98, 0xa5, 0x92, 0x85, 0x50, 0x18, 0x65, 0x98, 0x85,
    0x51, 0xc6, 0x51, 0xa4, 0x51, 0xb1, 0x96, 0xa2, 0x03, 0x6a, 0x6a, 0x26,
    0x53, 0x2a, 0x26, 0x53, 0x6a, 0xca, 0x10, 0xf5, 0xa4, 0x98, 0xa5, 0x53,
    0x91, 0x94, 0xe6, 0x98, 0xc6, 0x51, 0xc6, 0x50, 0xd0, 0xe1, 0xc6, 0x91,
    0xd0, 0xd2, 0x18, 0xa5, 0x98, 0x65, 0x94, 0x85, 0x94, 0x90, 0x02, 0xe6,
    0x95, 0x60, 0xad, 0x09, 0xd2, 0xc9, 0x21, 0xd0, 0x04, 0xa9, 0x03, 0x85,
    0x7d, 0x68, 0x40, 0xa9, 0x08, 0x8d, 0x1f, 0xd0, 0xad, 0x1f, 0xd0, 0xc9,
    0x07, 0x60, 0x20, 0x83, 0xb1, 0xf0, 0x0f, 0x48, 0x20, 0x83, 0xb1, 0xd0,
    0xfb, 0xa5, 0x14, 0x69, 0x0a, 0xc5, 0x14, 0xd0, 0xfc, 0x68, 0x60, 0xa2,
    0x11, 0xb5, 0xcd, 0xa8, 0xb5, 0xdf, 0x95, 0xcd, 0x98, 0x95, 0xdf, 0xca,
    0x10, 0xf3, 0x60, 0xa9, 0x00, 0x85, 0x50, 0xa9, 0x21, 0x85, 0x51, 0xa9,
    0x20, 0x85, 0x52, 0xa9, 0x00, 0xa8, 0x99, 0x00, 0x13, 0x99, 0x00, 0x14,
    0x99, 0x00, 0x15, 0x99, 0x00, 0x16, 0x99, 0x00, 0x17, 0x88, 0xd0, 0xee,
    0x91, 0x50, 0x88, 0xd0, 0xfb, 0xe6, 0x51, 0xc6, 0x52, 0xd0, 0xf5, 0x60,
    0x18, 0x65, 0x14, 0xc5, 0x14, 0xd0, 0xfc, 0x60, 0xa9, 0x00, 0xa2, 0x0f,
    0x9d, 0xbb, 0x0e, 0xca, 0x10, 0xfa, 0xa2, 0x19, 0x9d, 0x06, 0x0e, 0xca,
    0x10, 0xfa, 0xa9, 0x00, 0xa2, 0x07, 0x9d, 0x00, 0xd2, 0xca, 0x10, 0xfa,
    0x60, 0xb7, 0x88, 0xc9, 0x84, 0xc8, 0x85, 0x00, 0x01, 0xac, 0x85, 0xab,
    0x0d, 0xaa, 0xa2, 0xad, 0xf3, 0xcc, 0xd9, 0xf3, 0x36, 0x56, 0x30, 0x28,
    0x14, 0x3d, 0xcb, 0x02, 0x51, 0x55, 0x06, 0xa2, 0x88, 0x90, 0xa2, 0x36,
    0x06, 0x94, 0x03, 0x11, 0x30, 0x28, 0x14, 0x3d, 0x6e, 0x74, 0x83, 0x92,
    0xa1, 0xad, 0xc5, 0xda, 0xc5, 0x92, 0xc5, 0x92, 0x08, 0x85, 0x04, 0x07,
    0x05, 0x0b, 0x16, 0x14, 0x15, 0x14, 0x03, 0x85, 0x02, 0x06, 0x03, 0x07,
    0x08, 0x08, 0x08, 0x07, 0x85, 0x00, 0x07, 0x43, 0x35, 0x3c, 0x35, 0x2d,
    0x35, 0x3c, 0x85, 0x04, 0x07, 0x19, 0x0a, 0x0a, 0x0a, 0x15, 0x12, 0x0d,
    0x85, 0x00, 0x07, 0x0c, 0x04, 0x05, 0x05, 0x0b, 0x06, 0x07, 0x00, 0x98,
    0x66, 0x0f, 0x80, 0x81, 0x82, 0x83, 0x84, 0x85, 0x86, 0x87, 0x88, 0x89,
    0x8a, 0x8b, 0x8c, 0x8d, 0x8e, 0x89, 0x8f, 0x0b, 0xa2, 0xa3, 0xa4, 0xa5,
    0xa6, 0xa6, 0xa6, 0xa5, 0xa4, 0xa4, 0xa2, 0x85, 0xa3, 0x83, 0xa4, 0xa3,
    0xa6, 0x82, 0xa5, 0x82, 0xa4, 0x8c, 0x00, 0x93, 0xa9, 0x09, 0xa0, 0xa0,
    0xa1, 0xa2, 0xa3, 0xa4, 0xa4, 0xa5, 0xa5, 0xc2, 0x09, 0xa0, 0xa0, 0xa0,
    0xa2, 0xa3, 0xa4, 0xa4, 0xa5, 0xa5, 0x8a, 0xa0, 0x04, 0xa1, 0xa2, 0xa3,
    0xa3, 0x83, 0xa4, 0x84, 0xa5, 0x90, 0xa0, 0x03, 0xa1, 0xa2, 0xa3, 0x83,
    0xa4, 0x84, 0xa5, 0x86, 0xa0, 0x02, 0xa1, 0xa2, 0x83, 0xa3, 0x83, 0xa4,
    0x82, 0xa0, 0x82, 0xa1, 0x84, 0xa3, 0x82, 0xa0, 0x02, 0xa1, 0xa2, 0x83,
    0xa3, 0x01, 0xa0, 0xc3, 0x0c, 0xa1, 0xa2, 0xa2, 0xa3, 0xa3, 0xa4, 0xa4,
    0xa5, 0xa5, 0xa6, 0xa6, 0xa6, 0x13, 0xa1, 0xa2, 0xa2, 0xa3, 0xa3, 0xa4,
    0xa4, 0xa5, 0xa5, 0xa6, 0xa6, 0xa0, 0xa0, 0xa0, 0xa1, 0xa2, 0xa3, 0xa4,
    0xa4, 0x83, 0xa5, 0x83, 0xa1, 0x03, 0xa2, 0xa3, 0xa3, 0x83, 0xa4, 0x83,
    0xa5, 0x01, 0xa1, 0xc2, 0x05, 0xa2, 0xa3, 0xa4, 0xa5, 0xa5, 0x05, 0xa0,
    0xa0, 0xa1, 0xa2, 0xa3, 0x83, 0xa4, 0x82, 0xa5, 0xc3, 0x0c, 0xa1, 0xa2,
    0xa2, 0xa3, 0xa3, 0xa4, 0xa4, 0xa5, 0xa5, 0xa6, 0xa6, 0xa6, 0x13, 0xa1,
    0xa2, 0xa2, 0xa3, 0xa3, 0xa4, 0xa4, 0xa5, 0xa5, 0xa6, 0xa6, 0xa0, 0xa0,
    0xa0, 0xa1, 0xa2, 0xa3, 0xa4, 0xa4, 0x83, 0xa5, 0x83, 0xa1, 0x03, 0xa2,
    0xa3, 0xa3, 0x83, 0xa4, 0x83, 0xa5, 0xc3, 0x07, 0xa1, 0xa1, 0xa2, 0xa3,
    0xa4, 0xa5, 0xa5, 0x83, 0xa3, 0x83, 0xa0, 0x83, 0xa4, 0x83, 0xa0, 0x83,
    0xa5, 0x83, 0xa0, 0x83, 0xa5, 0x83, 0xa0, 0x83, 0xa6, 0x82, 0xa0, 0x83,
    0xa8, 0x35, 0xa0, 0xa0, 0xa9, 0xa9, 0xa0, 0xa0, 0xa8, 0xa8, 0xa0, 0xa0,
    0xa8, 0xa8, 0xa0, 0xa0, 0xa7, 0xa7, 0xa0, 0xa6, 0xa6, 0xa0, 0xa0, 0xa6,
    0xa6, 0xa0, 0xa0, 0xa5, 0xa5, 0xa0, 0xa0, 0xa4, 0xa4, 0xa0, 0xa3, 0xa0,
    0xa2, 0xa0, 0xa1, 0xa3, 0xa4, 0xa5, 0xa6, 0xa5, 0xa4, 0xa3, 0xa4, 0xa5,
    0xa6, 0xa7, 0xa6, 0xa5, 0xa4, 0xa3, 0xa0, 0x92, 0xa7, 0x84, 0xa0, 0x02,
    0xa3, 0xa4, 0x84, 0xa5, 0x82, 0xa6, 0x90, 0xa7, 0x0a, 0x23, 0x24, 0x25,
    0x26, 0x28, 0x2a, 0x2d, 0x32, 0x30, 0x2e, 0xc4, 0x0a, 0x3e, 0x3d, 0x3b,
    0x39, 0x37, 0x36, 0x37, 0x39, 0x3b, 0x3d, 0x08, 0x3d, 0x3e, 0x40, 0x47,
    0x53, 0x63, 0x72, 0x72, 0x8c, 0x00, 0x83, 0x44, 0x8b, 0x0b, 0x04, 0x1c,
    0x11, 0x06, 0x05, 0x8c, 0x00, 0x03, 0x07, 0x01, 0x01, 0xc6, 0x02, 0xd9,
    0xb6, 0x83, 0x5b, 0x8c, 0x0b, 0x03, 0x22, 0x06, 0x05, 0x8c, 0x05, 0x03,
    0x07, 0x01, 0x01, 0x89, 0x5b, 0x89, 0x51, 0x89, 0x5b, 0x95, 0x6c, 0x9a,
    0x88, 0x8b, 0x6c, 0x03, 0x6d, 0x6e, 0x70, 0x8f, 0x88, 0x8c, 0x6c, 0x8c,
    0x5b, 0x8c, 0x6c, 0x8b, 0x5b, 0xac, 0x6c, 0x8c, 0x88, 0x8c, 0x6c, 0x8c,
    0x88, 0x8b, 0x6c, 0xac, 0x88, 0x86, 0xcc, 0x83, 0xb6, 0x83, 0xcc, 0x83,
    0xa2, 0x83, 0xcc, 0x84, 0x99, 0x82, 0xcc, 0x83, 0x88, 0x82, 0xcc, 0x83,
    0x80, 0x1b, 0xcc, 0xcc, 0x79, 0x79, 0xcc, 0xcc, 0x72, 0x72, 0xcc, 0xcc,
    0x6c, 0x6c, 0xcc, 0xcc, 0x66, 0x66, 0xcc, 0x60, 0x60, 0xcc, 0xcc, 0x5b,
    0x5b, 0x5b, 0x51, 0x55, 0x55, 0x85, 0x51, 0x05, 0x4c, 0x51, 0x48, 0x51,
    0x44, 0x91, 0x08, 0x91, 0x48, 0x1f, 0x2d, 0x23, 0x28, 0x2d, 0x34, 0x2d,
    0x2f, 0x35, 0x10, 0x0c, 0x04, 0x05, 0x0a, 0x05, 0x01, 0x02, 0x16, 0x1b,
    0x23, 0x2d, 0x3b, 0x4b, 0x64, 0x1d, 0x20, 0x28, 0x2f, 0x39, 0x48, 0x56,
    0x6d, 0xc4, 0x04, 0x32, 0x33, 0x32, 0x32, 0x82, 0x32, 0x85, 0x28, 0x16,
    0x29, 0x28, 0x27, 0x28, 0x28, 0x27, 0x28, 0x29, 0x27, 0x28, 0x34, 0x35,
    0x34, 0x34, 0x35, 0x3c, 0x3d, 0x3c, 0x44, 0x43, 0x44, 0x44, 0x00, 0xbf,
    0xa9, 0xbf, 0xa9, 0x92, 0xa9, 0x98, 0x88, 0x93, 0xb6, 0x91, 0x5b, 0x8f,
    0x6c, 0x82, 0x48, 0x83, 0x80, 0x82, 0x44, 0x83, 0x79, 0x82, 0x40, 0x83,
    0x72, 0x82, 0x3c, 0x82, 0x6c, 0x82, 0x39, 0x83, 0x66, 0x82, 0x35, 0x83,
    0x5b, 0x82, 0x32, 0x83, 0x55, 0x82, 0x2f, 0x83, 0x51, 0x82, 0x2d, 0x83,
    0x4c, 0x82, 0x2a, 0x83, 0x48, 0x82, 0x28, 0x83, 0x44, 0x82, 0x25, 0x83,
    0x3f, 0x82, 0x23, 0x83, 0x3c, 0x82, 0x2d, 0x83, 0x3c, 0x00, 0x58, 0x1c,
    0x00, 0x1c, 0x64, 0x1c, 0x70, 0x1c, 0x7c, 0x1c, 0x0c, 0x1c, 0x88, 0x1c,
    0x94, 0x1c, 0x64, 0x1e, 0x6a, 0x1c, 0x73, 0x1e, 0x82, 0x1e, 0x91, 0x1e,
    0x79, 0x1c, 0xa0, 0x1e, 0xaf, 0x1e, 0x42, 0x20, 0xfc, 0x1d, 0x4a, 0x20,
    0x4e, 0x20, 0x46, 0x20, 0xfc, 0x1d, 0x4a, 0x20, 0x4e, 0x20, 0x65, 0x65,
    0x65, 0xb9, 0x65, 0x91, 0xcf, 0x65, 0x65, 0x65, 0x65, 0x4f, 0x65, 0x65,
    0x39, 0x00, 0x20, 0x1c, 0x20, 0x00, 0x20, 0x00, 0x00, 0x1f, 0x1f, 0x1e,
    0x1c, 0x00, 0x1e, 0x1e, 0x00, 0x00, 0x61, 0x00, 0x52, 0x00, 0x20, 0x00,
    0x00, 0x25, 0x08, 0xbe, 0x90, 0x00, 0x34, 0x2a, 0x00, 0x00, 0x1d, 0x1c,
    0x1d, 0x00, 0x20, 0x00, 0x00, 0x1c, 0x1c, 0x1c, 0x1c, 0x00, 0x1c, 0x1c,
    0x00, 0x00, 0xfc, 0x18, 0xec, 0x00, 0x31, 0x00, 0x00, 0xf1, 0xd3, 0x89,
    0x00, 0x00, 0x3a, 0x30, 0x00, 0x00, 0x06, 0x04, 0x06, 0x00, 0x04, 0x00,
    0x00, 0x02, 0x02, 0x02, 0x00, 0x00, 0x00, 0x00, 0x00, 0x00, 0x00, 0x00,
    0x02, 0x06, 0x55, 0x50, 0x04, 0x00, 0x15, 0x10, 0x51, 0x50, 0x40, 0x40,
    0x55, 0x50, 0x02, 0x06, 0x55, 0x50, 0x40, 0x40, 0x51, 0x50, 0x15, 0x10,
    0x04, 0x00, 0x55, 0x50, 0x02, 0x06, 0xaa, 0xa0, 0xa0, 0xa0, 0x80, 0x20,
    0x80, 0x20, 0xa0, 0xa0, 0xaa, 0xa0, 0x02, 0x06, 0xff, 0xf0, 0x0c, 0x00,
    0x0c, 0x00, 0x0c, 0x00, 0x0c, 0x00, 0xff, 0xf0, 0x02, 0x0c, 0x02, 0x00,
    0x55, 0x50, 0x5a, 0x90, 0x55, 0x50, 0x55, 0x50, 0x55, 0x50, 0x02, 0x00,
    0x02, 0x00, 0x02, 0x00, 0x02, 0x00, 0x02, 0x00, 0x02, 0x00, 0x02, 0x04,
    0xaa, 0xa0, 0x80, 0x20, 0x80, 0x20, 0x80, 0x20, 0x02, 0x01, 0x80, 0x20,
    0x02, 0x01, 0xaa, 0xa0, 0x02, 0x04, 0xff, 0xf0, 0xc0, 0x30, 0xc0, 0x30,
    0xc0, 0x30, 0x02, 0x01, 0xc0, 0x30, 0x02, 0x01, 0xff, 0xf0, 0x02, 0x08,
    0x55, 0x50, 0x95, 0x60, 0x9f, 0x60, 0x9f, 0x60, 0x9f, 0x60, 0x9f, 0x60,
    0x15, 0x40, 0x05, 0x00, 0x02, 0x08, 0x55, 0x50, 0x15, 0x40, 0x1f, 0x40,
    0x1f, 0x40, 0x1f, 0x40, 0x1f, 0x40, 0x15, 0x40, 0x05, 0x00, 0x02, 0x08,
    0x05, 0x55, 0x01, 0x54, 0x01, 0xf4, 0x01, 0xf4, 0x01, 0xf4, 0x01, 0xf4,
    0x01, 0x54, 0x00, 0x50, 0x04, 0x10, 0x00, 0x00, 0x00, 0x0a, 0x00, 0x00,
    0x0a, 0x0a, 0x00, 0x02, 0x08, 0x8a, 0x00, 0xa2, 0x08, 0x8a, 0x08, 0x82,
    0x08, 0x8a, 0x88, 0x82, 0x08, 0x8a, 0x88, 0x82, 0x08, 0x8a, 0xa8, 0xa2,
    0x08, 0x8a, 0x88, 0x82, 0x08, 0x8a, 0x88, 0x82, 0x0a, 0x0a, 0x08, 0x82,
    0x08, 0x0a, 0x00, 0xa2, 0x08, 0x0a, 0x00, 0x02, 0x88, 0x0a, 0x00, 0x00,
    0x08, 0x00, 0x00, 0x00, 0x00, 0x0a, 0x00, 0x00, 0x00, 0x0a, 0x02, 0x09,
    0x14, 0x14, 0x55, 0x55, 0x55, 0x55, 0x55, 0x55, 0x55, 0x55, 0x15, 0x54,
    0x15, 0x54, 0x05, 0x50, 0x01, 0x40, 0x02, 0x09, 0x14, 0x14, 0x55, 0x15,
    0x55, 0x15, 0x54, 0x55, 0x54, 0x55, 0x14, 0x14, 0x15, 0x14, 0x04, 0x50,
    0x01, 0x40, 0x00, 0x14, 0x00, 0x55, 0x55, 0x55, 0x04, 0x04, 0x04, 0x15,
    0x15, 0x15, 0x51, 0x51, 0x51, 0x40, 0x40, 0x40, 0x55, 0x55, 0x55, 0x00,
    0x14, 0x00, 0x02, 0x09, 0x28, 0x00, 0xa0, 0x00, 0xa0, 0x00, 0xa0, 0x00,
    0xa0, 0x00, 0xa0, 0x00, 0xa0, 0x00, 0xa0, 0x00, 0x2a, 0x80, 0x02, 0x09,
    0x0a, 0x00, 0x02, 0x80, 0x02, 0x80, 0x02, 0x80, 0x02, 0x80, 0x02, 0x80,
    0x02, 0x80, 0x02, 0x80, 0xaa, 0x00, 0x03, 0x06, 0x0f, 0xff, 0xf0, 0x3f,
    0xff, 0xfc, 0xfa, 0xaa, 0xaf, 0xfa, 0xaa, 0xaf, 0xff, 0xaa, 0xff, 0x3f,
    0xff, 0xfc, 0x03, 0x06, 0x3f, 0xff, 0xfc, 0xff, 0xaa, 0xff, 0xfa, 0xaa,
    0xaf, 0xfa, 0xaa, 0xaf, 0x3f, 0xff, 0xfc, 0x0f, 0xff, 0xf0, 0x02, 0x09,
    0x55, 0x00, 0x55, 0x40, 0x51, 0x40, 0x4a, 0x50, 0x6a, 0x50, 0x68, 0x50,
    0x61, 0x40, 0x55, 0x40, 0x55, 0x00, 0x02, 0x09, 0x05, 0x50, 0x15, 0x5f,
    0x14, 0x50, 0x52, 0x90, 0x5a, 0x90, 0x5a, 0x10, 0x18, 0x5f, 0x15, 0x50,
    0x05, 0x50, 0x38, 0x6c, 0xdc, 0xde, 0xaa, 0x10, 0x10, 0x10, 0x1c, 0x08,
    0x10, 0x44, 0x10, 0x54, 0x54, 0xfe, 0xfe, 0x00, 0xfe, 0xfe, 0x38, 0x44,
    0x82, 0x82, 0xba, 0x6c, 0xaa, 0xd6, 0xee, 0xfe, 0x00, 0x00, 0x14, 0x3c,
    0x38, 0x00, 0x7c, 0xfe, 0xda, 0xda, 0x03, 0x08, 0x00, 0x50, 0x00, 0x05,
    0xd4, 0x00, 0x1f, 0x57, 0x00, 0xd5, 0xd5, 0xc0, 0x55, 0x55, 0x50, 0xaa,
    0xaa, 0xa0, 0xaa, 0xaa, 0xa0, 0x2a, 0xaa, 0x80, 0x54, 0x44, 0x44, 0x44,
    0x44, 0x54, 0x10, 0x50, 0x10, 0x10, 0x10, 0x54, 0x54, 0x04, 0x04, 0x54,
    0x40, 0x54, 0x54, 0x04, 0x04, 0x54, 0x04, 0x54, 0x40, 0x44, 0x44, 0x54,
    0x04, 0x04, 0x54, 0x40, 0x40, 0x54, 0x04, 0x54, 0x54, 0x44, 0x40, 0x54,
    0x44, 0x54, 0x54, 0x04, 0x04, 0x04, 0x04, 0x04, 0x54, 0x44, 0x44, 0x54,
    0x44, 0x54, 0x54, 0x44, 0x44, 0x54, 0x04, 0x54, 0x00, 0x00, 0x00, 0x00,
    0x00, 0x00, 0x54, 0x44, 0x44, 0x54, 0x44, 0x44, 0x54, 0x44, 0x44, 0x50,
    0x44, 0x54, 0x54, 0x40, 0x40, 0x40, 0x40, 0x54, 0x50, 0x44, 0x44, 0x44,
    0x44, 0x50, 0x54, 0x40, 0x40, 0x50, 0x40, 0x54, 0x54, 0x40, 0x40, 0x50,
    0x40, 0x40, 0x54, 0x40, 0x40, 0x44, 0x44, 0x54, 0x44, 0x44, 0x44, 0x54,
    0x44, 0x44, 0x54, 0x10, 0x10, 0x10, 0x10, 0x54, 0x04, 0x04, 0x04, 0x04,
    0x44, 0x54, 0x40, 0x44, 0x50, 0x50, 0x44, 0x44, 0x40, 0x40, 0x40, 0x40,
    0x40, 0x54, 0x44, 0x54, 0x54, 0x44, 0x44, 0x44, 0x44, 0x54, 0x54, 0x54,
    0x54, 0x44, 0x54, 0x44, 0x44, 0x44, 0x44, 0x54, 0x54, 0x44, 0x44, 0x54,
    0x40, 0x40, 0x10, 0x44, 0x04, 0x10, 0x00, 0x10, 0x54, 0x44, 0x44, 0x54,
    0x50, 0x44, 0x54, 0x40, 0x40, 0x54, 0x04, 0x54, 0x54, 0x10, 0x10, 0x10,
    0x10, 0x10, 0x44, 0x44, 0x44, 0x44, 0x44, 0x54, 0x44, 0x44, 0x44, 0x44,
    0x54, 0x10, 0x44, 0x44, 0x44, 0x54, 0x54, 0x44, 0x44, 0x44, 0x10, 0x10,
    0x44, 0x44, 0x44, 0x44, 0x44, 0x10, 0x10, 0x10, 0x01, 0x0a, 0x28, 0xa8,
    0x34, 0xf4, 0x54, 0x74, 0xf4, 0x24, 0x54, 0x44, 0x44, 0x58, 0x6c, 0x80,
    0xb8, 0xb8, 0xb8, 0xb8, 0x03, 0x06, 0x30, 0xfc, 0xfc, 0xf0, 0xcc, 0xcc,
    0x30, 0xcc, 0xcc, 0x30, 0xcc, 0xcc, 0x30, 0xcc, 0xcc, 0xfc, 0xfc, 0xfc,
    0x03, 0x06, 0xfc, 0xfc, 0xfc, 0x0c, 0xcc, 0xcc, 0x0c, 0xcc, 0xcc, 0xfc,
    0xcc, 0xcc, 0x0c, 0xcc, 0xcc, 0xfc, 0xfc, 0xfc, 0x03, 0x06, 0xfc, 0xfc,
    0xfc, 0xc0, 0xcc, 0xcc, 0xc0, 0xcc, 0xcc, 0xfc, 0xcc, 0xcc, 0x0c, 0xcc,
    0xcc, 0xfc, 0xfc, 0xfc, 0x03, 0x06, 0xfc, 0xfc, 0xfc, 0xcc, 0xcc, 0xcc,
    0xcc, 0xcc, 0xcc, 0xfc, 0xcc, 0xcc, 0xcc, 0xcc, 0xcc, 0xfc, 0xfc, 0xfc,
    0x02, 0x10, 0xaa, 0xa8, 0xaa, 0xa8, 0x05, 0x40, 0x05, 0x40, 0x12, 0x10,
    0x12, 0x10, 0x52, 0x14, 0x42, 0x04, 0x42, 0x04, 0x52, 0x14, 0x12, 0x10,
    0x12, 0x10, 0x05, 0x40, 0x05, 0x40, 0xaa, 0xa8, 0xaa, 0xa8, 0x02, 0x06,
    0xaa, 0xa8, 0xaa, 0xa8, 0x42, 0x14, 0x52, 0x04, 0xaa, 0xa8, 0xaa, 0xa8,
    0x04, 0x03, 0x02, 0x0c, 0x02, 0x80, 0x0a, 0xa0, 0x20, 0x08, 0x20, 0x08,
    0x80, 0x02, 0x80, 0x02, 0x80, 0x02, 0x80, 0x02, 0x20, 0x08, 0x20, 0x08,
    0x0a, 0xa0, 0x02, 0x80, 0x04, 0x05, 0x02, 0x08, 0x02, 0x80, 0x0a, 0xa0,
    0x28, 0x28, 0x28, 0x08, 0x20, 0x28, 0x28, 0x20, 0x0a, 0x20, 0x02, 0x80,
    0x04, 0x06, 0x02, 0x06, 0x02, 0x80, 0x0a, 0xa0, 0x0a, 0xa0, 0x0a, 0xa0,
    0x0a, 0xa0, 0x02, 0x80, 0x04, 0x07, 0x02, 0x04, 0x00, 0x80, 0x02, 0xa0,
    0x02, 0xa0, 0x00, 0x80, 0x00, 0x00, 0x04, 0x12, 0x00, 0x02, 0x00, 0x00,
    0x00, 0x02, 0x00, 0x00, 0x20, 0x02, 0x00, 0x80, 0x08, 0x02, 0x02, 0x00,
    0x02, 0x02, 0x08, 0x00, 0x00, 0x80, 0x20, 0x00, 0x00, 0x00, 0x00, 0x00,
    0x00, 0x00, 0x00, 0x00, 0xaa, 0x80, 0x0a, 0xa8, 0x00, 0x00, 0x00, 0x00,
    0x00, 0x00, 0x00, 0x00, 0x00, 0x00, 0x00, 0x00, 0x00, 0x80, 0x08, 0x00,
    0x02, 0x02, 0x02, 0x00, 0x08, 0x02, 0x00, 0x80, 0x20, 0x02, 0x00, 0x20,
    0x00, 0x02, 0x00, 0x00, 0x00, 0x02, 0x00, 0x00, 0x03, 0x0c, 0x00, 0x40,
    0xc0, 0x00, 0x50, 0x50, 0x01, 0x51, 0x50, 0x0d, 0x41, 0x40, 0x05, 0x45,
    0x10, 0x01, 0xdd, 0x14, 0x17, 0xd5, 0x50, 0x15, 0xf5, 0x14, 0x17, 0xfd,
    0x54, 0x57, 0xdd, 0x70, 0x5f, 0x5f, 0x14, 0x5d, 0x5d, 0xd0, 0x03, 0x0c,
    0x00, 0xc0, 0x00, 0x00, 0x14, 0x00, 0x05, 0x15, 0x00, 0x01, 0x45, 0x00,
    0x05, 0x45, 0x10, 0x01, 0x75, 0x5c, 0x53, 0x7d, 0xd0, 0x11, 0xfd, 0x14,
    0x15, 0xff, 0x54, 0xd7, 0xdf, 0x50, 0x57, 0xd7, 0x14, 0x57, 0x57, 0xf0,
    0x03, 0x14, 0x2a, 0xaa, 0xa8, 0x2a, 0xaa, 0xa8, 0x2a, 0xaa, 0xa8, 0x2a,
    0xaa, 0xa8, 0x80, 0x00, 0x02, 0x2a, 0xaa, 0xa8, 0x2a, 0xaa, 0xa8, 0x2a,
    0xaa, 0xa8, 0x20, 0x22, 0x28, 0x22, 0x22, 0x28, 0x22, 0x22, 0x28, 0x22,
    0x22, 0x28, 0x20, 0x22, 0x08, 0x2a, 0xaa, 0xa8, 0x80, 0x00, 0x02, 0x2a,
    0xaa, 0xa8, 0x2a, 0xaa, 0xa8, 0x2a, 0xaa, 0xa8, 0x2a, 0xaa, 0xa8, 0x2a,
    0xaa, 0xa8, 0x10, 0x10, 0x90, 0x0a, 0x8a, 0x0c, 0x8e, 0x0e, 0x0f, 0x0d,
    0x0f, 0x8d, 0x10, 0x90, 0x90, 0x90, 0x10, 0x10, 0x10, 0xd0, 0x98, 0x50,
    0x18, 0x95, 0x15, 0x00, 0x00, 0x00, 0x00, 0x00, 0x00, 0x00, 0x00, 0x00,
    0x00, 0x00, 0x00, 0x00, 0x00, 0x00, 0x00, 0x00, 0x00, 0x00, 0x00, 0x00,
    0xf8, 0x00, 0xf8, 0xf9, 0xf9, 0xfe, 0xfe, 0xfe, 0xfe, 0xfe, 0xfe, 0xfe,
    0x01, 0xff, 0xff, 0xff, 0xff, 0xfe, 0xfe, 0xfe, 0xfe, 0x01, 0x01, 0x01,
    0xfe, 0xfe, 0x01, 0x01, 0xfe, 0x01, 0xfe, 0xfe, 0xfe, 0xfe, 0xfe, 0xfe,
    0xff, 0xff, 0xff, 0xff, 0xff, 0xff, 0xff, 0xff, 0xff, 0xff, 0xff, 0xff,
    0xff, 0xff, 0xff, 0xff, 0xff, 0xff, 0xff, 0xa6, 0xb6, 0xa6, 0xc6, 0xc6,
    0xd0, 0x30, 0x30, 0x7a, 0x89, 0x7a, 0x89, 0x96, 0x00, 0x10, 0x20, 0x00,
    0x10, 0x20, 0x6b, 0x53, 0x6b, 0x53, 0x3e, 0x3e, 0x78, 0xff, 0x00, 0x00,
    0x00, 0x00, 0x00, 0x00, 0x60, 0x20, 0x30, 0x3c, 0xfc, 0xe0, 0xc0, 0x00,
    0x78, 0xff, 0x00, 0x00, 0x00, 0x00, 0x00, 0x00, 0x30, 0x38, 0x3e, 0x1e,
    0x9e, 0xee, 0xec, 0x00, 0x00, 0x78, 0xff, 0x00, 0x00, 0x00, 0x00, 0x00,
    0x00, 0x30, 0x00, 0x02, 0x7e, 0xfe, 0xec, 0x00, 0x78, 0xff, 0x00, 0x00,
    0x00, 0x00, 0x00, 0x00, 0x10, 0x18, 0x3c, 0x3c, 0xec, 0x44, 0x00, 0xfe,
    0xfe, 0xfe, 0xfe, 0x00, 0x00, 0x68, 0xef, 0x00, 0x00, 0x00, 0x00, 0x00,
    0x00, 0x00, 0x18, 0xfc, 0xfc, 0xec, 0x44, 0x00, 0xfe, 0x0c, 0xfe, 0xfe,
    0xfe, 0x00, 0x00, 0x70, 0xef, 0x00, 0x00, 0x00, 0x00, 0x00, 0x00, 0x00,
    0x18, 0x7c, 0xfc, 0xfc, 0xe0, 0xc0, 0x00, 0x78, 0xff, 0x00, 0x00, 0x00,
    0x00, 0x00, 0x00, 0x00, 0x00, 0x40, 0x7e, 0xfe, 0xec, 0x00, 0x7e, 0x3c,
    0x00, 0x00, 0x00, 0x00, 0x00, 0x00, 0x3c, 0x24, 0x24, 0x3c, 0x3c, 0x7e,
    0x24, 0x00, 0x01, 0x03, 0x83, 0xc3, 0x63, 0x63, 0x63, 0xc3, 0x83, 0x01,
    0x00, 0x00, 0x00, 0x00, 0x00, 0x00, 0x00, 0x00, 0x00, 0x00, 0x02, 0xc2,
    0x83, 0xe3, 0xe3, 0xe3, 0xe3, 0x03, 0x00, 0x3e, 0x3e, 0x00, 0x00, 0x1e,
    0x12, 0x12, 0x72, 0xff, 0xff, 0xff, 0x6f, 0x0e, 0x00, 0x00, 0x7e, 0x3c,
    0x18, 0x00, 0x00, 0x00, 0x3c, 0x24, 0x24, 0x66, 0x7e, 0x7e, 0x7e, 0x7e,
    0x66, 0x00, 0x3c, 0x7e, 0xff, 0xff, 0xbf, 0x3f, 0x0f, 0x0f, 0x00, 0x00,
    0x3c, 0x7e, 0x3c, 0x42, 0x7e, 0xff, 0xff, 0xff, 0xf7, 0xef, 0x0f, 0x00,
    0x00, 0x00, 0x78, 0x70, 0x98, 0x80, 0xe7, 0x00, 0xce, 0xee, 0x06, 0x01,
    0x01, 0x03, 0x80, 0xe0, 0x00, 0x00, 0x78, 0x70, 0x98, 0x80, 0xe7, 0x00,
    0xe7, 0xe3, 0xe0, 0x40, 0x00, 0x00, 0x00, 0x77, 0x00, 0x00, 0x00, 0x78,
    0x70, 0x98, 0x80, 0xe7, 0x20, 0x60, 0x78, 0x78, 0x00, 0x80, 0x80, 0x8e,
    0x00, 0x00, 0x78, 0x70, 0x98, 0x80, 0xe7, 0x00, 0x76, 0x72, 0x00, 0x81,
    0x81, 0x81, 0x00, 0x00, 0x00, 0x00, 0x00, 0x00, 0x00, 0x00, 0x00, 0x70,
    0x60, 0x80, 0x98, 0xff, 0x18, 0x7e, 0x72, 0x00, 0x81, 0x81, 0x81, 0x00,
    0x00, 0x01, 0x00, 0x00, 0x00, 0x00, 0x00, 0x00, 0x00, 0x70, 0x60, 0x80,
    0x98, 0xff, 0x18, 0x7e, 0x72, 0x40, 0x01, 0x01, 0x03, 0x80, 0xe0, 0x00,
    0x00, 0x78, 0x70, 0x98, 0x80, 0xe7, 0x00, 0x7f, 0x7e, 0x1e, 0x00, 0x80,
    0x80, 0x8e, 0x00, 0x00, 0x42, 0x42, 0xc3, 0x81, 0xbd, 0x00, 0x00, 0xdb,
    0x5a, 0x42, 0x81, 0x81, 0x42, 0x00, 0x40, 0xa8, 0x2c, 0x20, 0x10, 0x10,
    0x10, 0x20, 0x2c, 0xa8, 0x40, 0x00, 0x00, 0x00, 0x00, 0x00, 0x00, 0x00,
    0x00, 0x00, 0x60, 0x00, 0x10, 0x10, 0x10, 0x10, 0x1c, 0x7c, 0x00, 0x00,
    0xc0, 0xde, 0xfe, 0xe1, 0x6d, 0x6d, 0x0c, 0x00, 0x00, 0x00, 0x00, 0x70,
    0x06, 0x0c, 0x00, 0x00, 0x24, 0x7e, 0x7e, 0x7e, 0x42, 0xdb, 0xdb, 0x99,
    0x81, 0x00, 0x00, 0x00, 0x00, 0x7e, 0xc0, 0x80, 0x00, 0x00, 0x40, 0x40,
    0x60, 0x00, 0x06, 0x06, 0x00, 0x00, 0x00, 0x3c, 0x00, 0x00, 0x00, 0x00,
    0x00, 0x00, 0xc0, 0x06, 0x00, 0x00, 0x0c, 0x18, 0xce, 0xff, 0x30, 0x7c,
    0x00, 0x03, 0xc3, 0xc0, 0x00, 0x00, 0x00, 0x00, 0x00, 0x00, 0x0c, 0x18,
    0xce, 0xff, 0x30, 0x7c, 0x00, 0x00, 0x00, 0x60, 0x60, 0x00, 0x00, 0x00,
    0x00, 0x00, 0x00, 0x0c, 0x18, 0xce, 0xff, 0x30, 0x3c, 0x0e, 0x0e, 0x0c,
    0x00, 0x00, 0x00, 0x00, 0x00, 0x00, 0x0c, 0x18, 0xce, 0xff, 0x30, 0x7c,
    0x00, 0x03, 0xc3, 0xc0, 0x00, 0x00, 0x10, 0x00, 0x00, 0x00, 0x00, 0x10,
    0x10, 0x10, 0x10, 0x1c, 0x38, 0xfe, 0xcf, 0x00, 0x4c, 0x00, 0x00, 0x00,
    0x00, 0x00, 0x00, 0x10, 0x00, 0xf0, 0x00, 0x00, 0x00, 0x10, 0x10, 0x10,
    0x10, 0x1c, 0x38, 0xfe, 0xcf, 0x00, 0x4c, 0x00, 0x00, 0x00, 0x00, 0x00,
    0x00, 0x00, 0x00, 0x00, 0x00, 0x0c, 0x18, 0xce, 0xff, 0x30, 0x7c, 0x00,
    0x03, 0x03, 0x00, 0x00, 0x00, 0x00, 0x00, 0x00, 0x3c, 0x18, 0x3c, 0x7e,
    0x42, 0xc3, 0xc3, 0x00, 0x00, 0x00, 0x42, 0x00, 0x00, 0x08, 0x10, 0x10,
    0x10, 0x1c, 0x08, 0x0c, 0x08, 0x1c, 0x10, 0x10, 0x10, 0x08, 0x1c, 0x22,
    0x41, 0x41, 0x22, 0x1c, 0x00, 0x00, 0x08, 0x00, 0x0c, 0x08, 0x0c, 0x0c,
    0x00, 0x00, 0xc0, 0xc0, 0x00, 0x00, 0x00, 0x00, 0x00, 0x00, 0x01, 0x00,
    0x00, 0x00, 0x00, 0x00, 0x00, 0x00, 0x04, 0x0c, 0x00, 0x15, 0x54, 0x00,
    0x00, 0x55, 0x55, 0x00, 0x00, 0x5d, 0x75, 0x00, 0x01, 0x7d, 0x7d, 0x40,
    0x05, 0xf3, 0xcf, 0x50, 0x0d, 0x7f, 0xfd, 0x70, 0x0c, 0xfc, 0x3f, 0x70,
    0x05, 0xff, 0xff, 0x10, 0x07, 0xf5, 0x5f, 0xd0, 0x07, 0xdf, 0xf7, 0xd0,
    0x05, 0xff, 0xff, 0x50, 0x05, 0x7f, 0xfd, 0x50, 0x04, 0x0c, 0x00, 0x15,
    0x54, 0x00, 0x00, 0x55, 0x55, 0x00, 0x00, 0x5d, 0x75, 0x00, 0x01, 0x7d,
    0x7d, 0x40, 0x01, 0xf3, 0xcf, 0x50, 0x0d, 0x7f, 0xfd, 0x70, 0x0d, 0xfc,
    0x3f, 0x30, 0x04, 0xff, 0xff, 0x50, 0x07, 0x8c, 0xcf, 0xd0, 0x07, 0xc0,
    0x03, 0xd0, 0x05, 0x73, 0x37, 0x50, 0x05, 0xff, 0xfd, 0x50, 0x03, 0x0d,
    0x00, 0x04, 0x00, 0x00, 0x05, 0x00, 0x00, 0x05, 0x00, 0x00, 0x05, 0x40,
    0x00, 0x05, 0x40, 0x55, 0x55, 0x50, 0x7d, 0x55, 0x50, 0xff, 0x55, 0x50,
    0xf5, 0x55, 0x50, 0xdf, 0xd5, 0x50, 0xdd, 0x55, 0x40, 0xdf, 0x55, 0x40,
    0xf5, 0x55, 0x00, 0x03, 0x11, 0x00, 0x03, 0xc0, 0x00, 0x05, 0x70, 0x00,
    0x05, 0x50, 0x00, 0x05, 0x50, 0x00, 0x05, 0x54, 0x00, 0x05, 0x54, 0x00,
    0x05, 0x54, 0x00, 0x05, 0x54, 0x00, 0x05, 0x54, 0x55, 0x55, 0xd4, 0x7d,
    0x57, 0x50, 0xff, 0x5d, 0x40, 0xfd, 0x55, 0x40, 0xff, 0x55, 0x00, 0xfd,
    0x54, 0x00, 0xdd, 0x50, 0x00, 0xf5, 0x50, 0x00, 0x03, 0x0c, 0xd7, 0xd0,
    0x00, 0xf5, 0x54, 0x00, 0xfd, 0x55, 0x00, 0xff, 0x55, 0x40, 0xff, 0x55,
    0x40, 0xfd, 0x55, 0x40, 0xf5, 0x55, 0x40, 0x15, 0x55, 0x40, 0x01, 0x55,
    0x00, 0x01, 0xd7, 0x00, 0x03, 0xdf, 0xc0, 0x01, 0xff, 0xf0, 0x03, 0x0a,
    0x57, 0xf4, 0x00, 0xf5, 0x55, 0x00, 0xff, 0x55, 0x40, 0xff, 0x55, 0x50,
    0xfd, 0x55, 0x50, 0xf5, 0x55, 0x50, 0x01, 0x55, 0x40, 0x00, 0x55, 0x00,
    0x00, 0xf7, 0xf0, 0x00, 0x7f, 0xfc, 0x06, 0x20, 0x00, 0x15, 0x40, 0x00,
    0x00, 0x00, 0x00, 0x55, 0x50, 0x00, 0x00, 0x00, 0x00, 0xfd, 0x50, 0x00,
    0x00, 0x00, 0x03, 0xf5, 0x55, 0x00, 0x00, 0x00, 0x03, 0xaf, 0x55, 0x50,
    0x00, 0x00, 0x03, 0x2d, 0x55, 0x54, 0x00, 0x00, 0x0f, 0xf5, 0x55, 0x54,
    0x00, 0x00, 0x0f, 0xf5, 0x55, 0x55, 0x00, 0x00, 0x3f, 0xfd, 0xd5, 0xd5,
    0x00, 0x00, 0x3f, 0xff, 0xd5, 0x75, 0x00, 0x00, 0x15, 0x7f, 0xd5, 0x75,
    0x40, 0x00, 0x3f, 0xdf, 0x55, 0x75, 0x40, 0x00, 0x0f, 0xff, 0x55, 0x75,
    0x40, 0x00, 0x03, 0xfd, 0x55, 0xd5, 0x50, 0x00, 0x00, 0xf5, 0x55, 0xd5,
    0x50, 0x00, 0x00, 0x05, 0x55, 0xd5, 0x50, 0x00, 0x00, 0x15, 0x55, 0xd5,
    0x54, 0x00, 0x00, 0x15, 0x57, 0x55, 0x54, 0x00, 0x00, 0x55, 0x57, 0x55,
    0x55, 0x00, 0x00, 0x55, 0x5d, 0x55, 0x55, 0x00, 0x01, 0x55, 0x5d, 0x55,
    0x55, 0x40, 0x01, 0x55, 0x5f, 0xd5, 0x55, 0x40, 0x05, 0x55, 0x7f, 0xfd,
    0x55, 0x40, 0x05, 0x55, 0x7f, 0xfd, 0x55, 0x40, 0x05, 0x55, 0x1f, 0xff,
    0x55, 0x50, 0x15, 0x54, 0x15, 0xff, 0x55, 0x5f, 0x35, 0x50, 0x15, 0x5f,
    0x55, 0x57, 0xfd, 0x40, 0x15, 0x40, 0x15, 0x5f, 0x0d, 0xc0, 0x15, 0x40,
    0x01, 0x57, 0x3f, 0xc0, 0x05, 0x50, 0x00, 0x5f, 0x37, 0x00, 0x1d, 0xdc,
    0x03, 0xff, 0x00, 0x00, 0xff, 0xfc, 0x0f, 0x7f, 0x03, 0x1a, 0x00, 0x55,
    0x40, 0x01, 0x55, 0x50, 0x05, 0x5f, 0xc0, 0x05, 0xfd, 0xf0, 0x05, 0x7f,
    0xf0, 0x51, 0x5f, 0xc0, 0x54, 0x5f, 0x00, 0x05, 0x6f, 0x00, 0x15, 0xbb,
    0x80, 0x55, 0xae, 0x80, 0x52, 0xaa, 0x80, 0x02, 0xaa, 0xa0, 0x0a, 0xaa,
    0xac, 0x0a, 0xaa, 0x2c, 0x2a, 0x3f, 0x00, 0xe8, 0xaa, 0x80, 0xe0, 0xaa,
    0x80, 0x02, 0xaa, 0xa0, 0x0b, 0xaa, 0xba, 0x2e, 0xee, 0xef, 0xeb, 0xbb,
    0xab, 0xfe, 0xaa, 0xfc, 0x0f, 0xff, 0xea, 0x0a, 0x00, 0xaa, 0x0a, 0x80,
    0xa0, 0x02, 0x80, 0x00, 0x02, 0x0b, 0x05, 0x50, 0x15, 0x54, 0x15, 0x54,
    0x59, 0x55, 0x59, 0x55, 0x55, 0x65, 0x55, 0x95, 0x56, 0x55, 0x15, 0x54,
    0x15, 0x54, 0x05, 0x50, 0x02, 0x0b, 0x05, 0x50, 0x15, 0x54, 0x15, 0x54,
    0x55, 0x65, 0x55, 0x65, 0x59, 0x55, 0x56, 0x55, 0x55, 0x95, 0x15, 0x54,
    0x15, 0x54, 0x05, 0x50, 0x03, 0x0b, 0x06, 0x55, 0x00, 0x95, 0x55, 0x60,
    0x95, 0x55, 0x60, 0xa6, 0xa5, 0x60, 0x95, 0x6a, 0xa0, 0x95, 0x55, 0x60,
    0x95, 0x55, 0x60, 0x95, 0x55, 0x60, 0x95, 0x5a, 0xa0, 0x9a, 0xa5, 0x60,
    0x05, 0x55, 0x00, 0x03, 0x0b, 0x05, 0xaa, 0x00, 0x9a, 0x55, 0x60, 0x95,
    0x55, 0x60, 0x95, 0x55, 0x60, 0x95, 0x55, 0x60, 0x95, 0x9a, 0xa0, 0x99,
    0xa5, 0x60, 0x95, 0x55, 0x60, 0x95, 0x55, 0x60, 0x95, 0x55, 0x60, 0x05,
    0xa5, 0x00, 0x03, 0x0b, 0x05, 0x55, 0x00, 0x95, 0x55, 0x60, 0x99, 0xa6,
    0x60, 0x95, 0x5a, 0xa0, 0x95, 0x55, 0x60, 0x95, 0x55, 0x60, 0xaa, 0x55,
    0x60, 0x99, 0xa6, 0x60, 0x95, 0x55, 0x60, 0x95, 0x55, 0x60, 0x05, 0x55,
    0x00, 0x03, 0x10, 0x00, 0x40, 0x00, 0x00, 0x50, 0x00, 0x00, 0x54, 0x00,
    0x01, 0x54, 0x00, 0x06, 0x55, 0x00, 0x15, 0x55, 0x00, 0x16, 0xa9, 0x40,
    0x68, 0x8a, 0x48, 0x68, 0x8a, 0x25, 0x9a, 0xa5, 0x95, 0x54, 0x89, 0x56,
    0x56, 0x26, 0x95, 0x5a, 0xa9, 0x55, 0x56, 0x65, 0x58, 0x15, 0x95, 0x94,
    0x05, 0x55, 0x40, 0x03, 0x10, 0x00, 0x01, 0x80, 0x00, 0x05, 0x40, 0x00,
    0x16, 0x40, 0x00, 0x55, 0x80, 0x01, 0x56, 0x40, 0x05, 0x65, 0x60, 0x05,
    0xa5, 0x81, 0x16, 0xa9, 0x45, 0x14, 0x8a, 0x16, 0x14, 0x89, 0x59, 0x16,
    0xa5, 0x65, 0x14, 0x89, 0x54, 0x16, 0x25, 0x50, 0x05, 0x65, 0x40, 0x01,
    0x56, 0x00, 0x00, 0x00, 0x00, 0xb4, 0xcc, 0x6d, 0x00, 0x00, 0x00, 0x00,
    0x00, 0x00, 0x00, 0x00, 0x00, 0x00, 0x00, 0x00, 0x00, 0x00, 0x13, 0x85,
    0x00, 0x04, 0x13, 0x85};
