unsigned char mspacman_rom[16384] = {
    0x20, 0xfd, 0x81, 0x20, 0x3b, 0x82, 0x20, 0x7c, 0x81, 0xa5, 0x13, 0x18,
    0x69, 0x02, 0x85, 0xe7, 0x20, 0x74, 0x81, 0x20, 0x17, 0x81, 0xad, 0x1f,
    0xd0, 0x29, 0x07, 0xc9, 0x06, 0xf0, 0x24, 0xc9, 0x05, 0xd0, 0x03, 0x4c,
    0x0e, 0x81, 0xc9, 0x03, 0xd0, 0x03, 0x4c, 0xff, 0x80, 0xa5, 0xe7, 0xc5,
    0x13, 0x10, 0xe0, 0xa9, 0x01, 0x85, 0x92, 0x20, 0xd3, 0x82, 0x4c, 0x6a,
    0x80, 0x20, 0x3b, 0x82, 0x4c, 0xcb, 0x80, 0xa9, 0x00, 0x85, 0x92, 0x85,
    0x4d, 0x20, 0xd3, 0x82, 0x20, 0xf8, 0xad, 0xa9, 0x06, 0x8d, 0xa4, 0x0b,
    0x20, 0x3c, 0x9d, 0xa9, 0x07, 0x8d, 0xa4, 0x0b, 0x20, 0x3c, 0x9d, 0xad,
    0x83, 0x0b, 0xd0, 0xfb, 0x20, 0x5b, 0xae, 0x20, 0x2a, 0x84, 0xa5, 0x92,
    0xd0, 0x03, 0x20, 0xb3, 0x81, 0xad, 0x1f, 0xd0, 0x29, 0x07, 0xc9, 0x06,
    0xf0, 0xc9, 0xc9, 0x05, 0xf0, 0xbf, 0xc9, 0x03, 0xf0, 0xbb, 0xa5, 0x92,
    0xf0, 0x07, 0xa5, 0xb2, 0xf0, 0x0a, 0x4c, 0x03, 0x80, 0xa5, 0xb2, 0xf0,
    0x03, 0x4c, 0xbb, 0x80, 0xa5, 0xaf, 0xc5, 0xe1, 0x30, 0x05, 0x20, 0xec,
    0x85, 0xa5, 0xaf, 0xc5, 0xe2, 0x30, 0x05, 0x20, 0xb6, 0x89, 0xa5, 0xaf,
    0xc5, 0xe3, 0x30, 0x05, 0x20, 0x71, 0xad, 0xa5, 0xaf, 0xc5, 0xe0, 0x30,
    0x03, 0x20, 0xd4, 0x8b, 0x4c, 0x6a, 0x80, 0xa9, 0x00, 0x85, 0xa0, 0x20,
    0x13, 0xae, 0x20, 0x15, 0x9d, 0x20, 0xbf, 0x81, 0x4c, 0xc5, 0x80, 0x20,
    0x74, 0x81, 0x20, 0x15, 0x9d, 0x20, 0x7c, 0x81, 0xa5, 0x14, 0x18, 0x69,
    0x20, 0x85, 0xc1, 0x20, 0x17, 0x81, 0xad, 0x1f, 0xd0, 0x29, 0x07, 0xc9,
    0x07, 0xd0, 0x07, 0xa4, 0x14, 0x84, 0xc1, 0x4c, 0xdb, 0x80, 0xc9, 0x06,
    0xd0, 0x03, 0x4c, 0x43, 0x80, 0xa4, 0xc1, 0xc4, 0x14, 0x10, 0xe0, 0xc9,
    0x03, 0xd0, 0x0b, 0xe6, 0x90, 0xa5, 0x90, 0x29, 0x07, 0x85, 0x90, 0x4c,
    0xd1, 0x80, 0xc9, 0x05, 0xd0, 0xcd, 0xa5, 0x91, 0x49, 0x01, 0x85, 0x91,
    0x4c, 0xd1, 0x80, 0xa2, 0x02, 0xa5, 0xaf, 0xc5, 0xe3, 0x10, 0x01, 0x60,
    0x20, 0x6a, 0x81, 0xa2, 0x02, 0xb9, 0xf5, 0x81, 0x9d, 0x00, 0x0d, 0x20,
    0x6a, 0x81, 0xe8, 0xe0, 0x1e, 0xd0, 0xf2, 0xca, 0xb9, 0xf5, 0x81, 0x9d,
    0x20, 0x0d, 0x20, 0x6a, 0x81, 0x8a, 0x18, 0x69, 0x20, 0xaa, 0xe0, 0x1d,
    0xd0, 0xee, 0xb9, 0xf5, 0x81, 0x9d, 0x20, 0x0e, 0x20, 0x6a, 0x81, 0xca,
    0xe0, 0x01, 0xd0, 0xf2, 0xe8, 0xb9, 0xf5, 0x81, 0x9d, 0x20, 0x0d, 0x20,
    0x6a, 0x81, 0x8a, 0x38, 0xe9, 0x20, 0xaa, 0xe0, 0x02, 0xd0, 0xee, 0x4c,
    0x74, 0x81, 0xe6, 0xc0, 0xa5, 0xc0, 0x29, 0x07, 0x85, 0xc0, 0xa8, 0x60,
    0xa5, 0xaf, 0x18, 0x69, 0x02, 0x85, 0xe3, 0x60, 0xa9, 0x00, 0x85, 0x4d,
    0xa5, 0x91, 0x18, 0x69, 0x0d, 0xa2, 0x5f, 0x9d, 0xff, 0x0d, 0xa6, 0x90,
    0xbd, 0x8d, 0x8b, 0x8d, 0xa0, 0x0a, 0xa9, 0x00, 0x8d, 0x90, 0x0a, 0xa9,
    0xb0, 0x8d, 0xb0, 0x0a, 0xa9, 0x90, 0x8d, 0xc0, 0x0a, 0xbc, 0x51, 0xa9,
    0xa2, 0x00, 0xb9, 0xf8, 0xbd, 0x9d, 0x00, 0x05, 0xc8, 0xe8, 0xe0, 0x0a,
    0x30, 0xf4, 0x60, 0xad, 0xfc, 0x02, 0xa2, 0x00, 0x8e, 0xfc, 0x02, 0xc9,
    0x21, 0xd0, 0x35, 0xa4, 0xae, 0x84, 0xac, 0xa4, 0xaf, 0x84, 0xad, 0x20,
    0x15, 0x9d, 0xad, 0xfc, 0x02, 0xa2, 0x00, 0x8e, 0xfc, 0x02, 0xc9, 0x21,
    0xd0, 0x05, 0x86, 0x4d, 0x4c, 0xf4, 0x81, 0xad, 0x1f, 0xd0, 0xc9, 0x06,
    0xd0, 0x05, 0x68, 0x68, 0x4c, 0x43, 0x80, 0xc9, 0x05, 0xf0, 0x04, 0xc9,
    0x03, 0xd0, 0xdb, 0x68, 0x68, 0x4c, 0x3d, 0x80, 0x60, 0x52, 0x52, 0x52,
    0x52, 0x53, 0x53, 0x52, 0x52, 0x20, 0xc1, 0x84, 0xa9, 0xc0, 0x8d, 0x0e,
    0xd2, 0x85, 0x10, 0x8d, 0x0e, 0xd4, 0xa9, 0x11, 0x8d, 0x6f, 0x02, 0xa9,
    0x00, 0x8d, 0x08, 0xd0, 0x8d, 0x09, 0xd0, 0x8d, 0x0a, 0xd0, 0x8d, 0x0b,
    0xd0, 0xa9, 0xff, 0x8d, 0x0c, 0xd0, 0xa9, 0x01, 0x85, 0x90, 0xa9, 0x10,
    0x8d, 0x07, 0xd4, 0xa9, 0x43, 0x8d, 0x24, 0x02, 0xa9, 0xaa, 0x8d, 0x25,
    0x02, 0xa9, 0x03, 0x8d, 0x1f, 0xd0, 0x60, 0x20, 0xad, 0x84, 0xa9, 0x2e,
    0x85, 0xc1, 0xa9, 0x00, 0x85, 0xc0, 0xa9, 0xb8, 0x85, 0xc3, 0xa9, 0x36,
    0x85, 0xc2, 0xa2, 0x02, 0x20, 0xce, 0x9c, 0xa9, 0x30, 0x85, 0xc1, 0xa9,
    0x00, 0x85, 0xc0, 0xa9, 0xb8, 0x85, 0xc3, 0xa9, 0xc6, 0x85, 0xc2, 0xa2,
    0x04, 0x20, 0xce, 0x9c, 0xa9, 0x0d, 0x85, 0xc1, 0xa9, 0x00, 0x85, 0xc0,
    0xa9, 0xae, 0x85, 0xc3, 0xa9, 0xf2, 0x85, 0xc2, 0xa2, 0x02, 0x20, 0xce,
    0x9c, 0xa2, 0x20, 0xbd, 0xd2, 0xae, 0x9d, 0x1f, 0x0c, 0xca, 0xd0, 0xf7,
    0xa9, 0x01, 0x85, 0xea, 0xa9, 0x30, 0x8d, 0xf4, 0x02, 0xa9, 0x08, 0x85,
    0xeb, 0xa9, 0x00, 0x85, 0x4d, 0x85, 0x4f, 0xa9, 0xff, 0x85, 0x4e, 0x20,
    0x88, 0xaa, 0xa2, 0x08, 0xbd, 0x80, 0x0f, 0x8d, 0xc4, 0x02, 0xa2, 0x02,
    0xbd, 0x80, 0x0f, 0x8d, 0xc5, 0x02, 0xa2, 0x0f, 0xbd, 0x80, 0x0f, 0x8d,
    0xc6, 0x02, 0xa2, 0x00, 0xbd, 0x80, 0x0f, 0x8d, 0xc8, 0x02, 0xa9, 0x20,
    0x8d, 0x30, 0x02, 0xa9, 0x0c, 0x8d, 0x31, 0x02, 0x20, 0xad, 0x84, 0x20,
    0xa2, 0x84, 0x60, 0x20, 0xad, 0x84, 0x20, 0xc1, 0x84, 0xa9, 0x28, 0x85,
    0xc1, 0xa9, 0x00, 0x85, 0xc0, 0xa9, 0xb4, 0x85, 0xc3, 0xa9, 0x86, 0x85,
    0xc2, 0xa2, 0x04, 0x20, 0xce, 0x9c, 0xa9, 0x2c, 0x85, 0xc1, 0xa9, 0x00,
    0x85, 0xc0, 0xa9, 0xb7, 0x85, 0xc3, 0xa9, 0x1e, 0x85, 0xc2, 0xa2, 0x04,
    0x20, 0xce, 0x9c, 0xa2, 0x10, 0xbd, 0xdb, 0x85, 0x9d, 0xef, 0x09, 0xca,
    0xd0, 0xf7, 0xa2, 0x20, 0xbd, 0xb1, 0xae, 0x9d, 0xff, 0x0b, 0xca, 0xd0,
    0xf7, 0xa9, 0x28, 0x8d, 0xf4, 0x02, 0xa9, 0x00, 0x85, 0x4d, 0x85, 0x4f,
    0xa9, 0xff, 0x85, 0x4e, 0x20, 0x88, 0xaa, 0xa2, 0x00, 0xbd, 0x80, 0x0f,
    0x8d, 0xc8, 0x02, 0xa2, 0x02, 0xbd, 0x80, 0x0f, 0x8d, 0xc7, 0x02, 0xa9,
    0x00, 0x8d, 0x30, 0x02, 0xa9, 0x0c, 0x8d, 0x31, 0x02, 0xa9, 0x09, 0x85,
    0xa5, 0x85, 0xaa, 0xa9, 0x99, 0x85, 0xa6, 0x85, 0xab, 0x20, 0xf4, 0x84,
    0xa5, 0x90, 0x85, 0xb6, 0x85, 0xb7, 0x20, 0x7c, 0x84, 0x20, 0x08, 0xac,
    0x20, 0x75, 0x83, 0x20, 0xf4, 0x84, 0xa5, 0x90, 0x85, 0xb6, 0x85, 0xb7,
    0x20, 0x7c, 0x84, 0x20, 0x08, 0xac, 0x4c, 0xaf, 0x83, 0xa6, 0xb5, 0xbd,
    0x0e, 0xb5, 0x85, 0xc3, 0xbd, 0x12, 0xb5, 0x85, 0xc2, 0xa9, 0x20, 0x85,
    0xc1, 0xa9, 0x00, 0x85, 0xc0, 0x20, 0x35, 0x85, 0xa9, 0x38, 0x85, 0xbe,
    0xa0, 0x00, 0xa2, 0x08, 0xca, 0xbd, 0xf0, 0x09, 0x85, 0xc0, 0xbd, 0xf8,
    0x09, 0x85, 0xc1, 0xa9, 0x00, 0x91, 0xc0, 0xe0, 0x00, 0xd0, 0xed, 0xad,
    0x0a, 0xd2, 0x29, 0x03, 0x85, 0xe8, 0x60, 0x20, 0xad, 0x84, 0x20, 0x75,
    0x83, 0x20, 0xc7, 0x83, 0x4c, 0xa2, 0x84, 0x20, 0xad, 0x84, 0x20, 0xf4,
    0x84, 0x20, 0xc7, 0x83, 0x4c, 0xa2, 0x84, 0xa9, 0x00, 0x85, 0xae, 0x85,
    0xaf, 0x8d, 0xfb, 0x10, 0x8d, 0xfc, 0x10, 0xa6, 0xb5, 0xbc, 0xb8, 0x85,
    0xb9, 0x80, 0x0f, 0x8d, 0xc4, 0x02, 0xbc, 0xb0, 0x85, 0xb9, 0x80, 0x0f,
    0x8d, 0xc5, 0x02, 0xbc, 0xb4, 0x85, 0xb9, 0x80, 0x0f, 0x8d, 0xc6, 0x02,
    0xa6, 0xb6, 0xe0, 0x07, 0x30, 0x02, 0xa2, 0x07, 0x86, 0xeb, 0xbc, 0x51,
    0xa9, 0xa2, 0xd8, 0xa9, 0x09, 0x85, 0xc0, 0xb9, 0xf8, 0xbd, 0x9d, 0x00,
    0x14, 0xc8, 0xe8, 0xc6, 0xc0, 0x10, 0xf4, 0x20, 0x6b, 0xac, 0x20, 0xff,
    0xac, 0x4c, 0x18, 0x84, 0x20, 0x23, 0x8b, 0x20, 0xa1, 0x87, 0x20, 0xa7,
    0x8f, 0x20, 0x68, 0x94, 0x20, 0x15, 0x9d, 0x4c, 0x2a, 0x84, 0x20, 0x19,
    0x86, 0x20, 0xcf, 0x89, 0x4c, 0xe2, 0xad, 0x20, 0x15, 0x9d, 0x20, 0x84,
    0x84, 0xa5, 0x92, 0xd0, 0x2a, 0xa6, 0xb7, 0xbc, 0xca, 0x85, 0xf0, 0x06,
    0x20, 0x15, 0x9d, 0x20, 0x03, 0x97, 0xe6, 0xb6, 0xe6, 0xb7, 0xa5, 0xb7,
    0xc9, 0x0e, 0x30, 0x04, 0xa9, 0x06, 0x85, 0xb7, 0x20, 0x7c, 0x84, 0x20,
    0xaf, 0x83, 0x20, 0xf8, 0xad, 0x20, 0xea, 0x84, 0x4c, 0x5b, 0xae, 0xe6,
    0xb5, 0xa6, 0xb5, 0xe0, 0x04, 0x10, 0x0a, 0xbd, 0xd8, 0x85, 0x85, 0xb6,
    0x85, 0xb7, 0x4c, 0xaf, 0x83, 0xe6, 0xb2, 0x60, 0xa6, 0xb7, 0xbd, 0xbc,
    0x85, 0x85, 0xb5, 0x60, 0xa0, 0x05, 0xa6, 0xb5, 0xbd, 0xb0, 0x85, 0xaa,
    0xbd, 0x80, 0x0f, 0x4d, 0xc5, 0x02, 0x8d, 0xc5, 0x02, 0xa5, 0xaf, 0x18,
    0x69, 0x0e, 0xc5, 0xaf, 0x10, 0xfc, 0x88, 0x10, 0xe5, 0x60, 0xa9, 0x3d,
    0x8d, 0x2f, 0x02, 0xa9, 0x03, 0x8d, 0x1d, 0xd0, 0x60, 0xa9, 0x00, 0xa2,
    0x0f, 0x9d, 0xc0, 0x0a, 0xca, 0x10, 0xfa, 0x8d, 0x2f, 0x02, 0xa5, 0x14,
    0xc5, 0x14, 0xf0, 0xfc, 0x60, 0xa9, 0x00, 0xa2, 0x60, 0x95, 0x9f, 0xca,
    0xd0, 0xfb, 0xa9, 0x05, 0x85, 0xc1, 0xa9, 0x00, 0x85, 0xc0, 0xa9, 0x00,
    0xa2, 0x3b, 0x20, 0xc1, 0x9c, 0xa0, 0x09, 0x98, 0x99, 0x00, 0x0b, 0x88,
    0x10, 0xf9, 0xa9, 0xff, 0x8d, 0x50, 0x0a, 0xd8, 0x58, 0x60, 0xa5, 0x14,
    0x18, 0x69, 0x40, 0xc5, 0x14, 0x10, 0xfc, 0x60, 0xa2, 0x0c, 0xb5, 0xb4,
    0xb4, 0xf0, 0x94, 0xb4, 0x95, 0xf0, 0xca, 0x10, 0xf5, 0xa9, 0x00, 0x85,
    0xc1, 0x85, 0xc3, 0xa9, 0x20, 0x85, 0xc2, 0xa9, 0x24, 0x85, 0xc4, 0xa9,
    0x03, 0x85, 0xc0, 0xa0, 0xff, 0xb1, 0xc3, 0xaa, 0xb1, 0xc1, 0x91, 0xc3,
    0x8a, 0x91, 0xc1, 0x88, 0xd0, 0xf3, 0xe6, 0xc2, 0xe6, 0xc4, 0xc6, 0xc0,
    0x10, 0xeb, 0xa5, 0xa0, 0x49, 0x01, 0x85, 0xa0, 0xa5, 0xb4, 0x30, 0xc0,
    0x60, 0xa9, 0x04, 0x85, 0xb8, 0xa9, 0x00, 0x85, 0xc5, 0x85, 0xc7, 0xa9,
    0x1f, 0x85, 0xc8, 0xa9, 0x19, 0x85, 0xc4, 0x20, 0xa4, 0x85, 0xc9, 0x80,
    0x10, 0x08, 0x20, 0x6c, 0x85, 0xf0, 0x18, 0x4c, 0x47, 0x85, 0x49, 0x80,
    0x85, 0xc6, 0x20, 0xa4, 0x85, 0xaa, 0xa5, 0xc6, 0x20, 0x6c, 0x85, 0xf0,
    0x06, 0xca, 0xd0, 0xf6, 0x4c, 0x47, 0x85, 0x60, 0xc9, 0x4e, 0xd0, 0x04,
    0xe6, 0xb8, 0xe6, 0xb8, 0xa4, 0xc7, 0x91, 0xc0, 0xe6, 0xc7, 0xa4, 0xc8,
    0xc9, 0x50, 0xf0, 0x02, 0x49, 0x01, 0x91, 0xc0, 0xc6, 0xc8, 0xa5, 0xc7,
    0xc5, 0xc8, 0x30, 0x17, 0xa5, 0xc0, 0x18, 0x69, 0x20, 0x85, 0xc0, 0xa5,
    0xc1, 0x69, 0x00, 0x85, 0xc1, 0xa9, 0x00, 0x85, 0xc7, 0xa9, 0x1f, 0x85,
    0xc8, 0xc6, 0xc4, 0x60, 0xa4, 0xc5, 0xb1, 0xc2, 0xc8, 0x84, 0xc5, 0xd0,
    0x02, 0xe6, 0xc3, 0x60, 0x03, 0x07, 0x0b, 0x0a, 0x01, 0x09, 0x0d, 0x0c,
    0x07, 0x08, 0x03, 0x09, 0x00, 0x00, 0x00, 0x01, 0x01, 0x01, 0x02, 0x02,
    0x02, 0x02, 0x03, 0x03, 0x03, 0x03, 0x00, 0x00, 0x01, 0x00, 0x00, 0x02,
    0x00, 0x00, 0x00, 0x03, 0x00, 0x00, 0x00, 0x03, 0x01, 0x03, 0x06, 0x0a,
    0xb9, 0xbb, 0x93, 0xbc, 0xbd, 0xba, 0xf7, 0xf8, 0x00, 0x00, 0x06, 0x00,
    0x00, 0x00, 0x10, 0x10, 0x20, 0x19, 0x86, 0xee, 0xf8, 0x10, 0xce, 0x0a,
    0x10, 0xd0, 0x1f, 0xee, 0x0a, 0x10, 0x20, 0xf2, 0x94, 0x20, 0x27, 0x95,
    0xf0, 0x14, 0x20, 0x21, 0x86, 0xad, 0x06, 0x10, 0xf0, 0x0c, 0x20, 0x9f,
    0x86, 0x20, 0x02, 0x87, 0x20, 0x1a, 0x87, 0x20, 0xe8, 0x95, 0x4c, 0xe8,
    0x87, 0xa5, 0xaf, 0x18, 0x69, 0x01, 0x85, 0xe1, 0x60, 0xa5, 0x92, 0xf0,
    0x03, 0x4c, 0x46, 0x88, 0x20, 0xdd, 0xaa, 0xad, 0x02, 0x10, 0x85, 0xc4,
    0xad, 0x03, 0x10, 0x85, 0xc5, 0xad, 0x04, 0x10, 0x85, 0xc6, 0x20, 0x45,
    0x93, 0xad, 0x07, 0x10, 0xcd, 0x02, 0x10, 0xd0, 0x0b, 0xad, 0x08, 0x10,
    0xcd, 0x03, 0x10, 0xd0, 0x03, 0x4c, 0x80, 0x86, 0xae, 0x04, 0x10, 0xbd,
    0x92, 0x89, 0x18, 0x65, 0xd1, 0xaa, 0xbc, 0x6e, 0x89, 0xcc, 0x04, 0x10,
    0xf0, 0x1e, 0xb9, 0xcc, 0x00, 0x30, 0x19, 0x8c, 0x04, 0x10, 0xa9, 0x01,
    0x85, 0xd4, 0x8d, 0x06, 0x10, 0xad, 0x02, 0x10, 0x8d, 0x07, 0x10, 0xad,
    0x03, 0x10, 0x8d, 0x08, 0x10, 0x20, 0x32, 0x88, 0xad, 0x01, 0x10, 0x29,
    0x03, 0xc9, 0x01, 0xd0, 0x15, 0xad, 0x00, 0x10, 0x29, 0x07, 0xc9, 0x03,
    0xd0, 0x0c, 0xae, 0x04, 0x10, 0xb5, 0xcc, 0x10, 0x05, 0xa9, 0x00, 0x8d,
    0x06, 0x10, 0x60, 0xae, 0x04, 0x10, 0x8a, 0x29, 0x01, 0xd0, 0x2e, 0xad,
    0x01, 0x10, 0x18, 0x7d, 0x5a, 0x89, 0xc9, 0xbf, 0x90, 0x06, 0x38, 0xe9,
    0x7f, 0x4c, 0xbf, 0x86, 0xc9, 0x40, 0xb0, 0x03, 0x18, 0x69, 0x7f, 0x8d,
    0x01, 0x10, 0xad, 0x00, 0x10, 0x29, 0x07, 0xa8, 0xb9, 0x66, 0x89, 0x18,
    0x6d, 0x00, 0x10, 0x8d, 0x00, 0x10, 0x4c, 0xef, 0x86, 0xad, 0x00, 0x10,
    0x18, 0x7d, 0x5e, 0x89, 0x8d, 0x00, 0x10, 0xad, 0x01, 0x10, 0x29, 0x03,
    0xa8, 0xb9, 0x62, 0x89, 0x18, 0x6d, 0x01, 0x10, 0x8d, 0x01, 0x10, 0xad,
    0x01, 0x10, 0x20, 0xdf, 0x9c, 0x8d, 0x03, 0x10, 0xad, 0x00, 0x10, 0x20,
    0xeb, 0x9c, 0x8d, 0x02, 0x10, 0x60, 0xae, 0x05, 0x10, 0x30, 0x08, 0xca,
    0xd0, 0x0c, 0xa2, 0x80, 0x4c, 0x16, 0x87, 0xe8, 0xe0, 0x82, 0xd0, 0x02,
    0xa2, 0x02, 0x8e, 0x05, 0x10, 0x60, 0xad, 0x02, 0x10, 0x85, 0xc0, 0xad,
    0x03, 0x10, 0x85, 0xc1, 0x20, 0x68, 0xab, 0x29, 0xfe, 0xc9, 0x50, 0xf0,
    0x05, 0xc9, 0x4e, 0xf0, 0x11, 0x60, 0x20, 0x5f, 0x90, 0xa9, 0x05, 0x20,
    0x85, 0xab, 0xa9, 0x05, 0x8d, 0x0a, 0x10, 0x4c, 0x54, 0x87, 0xa9, 0x01,
    0x20, 0x85, 0xab, 0xa9, 0x09, 0x8d, 0xa4, 0x0b, 0x20, 0x3c, 0x9d, 0xa9,
    0x03, 0x8d, 0x0a, 0x10, 0x20, 0x4f, 0x89, 0xa2, 0x52, 0xad, 0x02, 0x10,
    0x85, 0xc0, 0xad, 0x03, 0x10, 0x85, 0xc1, 0x20, 0x53, 0xab, 0xc6, 0xbe,
    0x10, 0x03, 0x20, 0x6f, 0x8a, 0xc6, 0xb8, 0xf0, 0x2d, 0xe6, 0xb9, 0xa9,
    0x00, 0x8d, 0xf8, 0x10, 0xa5, 0xba, 0xf0, 0x04, 0xee, 0xf7, 0x10, 0x60,
    0xad, 0x4b, 0x10, 0xc9, 0x04, 0xd0, 0x16, 0xad, 0x4a, 0x10, 0xc9, 0x04,
    0xf0, 0x03, 0xe6, 0xbd, 0x60, 0xad, 0x49, 0x10, 0xc9, 0x04, 0xf0, 0x03,
    0xe6, 0xbc, 0x60, 0xe6, 0xbb, 0x60, 0x4c, 0x33, 0x84, 0xa9, 0xab, 0x8d,
    0x00, 0x10, 0x20, 0xeb, 0x9c, 0x8d, 0x02, 0x10, 0xa9, 0x7f, 0x8d, 0x01,
    0x10, 0x20, 0xdf, 0x9c, 0x8d, 0x03, 0x10, 0xa9, 0x02, 0x8d, 0x04, 0x10,
    0xa9, 0x01, 0x8d, 0x05, 0x10, 0xa9, 0x01, 0x8d, 0x06, 0x10, 0xa9, 0x00,
    0x8d, 0x07, 0x10, 0x8d, 0x08, 0x10, 0x85, 0xd4, 0xa9, 0x01, 0x8d, 0x0a,
    0x10, 0x20, 0x32, 0x88, 0xa9, 0x08, 0x8d, 0xa0, 0x0a, 0xa9, 0x03, 0x8d,
    0xa1, 0x0a, 0x20, 0xe8, 0x87, 0x4c, 0x4f, 0x89, 0xad, 0x05, 0x10, 0x29,
    0x03, 0xaa, 0xbc, 0x51, 0xa9, 0x8c, 0x90, 0x0a, 0x18, 0x69, 0x03, 0xaa,
    0xbd, 0x51, 0xa9, 0x8d, 0x91, 0x0a, 0xad, 0x01, 0x10, 0x38, 0xe9, 0x03,
    0x8d, 0xb0, 0x0a, 0x8d, 0xb1, 0x0a, 0xc9, 0xb8, 0x90, 0x05, 0xa9, 0x00,
    0x4c, 0x22, 0x88, 0xc9, 0x40, 0xb0, 0x05, 0xa9, 0x00, 0x4c, 0x22, 0x88,
    0xad, 0x00, 0x10, 0x38, 0xe9, 0x04, 0x8d, 0xc0, 0x0a, 0x8d, 0xc1, 0x0a,
    0x60, 0xa9, 0x00, 0x8d, 0xc0, 0x0a, 0x8d, 0xc1, 0x0a, 0x60, 0xae, 0x04,
    0x10, 0xbc, 0x0a, 0xb5, 0xae, 0x0a, 0xb5, 0xb9, 0x96, 0xbb, 0x9d, 0x00,
    0x05, 0x88, 0xca, 0x10, 0xf6, 0x60, 0xad, 0x01, 0x10, 0x29, 0x03, 0xc9,
    0x01, 0xd0, 0x0c, 0xad, 0x00, 0x10, 0x29, 0x07, 0xc9, 0x03, 0xd0, 0x03,
    0x4c, 0x5c, 0x88, 0x60, 0xa5, 0xb5, 0x0a, 0x0a, 0x85, 0xcf, 0xad, 0x02,
    0x10, 0x85, 0xc4, 0xad, 0x03, 0x10, 0x85, 0xc5, 0xad, 0x04, 0x10, 0x85,
    0xc6, 0xad, 0x0a, 0xd2, 0x29, 0x03, 0x18, 0x65, 0xcf, 0xaa, 0xbd, 0x96,
    0x89, 0x85, 0xc7, 0xbd, 0xa6, 0x89, 0x85, 0xc8, 0xa2, 0x00, 0xbd, 0x54,
    0x10, 0xf0, 0x14, 0xbd, 0x48, 0x10, 0xc9, 0x00, 0xd0, 0x0d, 0xbd, 0x38,
    0x10, 0x85, 0xc7, 0xbd, 0x3c, 0x10, 0x85, 0xc8, 0x4c, 0xeb, 0x88, 0xe8,
    0xe0, 0x04, 0x30, 0xe2, 0xa5, 0xe8, 0x85, 0xce, 0x18, 0x65, 0xcf, 0xaa,
    0xbd, 0x96, 0x89, 0x85, 0xc0, 0xbd, 0xa6, 0x89, 0x85, 0xc1, 0x20, 0x68,
    0xab, 0x29, 0xfe, 0xc9, 0x50, 0xf0, 0x0d, 0xe6, 0xce, 0xa5, 0xce, 0x29,
    0x03, 0xc5, 0xe8, 0xf0, 0x0b, 0x4c, 0xa6, 0x88, 0xa5, 0xc0, 0x85, 0xc7,
    0xa5, 0xc1, 0x85, 0xc8, 0xad, 0x10, 0x10, 0xf0, 0x12, 0xad, 0x1c, 0x10,
    0xd0, 0x0d, 0xad, 0x13, 0x10, 0x85, 0xc7, 0xad, 0x14, 0x10, 0x85, 0xc8,
    0x4c, 0xeb, 0x88, 0x20, 0x45, 0x93, 0xc9, 0x00, 0xf0, 0x03, 0x4c, 0x32,
    0x88, 0x20, 0x96, 0x93, 0x8d, 0x04, 0x10, 0x4c, 0x32, 0x88, 0x20, 0x15,
    0x9d, 0x20, 0xab, 0xad, 0x20, 0xea, 0x84, 0xa9, 0x00, 0x85, 0xba, 0xa9,
    0x01, 0x8d, 0x04, 0x10, 0x20, 0x32, 0x88, 0xa9, 0x01, 0x8d, 0x05, 0x10,
    0x20, 0xe8, 0x87, 0xa9, 0x0d, 0x8d, 0xa4, 0x0b, 0x20, 0x3c, 0x9d, 0xa2,
    0x02, 0xa9, 0x00, 0x9d, 0xc0, 0x0a, 0xe8, 0xe0, 0x07, 0x30, 0xf8, 0xa9,
    0x09, 0x85, 0xc0, 0xa5, 0xaf, 0x18, 0x69, 0x07, 0xc5, 0xaf, 0x10, 0xfc,
    0xee, 0x04, 0x10, 0xad, 0x04, 0x10, 0x29, 0x03, 0x8d, 0x04, 0x10, 0x20,
    0x32, 0x88, 0xc6, 0xc0, 0x10, 0xe5, 0x60, 0xa5, 0xae, 0x8d, 0x60, 0x11,
    0xa5, 0xaf, 0x8d, 0x61, 0x11, 0x60, 0x01, 0x00, 0xff, 0x00, 0x00, 0x02,
    0x00, 0xfe, 0x01, 0x00, 0xff, 0xff, 0x01, 0x02, 0x01, 0x00, 0xff, 0xfe,
    0xff, 0xfe, 0x00, 0x01, 0x02, 0x03, 0x00, 0x01, 0x01, 0x03, 0x03, 0x00,
    0x01, 0x02, 0x03, 0x01, 0x00, 0x02, 0x00, 0x02, 0x00, 0x01, 0x02, 0x03,
    0x02, 0x01, 0x01, 0x03, 0x03, 0x00, 0x01, 0x02, 0x03, 0x03, 0x00, 0x02,
    0x00, 0x02, 0x00, 0x09, 0x12, 0x1b, 0x03, 0x03, 0x14, 0x14, 0x04, 0x04,
    0x13, 0x13, 0x03, 0x03, 0x11, 0x11, 0x03, 0x03, 0x11, 0x11, 0x02, 0x1d,
    0x02, 0x1d, 0x02, 0x1d, 0x02, 0x1d, 0x02, 0x1d, 0x04, 0x1b, 0x02, 0x1d,
    0x02, 0x1d, 0x20, 0xcf, 0x89, 0xad, 0x10, 0x10, 0xf0, 0x10, 0xad, 0x1c,
    0x10, 0xd0, 0x03, 0x4c, 0xd7, 0x89, 0xce, 0x1c, 0x10, 0xd0, 0x03, 0x4c,
    0x23, 0x8b, 0x60, 0xa5, 0xaf, 0x18, 0x69, 0x05, 0x85, 0xe2, 0x60, 0xad,
    0x18, 0x10, 0x29, 0x03, 0xd0, 0x51, 0xa9, 0x0a, 0x8d, 0xa4, 0x0b, 0x20,
    0x3c, 0x9d, 0xad, 0x13, 0x10, 0xcd, 0x19, 0x10, 0xd0, 0x0b, 0xad, 0x14,
    0x10, 0xcd, 0x1a, 0x10, 0xd0, 0x03, 0x20, 0xe7, 0x8a, 0xad, 0x1b, 0x10,
    0xc9, 0x03, 0x30, 0x0d, 0xad, 0x14, 0x10, 0xcd, 0xa6, 0x8b, 0xf0, 0x2a,
    0xcd, 0xa7, 0x8b, 0xf0, 0x25, 0xad, 0x13, 0x10, 0x85, 0xc4, 0xad, 0x14,
    0x10, 0x85, 0xc5, 0xad, 0x15, 0x10, 0x85, 0xc6, 0x20, 0x45, 0x93, 0xad,
    0x19, 0x10, 0x85, 0xc7, 0xad, 0x1a, 0x10, 0x85, 0xc8, 0x20, 0x96, 0x93,
    0x8d, 0x15, 0x10, 0x4c, 0x35, 0x8a, 0x4c, 0x23, 0x8b, 0xae, 0x15, 0x10,
    0xac, 0x18, 0x10, 0xad, 0x12, 0x10, 0x18, 0x7d, 0x5a, 0x89, 0x8d, 0x12,
    0x10, 0xad, 0x11, 0x10, 0x18, 0x7d, 0x5e, 0x89, 0x18, 0x79, 0x89, 0x8b,
    0x8d, 0x11, 0x10, 0xc8, 0x98, 0x29, 0x03, 0x8d, 0x18, 0x10, 0xad, 0x12,
    0x10, 0x20, 0xdf, 0x9c, 0x8d, 0x14, 0x10, 0xad, 0x11, 0x10, 0x20, 0xeb,
    0x9c, 0x8d, 0x13, 0x10, 0x4c, 0x2b, 0x8b, 0xad, 0x10, 0x10, 0xd0, 0x6e,
    0xa9, 0x01, 0x8d, 0x10, 0x10, 0xa9, 0x00, 0x8d, 0x18, 0x10, 0x8d, 0x1b,
    0x10, 0x8d, 0x1c, 0x10, 0xa5, 0xb7, 0xc9, 0x08, 0x30, 0x09, 0xad, 0x0a,
    0xd2, 0x29, 0x07, 0xc5, 0x90, 0x30, 0xf7, 0x8d, 0x16, 0x10, 0xad, 0x0a,
    0xd2, 0x29, 0x03, 0x85, 0xc0, 0xa5, 0xb5, 0x0a, 0x0a, 0x18, 0x65, 0xc0,
    0xaa, 0xbd, 0x96, 0x8b, 0x8d, 0x13, 0x10, 0x20, 0xf2, 0x9c, 0x18, 0x69,
    0x03, 0x8d, 0x11, 0x10, 0xbd, 0xa6, 0x8b, 0x8d, 0x14, 0x10, 0x20, 0xe5,
    0x9c, 0x18, 0x69, 0x01, 0x8d, 0x12, 0x10, 0xa9, 0x03, 0x8d, 0x15, 0x10,
    0x20, 0xe7, 0x8a, 0x20, 0xd7, 0x89, 0x20, 0x44, 0x8b, 0xae, 0x16, 0x10,
    0xbd, 0x8d, 0x8b, 0x8d, 0xa2, 0x0a, 0xa9, 0x3c, 0x8d, 0x92, 0x0a, 0x20,
    0x2b, 0x8b, 0xa9, 0x62, 0x85, 0xbe, 0x60, 0xae, 0x1b, 0x10, 0xe0, 0x04,
    0x10, 0x34, 0xe0, 0x03, 0x10, 0x11, 0xbd, 0xc6, 0x8b, 0x8d, 0x19, 0x10,
    0xbd, 0xc9, 0x8b, 0x8d, 0x1a, 0x10, 0xe8, 0x8e, 0x1b, 0x10, 0x60, 0xad,
    0x0a, 0xd2, 0x29, 0x03, 0x85, 0xc0, 0xa5, 0xb5, 0x0a, 0x0a, 0x18, 0x65,
    0xc0, 0xa8, 0xb9, 0x96, 0x8b, 0x8d, 0x19, 0x10, 0xb9, 0xb6, 0x8b, 0x8d,
    0x1a, 0x10, 0xe8, 0x8e, 0x1b, 0x10, 0x60, 0xa9, 0x00, 0x8d, 0x10, 0x10,
    0x4c, 0x3e, 0x8b, 0xad, 0x12, 0x10, 0x38, 0xe9, 0x03, 0x8d, 0xb2, 0x0a,
    0xad, 0x11, 0x10, 0x38, 0xe9, 0x04, 0x8d, 0xc2, 0x0a, 0x60, 0xa9, 0x00,
    0x8d, 0xc2, 0x0a, 0x60, 0xae, 0x16, 0x10, 0xbc, 0x51, 0xa9, 0xae, 0x57,
    0xa9, 0xa9, 0x09, 0x85, 0xc0, 0xb9, 0xf8, 0xbd, 0x9d, 0x00, 0x05, 0xc8,
    0xe8, 0xc6, 0xc0, 0x10, 0xf4, 0x60, 0xae, 0x16, 0x10, 0xbc, 0x51, 0xa9,
    0xae, 0x57, 0xa9, 0xa9, 0x09, 0x85, 0xc0, 0xb9, 0x80, 0xbd, 0x9d, 0x00,
    0x05, 0xc8, 0xe8, 0xc6, 0xc0, 0x10, 0xf4, 0xa9, 0x02, 0x8d, 0xa2, 0x0a,
    0xa9, 0x10, 0x8d, 0x1c, 0x10, 0xa9, 0x0b, 0x8d, 0xa4, 0x0b, 0x4c, 0x3c,
    0x9d, 0xff, 0xff, 0x01, 0x01, 0x0b, 0x04, 0x04, 0x03, 0x0b, 0x04, 0x0c,
    0x08, 0x00, 0x08, 0x08, 0x0d, 0x0d, 0x02, 0x02, 0x11, 0x11, 0x07, 0x07,
    0x07, 0x07, 0x0a, 0x0a, 0x0c, 0x0c, 0x00, 0x1f, 0x00, 0x1f, 0x00, 0x1f,
    0x00, 0x1f, 0x00, 0x1f, 0x00, 0x1f, 0x00, 0x1f, 0x00, 0x1f, 0x04, 0x1b,
    0x04, 0x1b, 0x08, 0x17, 0x04, 0x1b, 0x01, 0x1e, 0x01, 0x1e, 0x05, 0x1a,
    0x05, 0x1a, 0x0d, 0x09, 0x0d, 0x0f, 0x10, 0x0f, 0xa5, 0xaf, 0x18, 0x69,
    0x01, 0x85, 0xe0, 0x60, 0x20, 0xe6, 0x8b, 0x20, 0xfb, 0x8b, 0x18, 0xa2,
    0x03, 0x20, 0x35, 0x8c, 0xca, 0x10, 0xfa, 0x4c, 0x2f, 0x8c, 0xa2, 0x03,
    0xbd, 0xa0, 0x0b, 0xc9, 0x08, 0xf0, 0x0b, 0xca, 0x10, 0xf6, 0xa9, 0x08,
    0x8d, 0xa4, 0x0b, 0x4c, 0x3c, 0x9d, 0x60, 0x20, 0xcc, 0x8b, 0x20, 0xd7,
    0x94, 0xad, 0xfd, 0x10, 0xf0, 0x06, 0x20, 0x49, 0x92, 0x4c, 0x2e, 0x8c,
    0xee, 0xfc, 0x10, 0xd0, 0x03, 0xee, 0xfb, 0x10, 0xad, 0xfb, 0x10, 0xcd,
    0x9c, 0x10, 0x90, 0x12, 0xad, 0xfc, 0x10, 0xcd, 0x9d, 0x10, 0x90, 0x0a,
    0xad, 0x9c, 0x10, 0xc9, 0xff, 0xf0, 0x03, 0x4c, 0x19, 0x91, 0x60, 0x20,
    0x35, 0x96, 0x4c, 0x4b, 0x91, 0x20, 0x0d, 0x95, 0xf0, 0x35, 0xbd, 0x48,
    0x10, 0xc9, 0x02, 0x30, 0x03, 0x4c, 0xbe, 0x8d, 0xbd, 0x38, 0x10, 0x85,
    0xc4, 0xbd, 0x3c, 0x10, 0x85, 0xc5, 0xbd, 0x40, 0x10, 0x85, 0xc6, 0x20,
    0x45, 0x93, 0xc9, 0x00, 0xd0, 0x12, 0xbd, 0x30, 0x10, 0x29, 0x07, 0xc9,
    0x03, 0xd0, 0x09, 0xbd, 0x34, 0x10, 0x29, 0x03, 0xc9, 0x01, 0xf0, 0x04,
    0x4c, 0x3f, 0x8e, 0x60, 0xbd, 0x48, 0x10, 0xc9, 0x00, 0xd0, 0x13, 0xbd,
    0x54, 0x10, 0xf0, 0x03, 0x4c, 0x8d, 0x8c, 0xad, 0xff, 0x10, 0xf0, 0x03,
    0x4c, 0xad, 0x8c, 0x4c, 0xe2, 0x8c, 0x4c, 0x9f, 0x8c, 0xad, 0x0a, 0xd2,
    0x29, 0x03, 0xa8, 0xb9, 0xcc, 0x00, 0xd0, 0xf5, 0x98, 0x9d, 0x40, 0x10,
    0x4c, 0x3f, 0x8e, 0xa9, 0x0a, 0x85, 0xc7, 0xa9, 0x0f, 0x85, 0xc8, 0x20,
    0xa8, 0x8d, 0x4c, 0x3f, 0x8e, 0x8a, 0xc9, 0x02, 0xf0, 0x14, 0x10, 0x1d,
    0xad, 0x0a, 0xd2, 0x29, 0x03, 0xa8, 0xb9, 0xcc, 0x00, 0xd0, 0xf5, 0x98,
    0x9d, 0x40, 0x10, 0x4c, 0xdc, 0x8c, 0xa9, 0x15, 0x85, 0xc7, 0xa9, 0x22,
    0x85, 0xc8, 0x4c, 0xd9, 0x8c, 0xa9, 0x15, 0x85, 0xc7, 0xa9, 0x06, 0x85,
    0xc8, 0x20, 0xa8, 0x8d, 0x20, 0x51, 0x8f, 0x4c, 0x3f, 0x8e, 0x8a, 0xc9,
    0x02, 0xf0, 0x56, 0x10, 0x7e, 0xc9, 0x01, 0xf0, 0x38, 0xad, 0x4b, 0x10,
    0xc9, 0x01, 0xf0, 0x1f, 0xa9, 0xc4, 0x38, 0xe5, 0xb9, 0xcd, 0xfa, 0x10,
    0xb0, 0x08, 0xa9, 0x04, 0x8d, 0x5c, 0x10, 0x4c, 0x18, 0x8d, 0xcd, 0xf9,
    0x10, 0xb0, 0x08, 0xa9, 0x03, 0x8d, 0x5c, 0x10, 0x4c, 0x18, 0x8d, 0xa9,
    0x00, 0x8d, 0x5c, 0x10, 0xad, 0x02, 0x10, 0x85, 0xc7, 0xad, 0x03, 0x10,
    0x85, 0xc8, 0x4c, 0x9f, 0x8d, 0xac, 0x04, 0x10, 0xad, 0x02, 0x10, 0x18,
    0x79, 0xf5, 0x92, 0x85, 0xc7, 0xad, 0x03, 0x10, 0x18, 0x79, 0xf9, 0x92,
    0x85, 0xc8, 0x4c, 0x9f, 0x8d, 0xac, 0x04, 0x10, 0xb9, 0xfd, 0x92, 0x18,
    0x6d, 0x02, 0x10, 0x85, 0xc7, 0x38, 0xed, 0x38, 0x10, 0x18, 0x65, 0xc7,
    0x85, 0xc7, 0xb9, 0xfd, 0x92, 0x18, 0x6d, 0x03, 0x10, 0x85, 0xc8, 0x38,
    0xed, 0x3c, 0x10, 0x18, 0x65, 0xc8, 0x85, 0xc8, 0x4c, 0x9f, 0x8d, 0xad,
    0x02, 0x10, 0x85, 0xc7, 0xad, 0x03, 0x10, 0x85, 0xc8, 0x38, 0xfd, 0x3c,
    0x10, 0x85, 0xc0, 0x10, 0x05, 0xa9, 0x00, 0x38, 0xe5, 0xc0, 0x85, 0xc1,
    0xad, 0x02, 0x10, 0x38, 0xfd, 0x38, 0x10, 0x85, 0xc0, 0x10, 0x05, 0xa9,
    0x00, 0x38, 0xe5, 0xc0, 0x18, 0x65, 0xc1, 0xc9, 0x08, 0x10, 0x08, 0xa9,
    0x15, 0x85, 0xc7, 0xa9, 0x06, 0x85, 0xc8, 0x20, 0xa8, 0x8d, 0x20, 0x51,
    0x8f, 0x4c, 0x3f, 0x8e, 0xbd, 0x38, 0x10, 0x85, 0xc4, 0xbd, 0x3c, 0x10,
    0x85, 0xc5, 0xbd, 0x40, 0x10, 0x85, 0xc6, 0x20, 0x96, 0x93, 0x9d, 0x40,
    0x10, 0x60, 0xbd, 0x48, 0x10, 0xc9, 0x04, 0xd0, 0x1b, 0xbd, 0x30, 0x10,
    0xc9, 0x78, 0xb0, 0x08, 0xa9, 0x01, 0x9d, 0x40, 0x10, 0x4c, 0x39, 0x8e,
    0xc9, 0x7f, 0x90, 0x05, 0xa9, 0x03, 0x9d, 0x40, 0x10, 0x4c, 0x39, 0x8e,
    0xc9, 0x03, 0xd0, 0x38, 0xbd, 0x30, 0x10, 0xc9, 0x7f, 0x90, 0x51, 0xbd,
    0xdd, 0x92, 0x9d, 0x40, 0x10, 0xbd, 0x34, 0x10, 0xdd, 0xcd, 0x92, 0xd0,
    0x43, 0xa9, 0x04, 0x9d, 0x48, 0x10, 0xbd, 0xd9, 0x92, 0x9d, 0x50, 0x10,
    0xa9, 0x03, 0x9d, 0x40, 0x10, 0xa9, 0x01, 0x9d, 0x58, 0x10, 0xa9, 0x00,
    0x9d, 0x54, 0x10, 0x8a, 0xd0, 0x03, 0x20, 0x52, 0x90, 0x4c, 0x39, 0x8e,
    0xbd, 0x34, 0x10, 0xc9, 0x7f, 0xd0, 0x19, 0xa9, 0x03, 0x9d, 0x40, 0x10,
    0xbd, 0x30, 0x10, 0xc9, 0x6c, 0xb0, 0x0a, 0xa9, 0x02, 0x9d, 0x40, 0x10,
    0xa9, 0x00, 0x9d, 0x48, 0x10, 0x20, 0x51, 0x8f, 0x4c, 0x3f, 0x8e, 0xbc,
    0x40, 0x10, 0xbd, 0x30, 0x10, 0x18, 0x79, 0x5e, 0x89, 0x9d, 0x30, 0x10,
    0x20, 0xeb, 0x9c, 0x9d, 0x38, 0x10, 0xbd, 0x34, 0x10, 0x18, 0x79, 0x5a,
    0x89, 0xc9, 0xbf, 0x90, 0x06, 0x38, 0xe9, 0x7f, 0x4c, 0x6a, 0x8e, 0xc9,
    0x40, 0xb0, 0x03, 0x18, 0x69, 0x7f, 0x9d, 0x34, 0x10, 0x20, 0xdf, 0x9c,
    0x9d, 0x3c, 0x10, 0x20, 0xee, 0x8e, 0xbd, 0x44, 0x10, 0x49, 0x0a, 0x9d,
    0x44, 0x10, 0xa4, 0xb5, 0xbd, 0x38, 0x10, 0xd9, 0x35, 0x93, 0xf0, 0x08,
    0xd9, 0x39, 0x93, 0xf0, 0x03, 0x4c, 0xa8, 0x8e, 0xbd, 0x3c, 0x10, 0xd9,
    0x3d, 0x93, 0x90, 0x08, 0xd9, 0x41, 0x93, 0xb0, 0x03, 0x4c, 0xa8, 0x8e,
    0xa9, 0x01, 0x9d, 0x60, 0x10, 0x4c, 0xad, 0x8e, 0xa9, 0x00, 0x9d, 0x60,
    0x10, 0xbd, 0x48, 0x10, 0xc9, 0x01, 0xd0, 0x39, 0xa9, 0x6b, 0xdd, 0x30,
    0x10, 0xd0, 0x32, 0xa9, 0x7f, 0xdd, 0x34, 0x10, 0xd0, 0x2b, 0xa9, 0x03,
    0x9d, 0x48, 0x10, 0xa9, 0x01, 0x9d, 0x40, 0x10, 0xad, 0x48, 0x10, 0xc9,
    0x01, 0xf0, 0x1a, 0xad, 0x49, 0x10, 0xc9, 0x01, 0xf0, 0x13, 0xad, 0x4a,
    0x10, 0xc9, 0x01, 0xf0, 0x0c, 0xad, 0x4b, 0x10, 0xc9, 0x01, 0xf0, 0x05,
    0xa9, 0x0e, 0x20, 0xf9, 0x9c, 0x60, 0xbd, 0x58, 0x10, 0x9d, 0x00, 0x11,
    0xbd, 0x34, 0x10, 0x38, 0xe9, 0x03, 0x9d, 0xb3, 0x0a, 0xc9, 0xb8, 0x90,
    0x05, 0xa9, 0x00, 0x4c, 0x15, 0x8f, 0xc9, 0x40, 0xb0, 0x05, 0xa9, 0x00,
    0x4c, 0x15, 0x8f, 0xbd, 0x30, 0x10, 0x38, 0xe9, 0x04, 0x9d, 0xc3, 0x0a,
    0xbd, 0x50, 0x10, 0x9d, 0xa3, 0x0a, 0xbd, 0xe9, 0x92, 0x18, 0x7d, 0x44,
    0x10, 0x9d, 0x93, 0x0a, 0x60, 0x86, 0xcb, 0xbc, 0xe5, 0x92, 0xa2, 0x13,
    0xbd, 0xe5, 0xb6, 0x99, 0x00, 0x05, 0x88, 0xca, 0x10, 0xf6, 0xa6, 0xcb,
    0x60, 0x86, 0xcb, 0xbc, 0xe5, 0x92, 0xa2, 0x13, 0xbd, 0xf6, 0xb4, 0x99,
    0x00, 0x05, 0x88, 0xca, 0x10, 0xf6, 0xa6, 0xcb, 0x60, 0xbd, 0x54, 0x10,
    0xd0, 0xe7, 0x86, 0xcb, 0xbc, 0xe5, 0x92, 0x84, 0xc0, 0xbc, 0x40, 0x10,
    0xbe, 0xed, 0x92, 0xa9, 0x13, 0xa4, 0xc0, 0x85, 0xc0, 0xbd, 0xfe, 0xbc,
    0x99, 0x00, 0x05, 0xca, 0x88, 0xc6, 0xc0, 0x10, 0xf4, 0xa6, 0xcb, 0x60,
    0xa9, 0x02, 0x9d, 0xa3, 0x0a, 0xa9, 0x00, 0x9d, 0x00, 0x11, 0x86, 0xcb,
    0xbc, 0xe5, 0x92, 0x84, 0xc0, 0xac, 0xfe, 0x10, 0xbe, 0xf1, 0x92, 0xa9,
    0x09, 0xa4, 0xc0, 0x85, 0xc0, 0xbd, 0xd0, 0xbd, 0x99, 0x00, 0x05, 0x99,
    0xf6, 0x04, 0xca, 0x88, 0xc6, 0xc0, 0x10, 0xf1, 0xa6, 0xcb, 0x60, 0xa2,
    0x03, 0xbd, 0xc9, 0x92, 0x9d, 0x30, 0x10, 0x20, 0xeb, 0x9c, 0x9d, 0x38,
    0x10, 0xbd, 0xcd, 0x92, 0x9d, 0x34, 0x10, 0x20, 0xdf, 0x9c, 0x9d, 0x3c,
    0x10, 0xbd, 0xd1, 0x92, 0x9d, 0x40, 0x10, 0xa9, 0x00, 0x9d, 0x44, 0x10,
    0x9d, 0x54, 0x10, 0x9d, 0x5c, 0x10, 0xbd, 0xd9, 0x92, 0x9d, 0x50, 0x10,
    0xbd, 0xd5, 0x92, 0x9d, 0x48, 0x10, 0xa9, 0x01, 0x9d, 0x58, 0x10, 0x20,
    0x51, 0x8f, 0x20, 0xee, 0x8e, 0xca, 0x10, 0xbd, 0xa9, 0x01, 0x8d, 0xff,
    0x10, 0xa9, 0x00, 0x8d, 0xfd, 0x10, 0x8d, 0xfb, 0x10, 0x8d, 0xfc, 0x10,
    0x8d, 0xf7, 0x10, 0x8d, 0xf8, 0x10, 0x20, 0xcc, 0x8b, 0xa5, 0xb6, 0xc9,
    0x02, 0x10, 0x12, 0xa9, 0x00, 0x8d, 0xf4, 0x10, 0xa9, 0x1a, 0x8d, 0xf5,
    0x10, 0xa9, 0x34, 0x8d, 0xf6, 0x10, 0x4c, 0x3c, 0x90, 0xc9, 0x03, 0x10,
    0x10, 0xa9, 0x00, 0x8d, 0xf4, 0x10, 0x8d, 0xf5, 0x10, 0xa9, 0x20, 0x8d,
    0xf6, 0x10, 0x4c, 0x3c, 0x90, 0xa9, 0x00, 0x8d, 0xf4, 0x10, 0x8d, 0xf5,
    0x10, 0x8d, 0xf6, 0x10, 0xa5, 0xb6, 0xc9, 0x14, 0x30, 0x02, 0xa9, 0x13,
    0xaa, 0xbd, 0x21, 0x93, 0x8d, 0xf1, 0x10, 0xbd, 0x0d, 0x93, 0x8d, 0xf2,
    0x10, 0x60, 0xaa, 0xa9, 0x02, 0x9d, 0x48, 0x10, 0xbd, 0xe1, 0x92, 0x9d,
    0x40, 0x10, 0x60, 0xa2, 0x03, 0xbd, 0x48, 0x10, 0xc9, 0x01, 0xf0, 0x2c,
    0xc9, 0x03, 0xf0, 0x28, 0xa9, 0x01, 0x9d, 0x5c, 0x10, 0xa9, 0x01, 0x9d,
    0x54, 0x10, 0x9d, 0x58, 0x10, 0x20, 0x3d, 0x8f, 0xa9, 0x0a, 0x9d, 0x50,
    0x10, 0xbd, 0x48, 0x10, 0xd0, 0x0e, 0xbd, 0x40, 0x10, 0x18, 0x69, 0x02,
    0x29, 0x03, 0x9d, 0x40, 0x10, 0x20, 0xee, 0x8e, 0xca, 0x10, 0xca, 0xa9,
    0x01, 0x8d, 0xfd, 0x10, 0xa9, 0x00, 0x8d, 0xfe, 0x10, 0x8d, 0xee, 0x10,
    0xa5, 0xaf, 0x18, 0x6d, 0xf2, 0x10, 0x85, 0xe5, 0xa5, 0xae, 0x6d, 0xf1,
    0x10, 0x85, 0xe4, 0xa9, 0xa1, 0x8d, 0xf3, 0x10, 0xa9, 0x10, 0x20, 0xf9,
    0x9c, 0xa9, 0x10, 0x8d, 0xa4, 0x0b, 0x20, 0x3c, 0x9d, 0x60, 0xa2, 0x03,
    0xa9, 0x00, 0x9d, 0x54, 0x10, 0xbd, 0x48, 0x10, 0xc9, 0x01, 0xf0, 0x1a,
    0xc9, 0x03, 0xf0, 0x16, 0xa9, 0x00, 0x9d, 0x5c, 0x10, 0xa9, 0x01, 0x9d,
    0x58, 0x10, 0x20, 0x51, 0x8f, 0xbd, 0xd9, 0x92, 0x9d, 0x50, 0x10, 0x20,
    0xee, 0x8e, 0xca, 0x10, 0xd7, 0xa9, 0x00, 0x8d, 0xfd, 0x10, 0x8d, 0xee,
    0x10, 0xa9, 0x10, 0x20, 0xf9, 0x9c, 0x60, 0xa9, 0x01, 0x9d, 0x48, 0x10,
    0xa9, 0x00, 0x9d, 0x5c, 0x10, 0xa9, 0x02, 0x9d, 0x50, 0x10, 0xa9, 0x00,
    0x9d, 0x58, 0x10, 0x20, 0x29, 0x8f, 0x4c, 0xee, 0x8e, 0xa2, 0x03, 0xbd,
    0x48, 0x10, 0xd0, 0x0e, 0xbd, 0x40, 0x10, 0x18, 0x69, 0x02, 0x29, 0x03,
    0x9d, 0x40, 0x10, 0x20, 0x51, 0x8f, 0xca, 0x10, 0xea, 0xa9, 0x00, 0x8d,
    0xff, 0x10, 0xad, 0x9e, 0x10, 0x8d, 0x9c, 0x10, 0xad, 0x9f, 0x10, 0x8d,
    0x9d, 0x10, 0xa9, 0xff, 0x8d, 0x9e, 0x10, 0x8d, 0x9f, 0x10, 0x60, 0xa5,
    0xb6, 0xc9, 0x05, 0x30, 0x0a, 0xad, 0xf8, 0x10, 0xc9, 0x9d, 0x90, 0x3c,
    0x4c, 0x62, 0x91, 0xad, 0xf8, 0x10, 0xc9, 0xd2, 0x90, 0x32, 0xa9, 0x00,
    0x8d, 0xf8, 0x10, 0xad, 0x49, 0x10, 0xc9, 0x04, 0xd0, 0x08, 0xa9, 0x01,
    0x20, 0x52, 0x90, 0x4c, 0x94, 0x91, 0xad, 0x4a, 0x10, 0xc9, 0x04, 0xd0,
    0x08, 0xa9, 0x02, 0x20, 0x52, 0x90, 0x4c, 0x94, 0x91, 0xad, 0x4b, 0x10,
    0xc9, 0x04, 0xd0, 0x08, 0xa9, 0x03, 0x20, 0x52, 0x90, 0x4c, 0x94, 0x91,
    0xad, 0x49, 0x10, 0xc9, 0x04, 0xd0, 0x1f, 0xa5, 0xba, 0xf0, 0x0f, 0xad,
    0xf7, 0x10, 0xc9, 0x06, 0xd0, 0x14, 0xa9, 0x01, 0x20, 0x52, 0x90, 0x4c,
    0xba, 0x91, 0xa5, 0xbb, 0xcd, 0xf4, 0x10, 0x90, 0x05, 0xa9, 0x01, 0x20,
    0x52, 0x90, 0xad, 0x4a, 0x10, 0xc9, 0x04, 0xd0, 0x1f, 0xa5, 0xba, 0xf0,
    0x0f, 0xad, 0xf7, 0x10, 0xc9, 0x0f, 0xd0, 0x14, 0xa9, 0x02, 0x20, 0x52,
    0x90, 0x4c, 0xe0, 0x91, 0xa5, 0xbc, 0xcd, 0xf5, 0x10, 0x90, 0x05, 0xa9,
    0x02, 0x20, 0x52, 0x90, 0xad, 0x4b, 0x10, 0xc9, 0x04, 0xd0, 0x21, 0xa5,
    0xba, 0xf0, 0x11, 0xad, 0xf7, 0x10, 0xc9, 0x1c, 0xd0, 0x16, 0xa9, 0x00,
    0x85, 0xba, 0x8d, 0xf7, 0x10, 0x4c, 0x08, 0x92, 0xa5, 0xbd, 0xcd, 0xf6,
    0x10, 0x90, 0x05, 0xa9, 0x03, 0x20, 0x52, 0x90, 0x60, 0xa2, 0x03, 0xbd,
    0x54, 0x10, 0xf0, 0x15, 0xbd, 0x48, 0x10, 0xc9, 0x01, 0xf0, 0x0e, 0xc9,
    0x03, 0xf0, 0x0a, 0xa9, 0x02, 0x9d, 0x50, 0x10, 0xa9, 0x00, 0x9d, 0x58,
    0x10, 0xca, 0x10, 0xe3, 0x60, 0xa2, 0x03, 0xbd, 0x54, 0x10, 0xf0, 0x15,
    0xbd, 0x48, 0x10, 0xc9, 0x01, 0xf0, 0x0e, 0xc9, 0x03, 0xf0, 0x0a, 0xa9,
    0x0a, 0x9d, 0x50, 0x10, 0xa9, 0x01, 0x9d, 0x58, 0x10, 0xca, 0x10, 0xe3,
    0x60, 0xad, 0xee, 0x10, 0xd0, 0x16, 0xa5, 0xae, 0xc5, 0xe4, 0x90, 0x29,
    0xa5, 0xaf, 0xc5, 0xe5, 0x90, 0x23, 0xa9, 0xff, 0x8d, 0xee, 0x10, 0x85,
    0xe5, 0x85, 0xe4, 0x60, 0xce, 0xf3, 0x10, 0xad, 0xf3, 0x10, 0xd0, 0x03,
    0x4c, 0xc6, 0x90, 0x29, 0x1f, 0xd0, 0x03, 0x4c, 0x09, 0x92, 0x29, 0x0f,
    0xd0, 0x03, 0x4c, 0x29, 0x92, 0x60, 0x8e, 0xef, 0x10, 0xa2, 0x03, 0xbd,
    0x48, 0x10, 0xc9, 0x01, 0xf0, 0x0a, 0xc9, 0x03, 0xd0, 0x34, 0x20, 0xbe,
    0x8d, 0x4c, 0xc2, 0x92, 0xbd, 0x38, 0x10, 0x85, 0xc4, 0xbd, 0x3c, 0x10,
    0x85, 0xc5, 0xbd, 0x40, 0x10, 0x85, 0xc6, 0x20, 0x45, 0x93, 0xc9, 0x00,
    0xd0, 0x15, 0xbd, 0x30, 0x10, 0x29, 0x07, 0xc9, 0x03, 0xd0, 0x0c, 0xbd,
    0x34, 0x10, 0x29, 0x03, 0xc9, 0x01, 0xd0, 0x03, 0x20, 0x9f, 0x8c, 0x20,
    0x3f, 0x8e, 0xca, 0x10, 0xbe, 0xae, 0xef, 0x10, 0x60, 0x6b, 0x7b, 0x7b,
    0x7b, 0x7f, 0x7f, 0x77, 0x87, 0x02, 0x03, 0x01, 0x01, 0x00, 0x04, 0x04,
    0x04, 0x03, 0x01, 0x09, 0x0e, 0x03, 0x03, 0x02, 0x00, 0x03, 0x03, 0x00,
    0x02, 0x59, 0x6d, 0x81, 0x95, 0x46, 0x5a, 0x6e, 0x82, 0x13, 0x27, 0x3b,
    0x4f, 0x09, 0x13, 0x1d, 0x27, 0x00, 0x04, 0x00, 0xfc, 0x04, 0x00, 0xfc,
    0x00, 0x00, 0x02, 0x00, 0xfe, 0x02, 0x00, 0xfe, 0x00, 0x00, 0x01, 0x00,
    0xff, 0x01, 0x00, 0xff, 0x00, 0x58, 0x68, 0x2c, 0xf0, 0xb4, 0x78, 0x2c,
    0x78, 0x78, 0x3c, 0x2c, 0x78, 0x3c, 0x3c, 0xb4, 0x3c, 0x3c, 0x00, 0x3c,
    0x00, 0x02, 0x01, 0x01, 0x00, 0x00, 0x00, 0x01, 0x00, 0x00, 0x00, 0x01,
    0x00, 0x00, 0x00, 0x00, 0x00, 0x00, 0x00, 0x00, 0x00, 0x08, 0x02, 0x07,
    0x0a, 0x0d, 0x11, 0x07, 0x0c, 0x05, 0x09, 0x02, 0x06, 0x1b, 0x17, 0x1e,
    0x1a, 0x86, 0xcb, 0xa9, 0x00, 0x85, 0xcc, 0x85, 0xcd, 0x85, 0xce, 0x85,
    0xcf, 0xaa, 0xbd, 0x60, 0x94, 0x18, 0x65, 0xc4, 0x85, 0xc0, 0xbd, 0x64,
    0x94, 0x18, 0x65, 0xc5, 0x85, 0xc1, 0x20, 0x68, 0xab, 0xc9, 0x4e, 0x10,
    0x04, 0xa9, 0xff, 0x95, 0xcc, 0xe8, 0xe0, 0x04, 0x30, 0xe0, 0xa5, 0xc6,
    0x18, 0x69, 0x02, 0x29, 0x03, 0xaa, 0xa9, 0x01, 0x95, 0xcc, 0xa5, 0xc6,
    0x18, 0x69, 0x01, 0x29, 0x03, 0xaa, 0x18, 0x69, 0x02, 0x29, 0x03, 0xa8,
    0xa9, 0xff, 0x35, 0xcc, 0x39, 0xcc, 0x00, 0xa6, 0xcb, 0x60, 0x8a, 0x48,
    0x98, 0x48, 0x20, 0x0b, 0x94, 0xa5, 0xc6, 0x85, 0xc2, 0xa9, 0x8f, 0x85,
    0xc3, 0xa2, 0x00, 0xbd, 0x60, 0x94, 0x18, 0x65, 0xc4, 0x85, 0xc9, 0xbd,
    0x64, 0x94, 0x18, 0x65, 0xc5, 0x85, 0xca, 0xb5, 0xcc, 0xd0, 0x0b, 0x20,
    0xd2, 0x93, 0xc5, 0xc3, 0x90, 0x04, 0x85, 0xc3, 0x86, 0xc2, 0xe8, 0xe0,
    0x04, 0x30, 0xdc, 0x68, 0xa8, 0x68, 0xaa, 0xa5, 0xc2, 0x60, 0xa5, 0xc7,
    0x38, 0xe5, 0xc9, 0x85, 0xc1, 0x10, 0x07, 0xa9, 0x00, 0x38, 0xe5, 0xc1,
    0x85, 0xc1, 0xa5, 0xc8, 0x38, 0xe5, 0xca, 0x85, 0xc0, 0x10, 0x07, 0xa9,
    0x00, 0x38, 0xe5, 0xc0, 0x85, 0xc0, 0x8a, 0x18, 0x65, 0xcb, 0xa8, 0xa5,
    0xc0, 0x18, 0x65, 0xc1, 0x18, 0x69, 0x02, 0x18, 0x79, 0x50, 0x94, 0x85,
    0xc1, 0xa9, 0x00, 0x38, 0xe5, 0xc1, 0x60, 0xa9, 0x00, 0x85, 0xc0, 0x85,
    0xc1, 0xa5, 0xc7, 0x38, 0xe5, 0xc4, 0x85, 0xc2, 0x10, 0x0b, 0xa9, 0x08,
    0x85, 0xc0, 0xa9, 0x00, 0x38, 0xe5, 0xc2, 0x85, 0xc2, 0xa5, 0xc8, 0x38,
    0xe5, 0xc5, 0x85, 0xc3, 0x10, 0x0b, 0xa9, 0x08, 0x85, 0xc1, 0xa9, 0x00,
    0x38, 0xe5, 0xc3, 0x85, 0xc3, 0xa5, 0xc2, 0x38, 0xe5, 0xc3, 0x30, 0x08,
    0xa9, 0x04, 0x18, 0x65, 0xc0, 0x85, 0xcb, 0x60, 0xa9, 0x00, 0x18, 0x65,
    0xc1, 0x85, 0xcb, 0x60, 0xff, 0x00, 0x01, 0x00, 0x00, 0xff, 0x00, 0x01,
    0x01, 0x00, 0xff, 0x00, 0x00, 0x01, 0x00, 0xff, 0x00, 0x01, 0x00, 0xff,
    0x01, 0x00, 0xff, 0x00, 0xa5, 0xb6, 0xc9, 0x01, 0x10, 0x05, 0xa2, 0x1f,
    0x4c, 0x90, 0x94, 0xc9, 0x02, 0x10, 0x05, 0xa2, 0x3f, 0x4c, 0x90, 0x94,
    0xc9, 0x05, 0x10, 0x05, 0xa2, 0x5f, 0x4c, 0x90, 0x94, 0xc9, 0x15, 0x10,
    0x05, 0xa2, 0x7f, 0x4c, 0x90, 0x94, 0xa2, 0x9f, 0xa0, 0x1f, 0xbd, 0x38,
    0x95, 0x99, 0x80, 0x10, 0xca, 0x88, 0x10, 0xf6, 0xa0, 0x00, 0xa5, 0xb5,
    0xc9, 0x02, 0x30, 0x26, 0xc8, 0xc8, 0xc9, 0x03, 0x30, 0x20, 0xc8, 0xc8,
    0xc9, 0x06, 0x30, 0x1a, 0xc8, 0xc8, 0xc9, 0x09, 0x30, 0x14, 0xc8, 0xc8,
    0xc9, 0x0c, 0x30, 0x0e, 0xc8, 0xc8, 0xc9, 0x0f, 0x30, 0x08, 0xc8, 0xc8,
    0xc9, 0x12, 0x30, 0x02, 0xc8, 0xc8, 0xb9, 0xd8, 0x95, 0x8d, 0xf9, 0x10,
    0xb9, 0xd9, 0x95, 0x8d, 0xfa, 0x10, 0x60, 0xa2, 0x04, 0x18, 0x3e, 0x80,
    0x10, 0x3e, 0x85, 0x10, 0x3e, 0x8a, 0x10, 0x3e, 0x8f, 0x10, 0xbd, 0x80,
    0x10, 0x69, 0x00, 0x9d, 0x80, 0x10, 0xca, 0x10, 0xe8, 0x60, 0xa2, 0x01,
    0x18, 0x3e, 0x94, 0x10, 0x3e, 0x96, 0x10, 0x3e, 0x98, 0x10, 0x3e, 0x9a,
    0x10, 0xbd, 0x94, 0x10, 0x69, 0x00, 0x9d, 0x94, 0x10, 0xca, 0x10, 0xe8,
    0x60, 0xbd, 0x48, 0x10, 0xc9, 0x01, 0xd0, 0x03, 0xa9, 0x01, 0x60, 0xbc,
    0x5c, 0x10, 0xbd, 0x60, 0x10, 0xf0, 0x02, 0xa0, 0x02, 0xb9, 0x80, 0x10,
    0x29, 0x01, 0x60, 0xad, 0xfd, 0x10, 0xd0, 0x06, 0xad, 0x94, 0x10, 0x29,
    0x01, 0x60, 0xad, 0x95, 0x10, 0x29, 0x01, 0x60, 0x21, 0x02, 0x02, 0x88,
    0x88, 0x08, 0x02, 0x02, 0x44, 0x44, 0x21, 0x02, 0x02, 0x22, 0x22, 0x08,
    0x02, 0x02, 0x10, 0x10, 0x92, 0x92, 0x92, 0x92, 0x49, 0x92, 0x24, 0x92,
    0x07, 0xa4, 0x19, 0x54, 0x92, 0x22, 0x21, 0x4a, 0xaa, 0x92, 0x22, 0x08,
    0x52, 0x95, 0x92, 0x22, 0x21, 0x95, 0x55, 0x92, 0x22, 0x08, 0x29, 0x52,
    0x4a, 0x2a, 0x25, 0x95, 0x95, 0x2a, 0x29, 0x95, 0x01, 0xa4, 0x06, 0x54,
    0x2a, 0x89, 0x88, 0xaa, 0xaa, 0x95, 0x12, 0x44, 0x95, 0xaa, 0x2a, 0x24,
    0x22, 0x55, 0xaa, 0x95, 0x44, 0x10, 0x52, 0xaa, 0xaa, 0xaa, 0x95, 0xaa,
    0x55, 0xaa, 0x52, 0xaa, 0x01, 0xa4, 0x06, 0x54, 0x5a, 0x25, 0x24, 0x6d,
    0x6d, 0xd6, 0x25, 0x92, 0x6d, 0xb6, 0xb5, 0x25, 0x24, 0x6d, 0x6d, 0xad,
    0x25, 0x92, 0x6d, 0xb6, 0x6d, 0x6d, 0x6d, 0x6d, 0x6d, 0x6d, 0x6d, 0x6d,
    0x01, 0x2c, 0x05, 0xdc, 0x5a, 0x24, 0x24, 0x6d, 0x6d, 0xd6, 0x48, 0x92,
    0x6d, 0x6b, 0xb5, 0x91, 0x24, 0x6d, 0x6a, 0xad, 0x22, 0x92, 0x6d, 0x6b,
    0x6a, 0x6a, 0xd5, 0xd5, 0x6a, 0x6a, 0xd5, 0xd5, 0x01, 0x2c, 0x05, 0xdc,
    0x14, 0x0a, 0x1e, 0x0f, 0x28, 0x14, 0x32, 0x19, 0x3c, 0x1e, 0x50, 0x28,
    0x64, 0x32, 0x78, 0x3c, 0xad, 0x10, 0x10, 0xf0, 0x47, 0xad, 0x1c, 0x10,
    0xd0, 0x42, 0xad, 0x01, 0x10, 0x38, 0xed, 0x12, 0x10, 0x85, 0xc0, 0x10,
    0x07, 0xa9, 0x00, 0x38, 0xe5, 0xc0, 0x85, 0xc0, 0xc9, 0x06, 0xb0, 0x2c,
    0xad, 0x00, 0x10, 0x38, 0xed, 0x11, 0x10, 0x85, 0xc1, 0x10, 0x07, 0xa9,
    0x00, 0x38, 0xe5, 0xc1, 0x85, 0xc1, 0xa4, 0xc0, 0xd9, 0xe5, 0x96, 0xb0,
    0x13, 0xac, 0x16, 0x10, 0xb9, 0xf3, 0x96, 0x85, 0xcb, 0xb9, 0xfb, 0x96,
    0x85, 0xcc, 0x20, 0x8b, 0xab, 0x4c, 0x5e, 0x8b, 0x60, 0xa2, 0x03, 0xad,
    0x01, 0x10, 0x38, 0xfd, 0x34, 0x10, 0x85, 0xc0, 0x10, 0x07, 0xa9, 0x00,
    0x38, 0xe5, 0xc0, 0x85, 0xc0, 0xc9, 0x06, 0xb0, 0x42, 0xad, 0x00, 0x10,
    0x38, 0xfd, 0x30, 0x10, 0x85, 0xc1, 0x10, 0x07, 0xa9, 0x00, 0x38, 0xe5,
    0xc1, 0x85, 0xc1, 0xa4, 0xc0, 0xd9, 0xe5, 0x96, 0xb0, 0x29, 0xbd, 0x48,
    0x10, 0xd0, 0x24, 0xbd, 0x54, 0x10, 0xd0, 0x06, 0x20, 0xfe, 0x88, 0x4c,
    0x1e, 0xac, 0x20, 0x93, 0x96, 0x20, 0xff, 0x90, 0xac, 0xfe, 0x10, 0xb9,
    0xeb, 0x96, 0x85, 0xcb, 0xb9, 0xef, 0x96, 0x85, 0xcc, 0x20, 0x8b, 0xab,
    0xee, 0xfe, 0x10, 0xca, 0x10, 0xa5, 0x60, 0x20, 0x78, 0x8f, 0x20, 0x29,
    0x88, 0x20, 0x15, 0x9d, 0xa9, 0x0c, 0x8d, 0xa4, 0x0b, 0x20, 0x3c, 0x9d,
    0xa5, 0xae, 0x85, 0xac, 0xa5, 0xaf, 0x85, 0xad, 0x18, 0x69, 0x01, 0x85,
    0xe6, 0xa9, 0x3c, 0x8d, 0xf0, 0x10, 0xa5, 0xaf, 0xc5, 0xe6, 0x30, 0xfa,
    0x20, 0x7e, 0x92, 0xa5, 0xaf, 0x18, 0x69, 0x01, 0x85, 0xe6, 0xce, 0xf0,
    0x10, 0x10, 0xeb, 0xa5, 0xad, 0x85, 0xaf, 0xa5, 0xac, 0x85, 0xae, 0x8e,
    0xef, 0x10, 0x20, 0xe8, 0x87, 0xae, 0xef, 0x10, 0xa9, 0x0e, 0x8d, 0xa4,
    0x0b, 0x20, 0x3c, 0x9d, 0x60, 0x05, 0x05, 0x04, 0x02, 0x00, 0x00, 0x00,
    0x00, 0x00, 0x01, 0x20, 0x40, 0x80, 0x60, 0x00, 0x00, 0x00, 0x00, 0x00,
    0x01, 0x02, 0x05, 0x05, 0x10, 0x20, 0x50, 0x70, 0x00, 0x00, 0x00, 0x84,
    0xcf, 0x20, 0xad, 0x84, 0xa9, 0x20, 0x85, 0xc1, 0xa9, 0x00, 0x85, 0xc0,
    0xa9, 0x00, 0xa2, 0x04, 0x20, 0xc1, 0x9c, 0xa9, 0x2c, 0x8d, 0xf4, 0x02,
    0x8d, 0x09, 0xd4, 0x20, 0xa2, 0x84, 0xa9, 0x00, 0x8d, 0x25, 0x12, 0x8d,
    0x23, 0x12, 0xa6, 0xcf, 0xbd, 0x3e, 0x99, 0x8d, 0x24, 0x12, 0xbd, 0x43,
    0x99, 0x8d, 0x22, 0x12, 0xa9, 0x01, 0x8d, 0x00, 0x11, 0x8d, 0x01, 0x11,
    0x8d, 0x02, 0x11, 0x8d, 0x03, 0x11, 0xa9, 0x08, 0x85, 0xeb, 0xa2, 0x02,
    0xbd, 0x80, 0x0f, 0x8d, 0xc6, 0x02, 0x20, 0x76, 0x97, 0x20, 0x8a, 0x97,
    0xa9, 0x20, 0x85, 0xc1, 0xa9, 0x00, 0x85, 0xc0, 0xa9, 0x00, 0xa2, 0x04,
    0x20, 0xc1, 0x9c, 0x20, 0xde, 0x97, 0x20, 0xad, 0x84, 0xa9, 0x28, 0x8d,
    0xf4, 0x02, 0x8d, 0x09, 0xd4, 0x60, 0xa6, 0xcf, 0xbd, 0xb9, 0x9c, 0x8d,
    0xa4, 0x0b, 0x20, 0x3c, 0x9d, 0xbd, 0xbd, 0x9c, 0x8d, 0xa4, 0x0b, 0x4c,
    0x3c, 0x9d, 0xa6, 0xcf, 0xbd, 0xb1, 0x9c, 0x85, 0xcd, 0xbd, 0xb5, 0x9c,
    0x85, 0xce, 0xa2, 0x09, 0xbd, 0x62, 0xb0, 0x85, 0xc0, 0xbd, 0x7b, 0xb0,
    0x18, 0x69, 0x20, 0x85, 0xc1, 0xa0, 0x0b, 0xa6, 0xcd, 0xa9, 0x09, 0x85,
    0xc2, 0xbd, 0x5d, 0x9c, 0x91, 0xc0, 0xc8, 0xe8, 0xc6, 0xc2, 0x10, 0xf5,
    0xa2, 0x0b, 0xbd, 0x62, 0xb0, 0x85, 0xc0, 0xbd, 0x7b, 0xb0, 0x18, 0x69,
    0x20, 0x85, 0xc1, 0xa0, 0x07, 0xa6, 0xce, 0xa9, 0x11, 0x85, 0xc2, 0xbd,
    0x7b, 0x9c, 0x91, 0xc0, 0xc8, 0xe8, 0xc6, 0xc2, 0x10, 0xf5, 0x20, 0xea,
    0x84, 0x60, 0x20, 0x23, 0x99, 0xae, 0x22, 0x12, 0xee, 0x22, 0x12, 0xbd,
    0x48, 0x99, 0xd0, 0x01, 0x60, 0x85, 0xc0, 0xa5, 0xaf, 0x18, 0x7d, 0x6e,
    0x99, 0x8d, 0x21, 0x12, 0xa5, 0xae, 0x7d, 0x5b, 0x99, 0x8d, 0x20, 0x12,
    0xac, 0x24, 0x12, 0xbe, 0x81, 0x99, 0xa9, 0x01, 0x9d, 0x00, 0x12, 0xad,
    0x23, 0x12, 0x9d, 0x10, 0x12, 0xb9, 0xbe, 0x99, 0xf0, 0x03, 0x9d, 0xb0,
    0x0a, 0xb9, 0xfb, 0x99, 0xf0, 0x03, 0x9d, 0xc0, 0x0a, 0xb9, 0x38, 0x9a,
    0x9d, 0xa0, 0x0a, 0xbd, 0x51, 0xa9, 0x9d, 0x90, 0x0a, 0xee, 0x23, 0x12,
    0xee, 0x24, 0x12, 0xc6, 0xc0, 0xd0, 0xc9, 0x20, 0x2e, 0x99, 0x20, 0x5d,
    0x98, 0xa5, 0xaf, 0x18, 0x69, 0x03, 0xc5, 0xaf, 0x10, 0xfc, 0xa5, 0xae,
    0xcd, 0x20, 0x12, 0xd0, 0xed, 0xa6, 0xaf, 0xec, 0x21, 0x12, 0xf0, 0x06,
    0xca, 0xec, 0x21, 0x12, 0xd0, 0xe0, 0x4c, 0xde, 0x97, 0xa2, 0x09, 0xbd,
    0x00, 0x12, 0xf0, 0x03, 0x20, 0x76, 0x98, 0xca, 0x10, 0xf5, 0xee, 0x25,
    0x12, 0xad, 0x25, 0x12, 0x29, 0x03, 0x8d, 0x25, 0x12, 0x60, 0xbd, 0x10,
    0x12, 0x0a, 0x0a, 0x18, 0x6d, 0x25, 0x12, 0xa8, 0xa5, 0xcf, 0xc9, 0x01,
    0xf0, 0x07, 0xc9, 0x02, 0xf0, 0x21, 0x4c, 0xbb, 0x98, 0xb9, 0x75, 0x9a,
    0x20, 0x07, 0x99, 0xbd, 0xb0, 0x0a, 0x18, 0x65, 0xce, 0x9d, 0xb0, 0x0a,
    0xbd, 0xc0, 0x0a, 0x18, 0x65, 0xcd, 0x9d, 0xc0, 0x0a, 0xb9, 0xd5, 0x9a,
    0x4c, 0xd6, 0x98, 0xbd, 0xb0, 0x0a, 0x18, 0x79, 0x35, 0x9b, 0x9d, 0xb0,
    0x0a, 0xb9, 0x79, 0x9b, 0x4c, 0xd6, 0x98, 0xb9, 0xbd, 0x9b, 0x20, 0x07,
    0x99, 0xbd, 0xb0, 0x0a, 0x18, 0x65, 0xce, 0x9d, 0xb0, 0x0a, 0xbd, 0xc0,
    0x0a, 0x18, 0x65, 0xcd, 0x9d, 0xc0, 0x0a, 0xb9, 0x0d, 0x9c, 0xa0, 0xbb,
    0x84, 0xc1, 0xc9, 0x1a, 0x30, 0x02, 0xe6, 0xc1, 0x0a, 0x85, 0xc0, 0x0a,
    0x0a, 0x18, 0x65, 0xc0, 0x18, 0x69, 0x96, 0x90, 0x02, 0xe6, 0xc1, 0x85,
    0xc0, 0x86, 0xc2, 0xbd, 0x51, 0xa9, 0xaa, 0xa0, 0x00, 0xb1, 0xc0, 0x9d,
    0x00, 0x05, 0xc8, 0xe8, 0xc0, 0x0a, 0x30, 0xf5, 0xa6, 0xc2, 0x60, 0x85,
    0xcd, 0x4a, 0x4a, 0x4a, 0x4a, 0x20, 0x1c, 0x99, 0x85, 0xce, 0xa5, 0xcd,
    0x29, 0x0f, 0x20, 0x1c, 0x99, 0x85, 0xcd, 0x60, 0xc9, 0x08, 0x30, 0x02,
    0x49, 0xf0, 0x60, 0xa0, 0x09, 0xa9, 0x00, 0x99, 0x00, 0x12, 0x88, 0x10,
    0xfa, 0x60, 0xa0, 0x09, 0xa9, 0x00, 0xbe, 0x00, 0x12, 0xd0, 0x03, 0x99,
    0xc0, 0x0a, 0x88, 0x10, 0xf5, 0x60, 0x00, 0x00, 0x18, 0x29, 0x00, 0x00,
    0x00, 0x06, 0x0e, 0x00, 0x05, 0x05, 0x05, 0x05, 0x04, 0x00, 0x01, 0x03,
    0x03, 0x03, 0x03, 0x03, 0x01, 0x00, 0x05, 0x05, 0x05, 0x05, 0x00, 0x01,
    0x00, 0x00, 0x00, 0x00, 0x00, 0x00, 0x01, 0x01, 0x01, 0x00, 0x00, 0x00,
    0x00, 0x00, 0x00, 0x00, 0x00, 0x00, 0x00, 0x5c, 0x10, 0x1c, 0x30, 0x00,
    0xb0, 0x00, 0x00, 0x00, 0x40, 0x40, 0x90, 0x00, 0x60, 0x40, 0x20, 0x60,
    0x00, 0x00, 0x01, 0x02, 0x03, 0x04, 0x00, 0x01, 0x02, 0x03, 0x04, 0x00,
    0x01, 0x02, 0x03, 0x04, 0x00, 0x01, 0x02, 0x03, 0x04, 0x00, 0x01, 0x02,
    0x07, 0x00, 0x00, 0x01, 0x02, 0x00, 0x01, 0x02, 0x00, 0x01, 0x02, 0x00,
    0x01, 0x02, 0x00, 0x01, 0x02, 0x00, 0x00, 0x01, 0x02, 0x07, 0x08, 0x00,
    0x01, 0x02, 0x07, 0x08, 0x00, 0x01, 0x02, 0x07, 0x08, 0x00, 0x01, 0x02,
    0x07, 0x08, 0x30, 0x30, 0xc0, 0x10, 0xe0, 0xc1, 0xc1, 0x2e, 0x1d, 0xd2,
    0x00, 0x00, 0x00, 0x00, 0x00, 0x00, 0x00, 0x00, 0x00, 0x00, 0x00, 0x00,
    0x00, 0x78, 0x00, 0x18, 0x18, 0x30, 0xc0, 0xc0, 0xd8, 0x18, 0x18, 0x30,
    0xc0, 0xc0, 0xd8, 0x18, 0x18, 0x30, 0x00, 0x40, 0x40, 0x50, 0xc0, 0xc5,
    0x00, 0x00, 0x00, 0x00, 0x00, 0x00, 0x00, 0x00, 0x00, 0x00, 0x00, 0x00,
    0x00, 0x00, 0x00, 0x60, 0x60, 0xa0, 0x60, 0xa0, 0x80, 0x80, 0x80, 0x80,
    0x80, 0x00, 0x00, 0x00, 0x00, 0x00, 0x00, 0x00, 0x00, 0x00, 0x00, 0x00,
    0x00, 0x00, 0x30, 0x00, 0x60, 0x60, 0x60, 0x80, 0x80, 0x80, 0xa0, 0xa0,
    0xa0, 0x60, 0x60, 0x60, 0xa0, 0xa0, 0xa0, 0x00, 0x90, 0x90, 0x90, 0x50,
    0x4d, 0x00, 0x00, 0x00, 0x00, 0x00, 0x00, 0x00, 0x00, 0x00, 0x00, 0x00,
    0x00, 0x00, 0x00, 0x00, 0x08, 0x03, 0x08, 0x09, 0x09, 0x08, 0x03, 0x08,
    0x09, 0x09, 0x08, 0x03, 0x08, 0x09, 0x09, 0x08, 0x03, 0x08, 0x09, 0x09,
    0x08, 0x03, 0x08, 0x03, 0x02, 0x08, 0x03, 0x08, 0x08, 0x03, 0x08, 0x08,
    0x03, 0x08, 0x08, 0x03, 0x08, 0x08, 0x03, 0x08, 0x02, 0x08, 0x03, 0x08,
    0x09, 0x02, 0x08, 0x03, 0x08, 0x09, 0x02, 0x08, 0x03, 0x08, 0x09, 0x02,
    0x08, 0x03, 0x08, 0x08, 0x02, 0x30, 0x30, 0x30, 0x30, 0x30, 0x30, 0x30,
    0x30, 0xd0, 0xd0, 0xd0, 0xd0, 0x30, 0x30, 0x30, 0x40, 0xd0, 0xd0, 0xd0,
    0xc0, 0xd0, 0xd0, 0xd0, 0xd0, 0xd0, 0xd0, 0xd0, 0xd0, 0x30, 0x30, 0x30,
    0x30, 0x30, 0x30, 0x30, 0x40, 0xd0, 0xd0, 0xd0, 0xc0, 0x0a, 0x0a, 0x0a,
    0x0a, 0x0a, 0x0a, 0x0a, 0x0a, 0x0a, 0x0a, 0x0a, 0x0a, 0x30, 0x30, 0x30,
    0x40, 0xd0, 0xd0, 0xd0, 0xc0, 0x0a, 0x0a, 0x0a, 0x0a, 0x0a, 0x0a, 0x0a,
    0x0a, 0x0a, 0x0a, 0x0a, 0x0a, 0xfe, 0xf0, 0xf2, 0xf0, 0x1e, 0x10, 0x12,
    0x10, 0x00, 0x00, 0x00, 0x00, 0x00, 0x00, 0x00, 0x00, 0x00, 0x00, 0x00,
    0x00, 0x00, 0x00, 0x00, 0x00, 0x00, 0x01, 0x02, 0x01, 0x03, 0x04, 0x05,
    0x04, 0x1e, 0x1f, 0x20, 0x1f, 0x24, 0x25, 0x24, 0x25, 0x28, 0x29, 0x28,
    0x29, 0x0c, 0x0d, 0x0e, 0x0d, 0x0f, 0x10, 0x11, 0x10, 0x18, 0x19, 0x1a,
    0x19, 0x24, 0x25, 0x24, 0x25, 0x28, 0x29, 0x28, 0x29, 0x12, 0x13, 0x14,
    0x13, 0x15, 0x16, 0x17, 0x16, 0x21, 0x22, 0x23, 0x22, 0x24, 0x25, 0x24,
    0x25, 0x28, 0x29, 0x28, 0x29, 0x12, 0x13, 0x14, 0x13, 0x15, 0x16, 0x17,
    0x16, 0x21, 0x22, 0x23, 0x22, 0x28, 0x29, 0x28, 0x29, 0x24, 0x25, 0x24,
    0x25, 0x0c, 0x0d, 0x0e, 0x0d, 0x0f, 0x10, 0x11, 0x10, 0x18, 0x19, 0x1a,
    0x19, 0x2c, 0x2c, 0x2c, 0x2c, 0x00, 0x00, 0x00, 0x00, 0x03, 0x03, 0x03,
    0x04, 0x03, 0x03, 0x03, 0x04, 0x03, 0x03, 0x03, 0x03, 0xfd, 0xfd, 0xfd,
    0xfd, 0xfd, 0xfd, 0xfd, 0xfd, 0xfd, 0xfd, 0xfd, 0xfc, 0x03, 0x03, 0x03,
    0x04, 0x03, 0x03, 0x03, 0x04, 0x03, 0x03, 0x03, 0x03, 0xf4, 0xf4, 0xf4,
    0xf4, 0xf4, 0xf4, 0xf4, 0xf4, 0xf3, 0xf3, 0xf3, 0xf3, 0x0d, 0x0d, 0x0d,
    0x0d, 0x0d, 0x0d, 0x0d, 0x0d, 0x0c, 0x0c, 0x0c, 0x0c, 0x00, 0x00, 0x00,
    0x00, 0x00, 0x00, 0x00, 0x00, 0x00, 0x01, 0x02, 0x01, 0x03, 0x04, 0x05,
    0x04, 0x18, 0x19, 0x1a, 0x19, 0x0c, 0x0d, 0x0e, 0x0d, 0x0f, 0x10, 0x11,
    0x10, 0x1e, 0x1f, 0x20, 0x1f, 0x00, 0x01, 0x02, 0x01, 0x03, 0x04, 0x05,
    0x04, 0x18, 0x19, 0x1a, 0x19, 0x0c, 0x0d, 0x0e, 0x0d, 0x0f, 0x10, 0x11,
    0x10, 0x1e, 0x1f, 0x20, 0x1f, 0x00, 0x01, 0x02, 0x01, 0x03, 0x04, 0x05,
    0x04, 0x18, 0x19, 0x1a, 0x19, 0x00, 0x00, 0x00, 0x00, 0x00, 0x00, 0x00,
    0x00, 0x00, 0x00, 0x00, 0x00, 0x00, 0x00, 0x00, 0x00, 0xe0, 0xe0, 0xe0,
    0xe0, 0xe0, 0xe5, 0xe0, 0xeb, 0x00, 0x00, 0x00, 0x00, 0x00, 0x00, 0x00,
    0x00, 0x00, 0x00, 0x00, 0x00, 0xe4, 0xe4, 0xe4, 0xe4, 0xe0, 0xe5, 0xe0,
    0xeb, 0x00, 0x00, 0x00, 0x00, 0x00, 0x00, 0x00, 0x00, 0x00, 0x00, 0x00,
    0x00, 0xee, 0xe0, 0xe2, 0xe0, 0xe0, 0xe5, 0xe0, 0xeb, 0x00, 0x00, 0x00,
    0x00, 0x00, 0x00, 0x00, 0x00, 0x00, 0x00, 0x00, 0x00, 0x00, 0x00, 0x00,
    0x00, 0xe0, 0xe5, 0xe0, 0xeb, 0x02, 0x02, 0x02, 0x02, 0x05, 0x05, 0x05,
    0x05, 0x1a, 0x1a, 0x1a, 0x1a, 0x2e, 0x2e, 0x2e, 0x2e, 0x2f, 0x30, 0x30,
    0x2f, 0x02, 0x02, 0x02, 0x02, 0x05, 0x05, 0x05, 0x05, 0x1a, 0x1a, 0x1a,
    0x1a, 0x2e, 0x2e, 0x2e, 0x2e, 0x2f, 0x30, 0x30, 0x2f, 0x02, 0x02, 0x02,
    0x02, 0x05, 0x05, 0x05, 0x05, 0x1a, 0x1a, 0x1a, 0x1a, 0x2e, 0x2e, 0x2e,
    0x2e, 0x2f, 0x30, 0x30, 0x2f, 0x02, 0x02, 0x02, 0x02, 0x05, 0x05, 0x05,
    0x05, 0x1a, 0x1a, 0x1a, 0x1a, 0x2d, 0x2d, 0x2d, 0x2d, 0x2f, 0x30, 0x30,
    0x2f, 0x01, 0x02, 0x03, 0x04, 0x17, 0x18, 0x00, 0x00, 0x1d, 0x1e, 0x01,
    0x02, 0x03, 0x04, 0x17, 0x18, 0x00, 0x00, 0x1f, 0x20, 0x01, 0x02, 0x03,
    0x04, 0x17, 0x18, 0x00, 0x00, 0x21, 0x22, 0x17, 0x18, 0x07, 0x08, 0x05,
    0x06, 0x1b, 0x1c, 0x00, 0x00, 0x0d, 0x0e, 0x05, 0x06, 0x05, 0x06, 0x17,
    0x18, 0x17, 0x18, 0x07, 0x08, 0x05, 0x06, 0x00, 0x00, 0x03, 0x04, 0x07,
    0x08, 0x01, 0x02, 0x15, 0x16, 0x05, 0x06, 0x00, 0x00, 0x00, 0x0b, 0x0c,
    0x19, 0x1a, 0x0f, 0x10, 0x09, 0x0a, 0x11, 0x12, 0x13, 0x14, 0x00, 0x00,
    0x00, 0x00, 0x00, 0x0a, 0x14, 0x00, 0x00, 0x12, 0x24, 0x00, 0x00, 0x02,
    0x04, 0x00, 0x01, 0x03, 0x05, 0xa0, 0x00, 0x91, 0xc0, 0x88, 0xd0, 0xfb,
    0xe6, 0xc1, 0xca, 0xd0, 0xf6, 0x60, 0xa0, 0x00, 0xb1, 0xc2, 0x91, 0xc0,
    0x88, 0xd0, 0xf9, 0xe6, 0xc1, 0xe6, 0xc3, 0xca, 0xd0, 0xf2, 0x60, 0x38,
    0xe9, 0x40, 0x4a, 0x4a, 0x60, 0x0a, 0x0a, 0x18, 0x69, 0x40, 0x60, 0x38,
    0xe9, 0x20, 0x4a, 0x4a, 0x4a, 0x60, 0x0a, 0x0a, 0x0a, 0x18, 0x69, 0x20,
    0x60, 0xa0, 0x03, 0xd9, 0xa0, 0x0b, 0xd0, 0x11, 0xa9, 0x00, 0x99, 0x80,
    0x0b, 0x99, 0xa0, 0x0b, 0x98, 0x0a, 0xa8, 0xa9, 0x00, 0x99, 0x01, 0xd2,
    0x60, 0x88, 0x10, 0xe7, 0x60, 0xa9, 0x00, 0x8d, 0x80, 0x0b, 0x8d, 0x81,
    0x0b, 0x8d, 0x82, 0x0b, 0x8d, 0x83, 0x0b, 0x8d, 0xa0, 0x0b, 0x8d, 0xa1,
    0x0b, 0x8d, 0xa2, 0x0b, 0x8d, 0xa3, 0x0b, 0x8d, 0x01, 0xd2, 0x8d, 0x03,
    0xd2, 0x8d, 0x05, 0xd2, 0x8d, 0x07, 0xd2, 0x60, 0x48, 0x8a, 0x48, 0x98,
    0x48, 0xa5, 0x92, 0xd0, 0x4d, 0xa2, 0x03, 0xbd, 0x80, 0x0b, 0xf0, 0x06,
    0xca, 0x10, 0xf8, 0x4c, 0x92, 0x9d, 0xad, 0xa4, 0x0b, 0x9d, 0xa0, 0x0b,
    0xa8, 0xfe, 0x80, 0x0b, 0xa9, 0x00, 0x8d, 0x08, 0xd2, 0xb9, 0x56, 0x9e,
    0x9d, 0x9c, 0x0b, 0xb9, 0x67, 0x9e, 0x9d, 0x98, 0x0b, 0x20, 0x76, 0x9d,
    0x8e, 0xa4, 0x0b, 0x4c, 0x92, 0x9d, 0xb9, 0x45, 0x9e, 0x9d, 0x8c, 0x0b,
    0xa9, 0x00, 0x9d, 0x88, 0x0b, 0x20, 0x98, 0x9d, 0xbc, 0x8c, 0x0b, 0xb1,
    0xec, 0x9d, 0x84, 0x0b, 0xb1, 0xee, 0x9d, 0x90, 0x0b, 0x60, 0x68, 0xa8,
    0x68, 0xaa, 0x68, 0x60, 0xb9, 0x78, 0x9e, 0x85, 0xed, 0xb9, 0x89, 0x9e,
    0x85, 0xec, 0xb9, 0x9a, 0x9e, 0x85, 0xef, 0xb9, 0xab, 0x9e, 0x85, 0xee,
    0x60, 0xa2, 0x03, 0xa5, 0xd0, 0xc9, 0x01, 0xd0, 0x0c, 0xad, 0x14, 0xd0,
    0xc9, 0x0f, 0xf0, 0x05, 0x20, 0xc1, 0x9d, 0xa2, 0x03, 0xbd, 0x80, 0x0b,
    0xd0, 0x03, 0x4c, 0x35, 0x9e, 0x8a, 0xa8, 0x0a, 0xaa, 0xb9, 0x84, 0x0b,
    0xc9, 0xff, 0xf0, 0x0c, 0x9d, 0x00, 0xd2, 0xb9, 0x9c, 0x0b, 0x9d, 0x01,
    0xd2, 0x4c, 0xe8, 0x9d, 0xb9, 0x9c, 0x0b, 0x29, 0xf0, 0x9d, 0x01, 0xd2,
    0x8a, 0x4a, 0xaa, 0xde, 0x90, 0x0b, 0xf0, 0x12, 0x18, 0xbd, 0x98, 0x0b,
    0x7d, 0x88, 0x0b, 0x9d, 0x88, 0x0b, 0x90, 0x03, 0xfe, 0x84, 0x0b, 0x4c,
    0x35, 0x9e, 0xfe, 0x8c, 0x0b, 0xbc, 0xa0, 0x0b, 0x20, 0x98, 0x9d, 0xbc,
    0x8c, 0x0b, 0xb1, 0xee, 0xf0, 0x0d, 0x30, 0x28, 0x9d, 0x90, 0x0b, 0xb1,
    0xec, 0x9d, 0x84, 0x0b, 0x4c, 0x35, 0x9e, 0xde, 0x80, 0x0b, 0xa9, 0x00,
    0x9d, 0xa0, 0x0b, 0x8a, 0x0a, 0xaa, 0xa9, 0x00, 0x9d, 0x00, 0xd2, 0x9d,
    0x01, 0xd2, 0x8a, 0x4a, 0xaa, 0xca, 0x30, 0x03, 0x4c, 0xc1, 0x9d, 0x60,
    0xbc, 0xa0, 0x0b, 0x20, 0x76, 0x9d, 0x4c, 0x35, 0x9e, 0x00, 0x32, 0x00,
    0x00, 0x60, 0x7c, 0x00, 0x19, 0x30, 0x39, 0x43, 0x47, 0x61, 0x7e, 0xa7,
    0xbb, 0x00, 0xab, 0xa7, 0xab, 0xa7, 0xab, 0xa7, 0xab, 0xa7, 0xa2, 0xa5,
    0x04, 0xa7, 0xa7, 0xa7, 0xa3, 0xaa, 0xa4, 0x00, 0x00, 0x00, 0x00, 0x00,
    0x00, 0x00, 0x00, 0x00, 0x00, 0x00, 0x00, 0x00, 0x00, 0x00, 0x00, 0xff,
    0x9e, 0x9e, 0x9f, 0x9f, 0x9e, 0x9e, 0xa0, 0xa0, 0xa0, 0xa0, 0xa0, 0xa0,
    0xa0, 0xa0, 0xa0, 0xa0, 0xa1, 0xbc, 0xbc, 0x52, 0xbf, 0xbc, 0xbc, 0x4b,
    0x4b, 0x4b, 0x4b, 0x4b, 0x4b, 0x4b, 0x4b, 0x4b, 0x4b, 0x14, 0xa1, 0xa1,
    0xa1, 0xa2, 0xa1, 0xa1, 0xa2, 0xa2, 0xa2, 0xa2, 0xa2, 0xa2, 0xa2, 0xa2,
    0xa2, 0xa2, 0xa3, 0x69, 0x69, 0xff, 0x6c, 0x69, 0x69, 0xf8, 0xf8, 0xf8,
    0xf8, 0xf8, 0xf8, 0xf8, 0xf8, 0xf8, 0xf8, 0xc1, 0x44, 0x3c, 0x44, 0x51,
    0x6c, 0x5b, 0x55, 0x51, 0x5b, 0x51, 0x5b, 0x6c, 0x44, 0x3c, 0x44, 0x51,
    0x6c, 0x5b, 0x6c, 0xff, 0x35, 0x2d, 0x2a, 0x28, 0xff, 0x28, 0xff, 0x2d,
    0x28, 0x2d, 0x35, 0x3c, 0x44, 0x3c, 0x44, 0x3c, 0x35, 0x3c, 0x44, 0x51,
    0x5b, 0x51, 0x5b, 0x6c, 0x5b, 0x6c, 0x79, 0x88, 0xa2, 0x00, 0xff, 0xa2,
    0xff, 0xa2, 0xff, 0xa2, 0xff, 0xff, 0xa2, 0xff, 0xa2, 0xff, 0xa2, 0xff,
    0xff, 0xa2, 0xff, 0xa2, 0xff, 0xa2, 0xff, 0xff, 0xd9, 0xff, 0xd9, 0xff,
    0xd9, 0xff, 0xa2, 0xb6, 0xcc, 0xd9, 0xa2, 0xff, 0x88, 0xff, 0x79, 0xff,
    0x6c, 0xff, 0x5b, 0x6c, 0x79, 0x88, 0xa2, 0x00, 0x39, 0x40, 0x39, 0x2f,
    0x32, 0x2f, 0x48, 0x40, 0x3c, 0x39, 0x3c, 0x39, 0x2a, 0x2f, 0x2a, 0x25,
    0x1b, 0x1f, 0xff, 0x23, 0xff, 0x23, 0xff, 0xff, 0x2a, 0x2f, 0x23, 0x00,
    0x60, 0xff, 0x72, 0x60, 0x66, 0x6c, 0x72, 0xff, 0x60, 0x90, 0x72, 0x60,
    0x6c, 0xff, 0x60, 0x6c, 0xff, 0x72, 0xff, 0x72, 0xff, 0xff, 0x6c, 0x60,
    0x72, 0x00, 0x48, 0x40, 0x3c, 0x39, 0x3c, 0x39, 0xff, 0x39, 0x35, 0x32,
    0x2f, 0x32, 0x2f, 0xff, 0x1b, 0x1f, 0x23, 0x28, 0x2a, 0x28, 0x40, 0x39,
    0x35, 0xff, 0x48, 0xff, 0x2a, 0x28, 0x25, 0x23, 0x35, 0x2f, 0x2d, 0x2a,
    0x35, 0x2a, 0x35, 0x48, 0x55, 0x51, 0x4c, 0x48, 0x3c, 0x39, 0xff, 0x28,
    0x2a, 0x39, 0x35, 0x2a, 0x2f, 0x40, 0x3c, 0x39, 0x2f, 0x1b, 0x1f, 0x23,
    0x28, 0x2f, 0x40, 0x48, 0x2a, 0x28, 0x25, 0x23, 0x48, 0x40, 0x3c, 0x39,
    0x2a, 0x28, 0x25, 0x23, 0x35, 0x2f, 0x2d, 0x2a, 0x35, 0x2a, 0x35, 0x48,
    0x4c, 0x48, 0x40, 0x44, 0x40, 0xff, 0x28, 0x2a, 0x2f, 0x35, 0x2f, 0x2a,
    0xff, 0x2a, 0x2f, 0x35, 0x48, 0x55, 0x51, 0x4c, 0x48, 0x39, 0x28, 0x40,
    0x39, 0x35, 0x00, 0xff, 0x4c, 0x51, 0x55, 0x5b, 0x60, 0xff, 0x66, 0x6c,
    0x72, 0x79, 0x80, 0x88, 0xff, 0x90, 0xff, 0x90, 0xff, 0x90, 0x80, 0x72,
    0x6c, 0xff, 0x55, 0xff, 0x90, 0xff, 0x55, 0xff, 0x6c, 0xff, 0x55, 0xff,
    0x90, 0xff, 0x55, 0xff, 0x6c, 0xff, 0x55, 0xff, 0x90, 0xff, 0x55, 0xff,
    0x6c, 0xff, 0x90, 0xff, 0x55, 0xff, 0x5b, 0xff, 0x60, 0xff, 0x51, 0xff,
    0x90, 0xff, 0x51, 0xff, 0x60, 0xff, 0x51, 0xff, 0x90, 0xff, 0x51, 0xff,
    0x60, 0xff, 0x51, 0xff, 0x90, 0xff, 0x51, 0xff, 0x72, 0xff, 0x90, 0xff,
    0x6c, 0x60, 0x5b, 0x55, 0x51, 0x55, 0x60, 0x90, 0x6c, 0xff, 0x55, 0xff,
    0x90, 0xff, 0x55, 0xff, 0x6c, 0xff, 0x55, 0xff, 0x90, 0xff, 0x55, 0xff,
    0xa2, 0xff, 0x90, 0xff, 0x80, 0xff, 0x55, 0xff, 0x51, 0xff, 0x60, 0xff,
    0x80, 0xff, 0x90, 0xff, 0xa2, 0xff, 0xa2, 0xff, 0x90, 0xff, 0x90, 0xff,
    0xff, 0x72, 0xff, 0x90, 0xff, 0x6c, 0xff, 0x90, 0xff, 0xd9, 0x00, 0x51,
    0x48, 0x40, 0x3c, 0x2f, 0x35, 0x2d, 0x2f, 0x2d, 0x28, 0x2f, 0x35, 0x2d,
    0x2f, 0x2d, 0x28, 0x2f, 0x2d, 0x28, 0x23, 0x1f, 0x1d, 0x1f, 0x1d, 0x00,
    0xff, 0x79, 0xff, 0xa2, 0xff, 0x79, 0xff, 0x80, 0x79, 0x6c, 0x80, 0x79,
    0x6c, 0x60, 0x79, 0x6c, 0x79, 0x80, 0x6c, 0x79, 0xa2, 0x79, 0x00, 0x39,
    0x35, 0x32, 0x2f, 0x2d, 0x2a, 0x28, 0x25, 0x00, 0x48, 0xff, 0x40, 0xff,
    0x39, 0xff, 0x35, 0xff, 0x2f, 0x00, 0x90, 0x90, 0x90, 0x00, 0x60, 0x66,
    0x6c, 0x72, 0x78, 0x7c, 0x80, 0x88, 0x8a, 0x90, 0x99, 0x99, 0x90, 0x8a,
    0x88, 0x80, 0x7c, 0x78, 0x72, 0x6c, 0x66, 0x60, 0x5b, 0x55, 0x51, 0x00,
    0x72, 0x6c, 0x66, 0x60, 0x60, 0xff, 0x5b, 0x55, 0x51, 0x4c, 0x4c, 0xff,
    0x48, 0x44, 0x40, 0x3c, 0x39, 0x35, 0x32, 0x2f, 0x2d, 0x2a, 0x28, 0x25,
    0x23, 0x23, 0x00, 0x00, 0x00, 0x39, 0x3c, 0x40, 0x44, 0x48, 0x4c, 0x51,
    0x55, 0x48, 0x4c, 0x51, 0x55, 0x5b, 0x60, 0x66, 0x6c, 0x5b, 0x60, 0x66,
    0x6c, 0x72, 0x79, 0x80, 0x88, 0x66, 0x6c, 0x72, 0x79, 0x80, 0x88, 0x90,
    0x99, 0x72, 0x79, 0x80, 0x88, 0x90, 0x99, 0xa2, 0xad, 0x00, 0x1d, 0xff,
    0x1a, 0xff, 0x17, 0xff, 0x16, 0xff, 0x14, 0xff, 0x28, 0xff, 0x23, 0xff,
    0x1f, 0xff, 0x1d, 0xff, 0x1a, 0x00, 0x10, 0xff, 0x10, 0xff, 0x10, 0xff,
    0x10, 0xff, 0x10, 0xff, 0x10, 0xff, 0x10, 0x00, 0x55, 0x53, 0x51, 0x4f,
    0x4d, 0x4b, 0x49, 0x47, 0x45, 0x44, 0x43, 0x42, 0x41, 0x40, 0x3f, 0x3e,
    0x3d, 0x3c, 0x3b, 0x3a, 0x39, 0x38, 0x37, 0x36, 0x35, 0x34, 0x33, 0x32,
    0x31, 0x30, 0x2f, 0x2e, 0x2d, 0x2d, 0x2c, 0x2c, 0x2b, 0x2b, 0x2a, 0x2a,
    0x29, 0x29, 0x28, 0x28, 0x27, 0x27, 0x26, 0x26, 0x25, 0x25, 0x24, 0x24,
    0x23, 0x23, 0x22, 0x22, 0x21, 0x21, 0x20, 0x20, 0x1f, 0x1f, 0x1e, 0x1e,
    0x1d, 0x1d, 0x1c, 0x1c, 0x1b, 0x1b, 0x1a, 0x1a, 0x19, 0x19, 0x18, 0x18,
    0x17, 0x17, 0x16, 0x16, 0x15, 0x15, 0x14, 0x14, 0x00, 0x08, 0x08, 0x08,
    0x10, 0x08, 0x08, 0x08, 0x20, 0x08, 0x08, 0x08, 0x08, 0x08, 0x08, 0x08,
    0x10, 0x08, 0x10, 0x20, 0x08, 0x08, 0x08, 0x08, 0x08, 0x08, 0x08, 0x08,
    0x02, 0x02, 0x04, 0x08, 0x08, 0x08, 0x08, 0x08, 0x08, 0x10, 0x08, 0x08,
    0x08, 0x08, 0x08, 0x08, 0x08, 0x08, 0x08, 0x08, 0x08, 0x20, 0x00, 0x08,
    0x08, 0x08, 0x04, 0x04, 0x10, 0x10, 0x08, 0x08, 0x08, 0x04, 0x04, 0x10,
    0x10, 0x08, 0x08, 0x08, 0x04, 0x04, 0x10, 0x10, 0x08, 0x08, 0x08, 0x04,
    0x04, 0x10, 0x10, 0x20, 0x20, 0x20, 0x20, 0x08, 0x08, 0x08, 0x08, 0x08,
    0x08, 0x08, 0x08, 0x08, 0x08, 0x08, 0x08, 0x08, 0x00, 0x08, 0x08, 0x08,
    0x10, 0x08, 0x10, 0x08, 0x08, 0x08, 0x10, 0x08, 0x10, 0x08, 0x08, 0x08,
    0x10, 0x08, 0x10, 0x10, 0x08, 0x18, 0x08, 0x08, 0x08, 0x10, 0x08, 0x08,
    0x00, 0x08, 0x10, 0x10, 0x08, 0x08, 0x08, 0x08, 0x10, 0x10, 0x08, 0x08,
    0x08, 0x08, 0x10, 0x18, 0x10, 0x10, 0x08, 0x18, 0x08, 0x08, 0x08, 0x10,
    0x08, 0x08, 0x00, 0x08, 0x08, 0x08, 0x10, 0x08, 0x0c, 0x04, 0x08, 0x08,
    0x08, 0x10, 0x08, 0x0c, 0x04, 0x08, 0x08, 0x08, 0x08, 0x08, 0x08, 0x08,
    0x08, 0x28, 0x08, 0x08, 0x08, 0x08, 0x08, 0x08, 0x08, 0x08, 0x08, 0x08,
    0x08, 0x08, 0x08, 0x08, 0x10, 0x08, 0x08, 0x08, 0x20, 0x20, 0x38, 0x08,
    0x08, 0x08, 0x08, 0x08, 0x08, 0x08, 0x08, 0x08, 0x08, 0x08, 0x08, 0x10,
    0x08, 0x08, 0x08, 0x20, 0x20, 0x08, 0x08, 0x08, 0x08, 0x08, 0x08, 0x08,
    0x08, 0x08, 0x08, 0x08, 0x08, 0x08, 0x08, 0x08, 0x08, 0x08, 0x08, 0x08,
    0x18, 0x08, 0x08, 0x20, 0x20, 0x38, 0x08, 0x08, 0x08, 0x08, 0x10, 0x08,
    0x08, 0x08, 0x08, 0x08, 0x08, 0x10, 0x08, 0x08, 0x08, 0x20, 0x08, 0x08,
    0x08, 0x08, 0x30, 0x00, 0x08, 0x08, 0x08, 0x10, 0x08, 0x0c, 0x04, 0x08,
    0x08, 0x08, 0x10, 0x08, 0x0c, 0x04, 0x08, 0x18, 0x08, 0x0c, 0x04, 0x04,
    0x04, 0x08, 0x08, 0x08, 0x08, 0x08, 0x08, 0x08, 0x08, 0x08, 0x08, 0x08,
    0x08, 0x08, 0x08, 0x08, 0x08, 0x08, 0x08, 0x08, 0x08, 0x08, 0x08, 0x08,
    0x08, 0x08, 0x08, 0x08, 0x08, 0x08, 0x08, 0x08, 0x08, 0x08, 0x08, 0x08,
    0x08, 0x08, 0x08, 0x08, 0x08, 0x08, 0x08, 0x08, 0x08, 0x08, 0x08, 0x08,
    0x08, 0x08, 0x08, 0x08, 0x08, 0x08, 0x08, 0x08, 0x08, 0x10, 0x10, 0x10,
    0x10, 0x08, 0x08, 0x08, 0x08, 0x08, 0x08, 0x08, 0x08, 0x08, 0x08, 0x08,
    0x08, 0x08, 0x08, 0x08, 0x08, 0x08, 0x08, 0x08, 0x08, 0x08, 0x08, 0x08,
    0x08, 0x08, 0x08, 0x08, 0x08, 0x08, 0x08, 0x08, 0x08, 0x08, 0x08, 0x08,
    0x08, 0x08, 0x08, 0x08, 0x08, 0x08, 0x28, 0x08, 0x08, 0x08, 0x28, 0x08,
    0x08, 0x10, 0x08, 0x18, 0x08, 0x08, 0x08, 0x08, 0x08, 0x08, 0x08, 0x00,
    0x04, 0x04, 0x04, 0x10, 0x10, 0x10, 0x10, 0x08, 0x08, 0x08, 0x08, 0x10,
    0x10, 0x08, 0x08, 0x08, 0x08, 0x08, 0x08, 0x08, 0x08, 0x10, 0x10, 0x10,
    0x00, 0x0c, 0x10, 0x10, 0x10, 0x10, 0x10, 0x10, 0x08, 0x08, 0x08, 0x08,
    0x08, 0x08, 0x08, 0x08, 0x08, 0x08, 0x08, 0x08, 0x10, 0x10, 0x10, 0x00,
    0x01, 0x01, 0x01, 0x01, 0x01, 0x01, 0x01, 0x01, 0xff, 0x01, 0x01, 0x01,
    0x01, 0x01, 0x01, 0x01, 0x01, 0x01, 0x00, 0x04, 0x04, 0x04, 0x00, 0x01,
    0x01, 0x01, 0x01, 0x01, 0x01, 0x01, 0x01, 0x01, 0x01, 0x02, 0x01, 0x01,
    0x01, 0x01, 0x01, 0x01, 0x01, 0x01, 0x01, 0x01, 0x01, 0x01, 0x01, 0x01,
    0x00, 0x01, 0x01, 0x01, 0x01, 0x01, 0x01, 0x01, 0x01, 0x01, 0x01, 0x01,
    0x01, 0x01, 0x01, 0x01, 0x01, 0x01, 0x01, 0x01, 0x01, 0x01, 0x01, 0x01,
    0x01, 0x01, 0x01, 0x00, 0x00, 0x00, 0x02, 0x02, 0x02, 0x02, 0x02, 0x02,
    0x02, 0x02, 0x02, 0x02, 0x02, 0x02, 0x02, 0x02, 0x02, 0x02, 0x02, 0x02,
    0x02, 0x02, 0x02, 0x02, 0x02, 0x02, 0x02, 0x02, 0x02, 0x02, 0x02, 0x02,
    0x02, 0x02, 0x02, 0x02, 0x02, 0x02, 0x02, 0x02, 0x02, 0x02, 0x00, 0x01,
    0x01, 0x01, 0x01, 0x01, 0x01, 0x01, 0x01, 0x01, 0x01, 0x01, 0x01, 0x01,
    0x01, 0x01, 0x01, 0x01, 0x01, 0x01, 0xff, 0x03, 0x03, 0x03, 0x03, 0x03,
    0x03, 0x03, 0x03, 0x03, 0x03, 0x03, 0x03, 0x03, 0x00, 0x09, 0x09, 0x09,
    0x09, 0x09, 0x09, 0x09, 0x09, 0x09, 0x09, 0x09, 0x09, 0x09, 0x09, 0x09,
    0x09, 0x09, 0x09, 0x09, 0x09, 0x09, 0x09, 0x09, 0x09, 0x09, 0x09, 0x09,
    0x09, 0x09, 0x09, 0x09, 0x09, 0x09, 0x09, 0x09, 0x09, 0x09, 0x09, 0x09,
    0x09, 0x09, 0x09, 0x09, 0x09, 0x09, 0x09, 0x09, 0x09, 0x09, 0x09, 0x09,
    0x09, 0x09, 0x09, 0x09, 0x09, 0x09, 0x09, 0x09, 0x09, 0x09, 0x09, 0x09,
    0x09, 0x09, 0x09, 0x09, 0x09, 0x09, 0x09, 0x09, 0x09, 0x09, 0x09, 0x09,
    0x09, 0x09, 0x09, 0x09, 0x09, 0x09, 0x09, 0x09, 0x09, 0x00, 0x20, 0x2c,
    0xa4, 0x20, 0x5f, 0xa8, 0x20, 0x44, 0xa6, 0x20, 0x5f, 0xa4, 0x20, 0xcf,
    0xa4, 0x20, 0x62, 0xa6, 0x20, 0x8f, 0xa6, 0x60, 0xa5, 0xaf, 0x29, 0x03,
    0x18, 0x69, 0x06, 0xa8, 0x84, 0xda, 0xa2, 0x05, 0xbd, 0x00, 0x0b, 0x10,
    0x10, 0x85, 0xdb, 0xb9, 0x00, 0x0b, 0x9d, 0x00, 0x0b, 0xa5, 0xdb, 0x29,
    0x7f, 0x99, 0x00, 0x0b, 0x88, 0xca, 0x10, 0xe8, 0xa2, 0x09, 0xbc, 0x00,
    0x0b, 0xb9, 0xc0, 0x0a, 0x9d, 0xf0, 0x0a, 0xca, 0x10, 0xf4, 0x60, 0xa9,
    0x00, 0x8d, 0xea, 0x0a, 0xa0, 0x09, 0xb9, 0xf0, 0x0a, 0xf0, 0x36, 0x20,
    0xeb, 0x9c, 0x85, 0xdc, 0xb9, 0xf0, 0x0a, 0x29, 0x07, 0xaa, 0xbd, 0x49,
    0xa9, 0x85, 0xda, 0x85, 0xdb, 0xa9, 0x03, 0x8d, 0xe9, 0x0a, 0xae, 0xea,
    0x0a, 0xa5, 0xdc, 0x18, 0x7d, 0x45, 0xa9, 0xaa, 0xbd, 0x10, 0x0b, 0x10,
    0x1f, 0xca, 0xc6, 0xdb, 0x10, 0xf6, 0xb9, 0x00, 0x0b, 0xe8, 0x9d, 0x10,
    0x0b, 0xc6, 0xda, 0x10, 0xf8, 0xee, 0xea, 0x0a, 0xad, 0xea, 0x0a, 0x29,
    0x03, 0x8d, 0xea, 0x0a, 0x88, 0x10, 0xb7, 0x60, 0xa5, 0xda, 0x85, 0xdb,
    0xee, 0xea, 0x0a, 0xad, 0xea, 0x0a, 0x29, 0x03, 0x8d, 0xea, 0x0a, 0xce,
    0xe9, 0x0a, 0x10, 0xbe, 0xb9, 0x00, 0x0b, 0x09, 0x80, 0x99, 0x00, 0x0b,
    0x4c, 0xa1, 0xa4, 0xa9, 0x00, 0x8d, 0xe5, 0x0a, 0x8d, 0xe6, 0x0a, 0x8d,
    0xe7, 0x0a, 0x8d, 0xe8, 0x0a, 0x8d, 0x40, 0x0a, 0x8d, 0x41, 0x0a, 0x8d,
    0x42, 0x0a, 0x8d, 0x43, 0x0a, 0x8d, 0xe0, 0x0a, 0x85, 0xda, 0x85, 0xdb,
    0xaa, 0xa8, 0xa9, 0xff, 0x8d, 0x70, 0x0b, 0x8d, 0x71, 0x0b, 0x8d, 0x72,
    0x0b, 0x8d, 0x73, 0x0b, 0xa9, 0xff, 0x85, 0xdc, 0xbd, 0x10, 0x0b, 0x30,
    0x30, 0xcd, 0x70, 0x0b, 0xf0, 0x2b, 0x8d, 0x70, 0x0b, 0xac, 0x40, 0x0a,
    0x99, 0x00, 0x0a, 0xc8, 0x8c, 0x40, 0x0a, 0xa8, 0xad, 0xe5, 0x0a, 0xf0,
    0x08, 0xa9, 0x00, 0x20, 0x27, 0xa6, 0x4c, 0x39, 0xa5, 0xb9, 0xb0, 0x0a,
    0x8d, 0xe5, 0x0a, 0xb9, 0xa0, 0x0a, 0xa8, 0xb9, 0x80, 0x0f, 0x8d, 0xe1,
    0x0a, 0xbd, 0x28, 0x0b, 0x30, 0x30, 0xcd, 0x71, 0x0b, 0xf0, 0x2b, 0x8d,
    0x71, 0x0b, 0xac, 0x41, 0x0a, 0x99, 0x08, 0x0a, 0xc8, 0x8c, 0x41, 0x0a,
    0xa8, 0xad, 0xe6, 0x0a, 0xf0, 0x08, 0xa9, 0x01, 0x20, 0x27, 0xa6, 0x4c,
    0x6e, 0xa5, 0xb9, 0xb0, 0x0a, 0x8d, 0xe6, 0x0a, 0xb9, 0xa0, 0x0a, 0xa8,
    0xb9, 0x80, 0x0f, 0x8d, 0xe2, 0x0a, 0xbd, 0x40, 0x0b, 0x30, 0x30, 0xcd,
    0x72, 0x0b, 0xf0, 0x2b, 0x8d, 0x72, 0x0b, 0xac, 0x42, 0x0a, 0x99, 0x10,
    0x0a, 0xc8, 0x8c, 0x42, 0x0a, 0xa8, 0xad, 0xe7, 0x0a, 0xf0, 0x08, 0xa9,
    0x02, 0x20, 0x27, 0xa6, 0x4c, 0xa3, 0xa5, 0xb9, 0xb0, 0x0a, 0x8d, 0xe7,
    0x0a, 0xb9, 0xa0, 0x0a, 0xa8, 0xb9, 0x80, 0x0f, 0x8d, 0xe3, 0x0a, 0xbd,
    0x58, 0x0b, 0x30, 0x30, 0xcd, 0x73, 0x0b, 0xf0, 0x2b, 0x8d, 0x73, 0x0b,
    0xac, 0x43, 0x0a, 0x99, 0x18, 0x0a, 0xc8, 0x8c, 0x43, 0x0a, 0xa8, 0xad,
    0xe8, 0x0a, 0xf0, 0x08, 0xa9, 0x03, 0x20, 0x27, 0xa6, 0x4c, 0xd8, 0xa5,
    0xb9, 0xb0, 0x0a, 0x8d, 0xe8, 0x0a, 0xb9, 0xa0, 0x0a, 0xa8, 0xb9, 0x80,
    0x0f, 0x8d, 0xe4, 0x0a, 0xa5, 0xdc, 0x30, 0x18, 0xac, 0xe0, 0x0a, 0x99,
    0xd0, 0x0a, 0xbd, 0x30, 0xa9, 0x99, 0x80, 0x0a, 0xaa, 0xbd, 0x03, 0x0c,
    0x09, 0x80, 0x9d, 0x03, 0x0c, 0xee, 0xe0, 0x0a, 0xe6, 0xda, 0xa6, 0xda,
    0xe0, 0x15, 0x10, 0x03, 0x4c, 0x00, 0xa5, 0xa6, 0xdb, 0xa9, 0xff, 0x9d,
    0x50, 0x0a, 0xac, 0x40, 0x0a, 0x99, 0x00, 0x0a, 0xac, 0x41, 0x0a, 0x99,
    0x08, 0x0a, 0xac, 0x42, 0x0a, 0x99, 0x10, 0x0a, 0xac, 0x43, 0x0a, 0x99,
    0x18, 0x0a, 0xae, 0xe0, 0x0a, 0xa9, 0x00, 0x9d, 0x80, 0x0a, 0x60, 0xa6,
    0xdb, 0x9d, 0x50, 0x0a, 0xb9, 0xb0, 0x0a, 0x9d, 0x70, 0x0a, 0xb9, 0xa0,
    0x0a, 0xa8, 0xb9, 0x80, 0x0f, 0x9d, 0x60, 0x0a, 0xe8, 0x86, 0xdb, 0xe6,
    0xdc, 0xa6, 0xda, 0x60, 0xa0, 0x00, 0xbe, 0x80, 0x0a, 0xf0, 0x0c, 0xbd,
    0x03, 0x0c, 0x29, 0x7f, 0x9d, 0x03, 0x0c, 0xc8, 0x4c, 0x46, 0xa6, 0xa9,
    0xff, 0xa2, 0x5f, 0x9d, 0x10, 0x0b, 0xca, 0x10, 0xfa, 0x60, 0xa2, 0x03,
    0xa9, 0x00, 0x9d, 0xec, 0x0a, 0xca, 0x10, 0xfa, 0xad, 0x82, 0x0f, 0x8d,
    0x19, 0xd0, 0xa2, 0x09, 0xbc, 0x00, 0x0b, 0xc0, 0x03, 0x30, 0x10, 0xc0,
    0x07, 0x10, 0x0c, 0xb9, 0xc0, 0x0a, 0x99, 0xe9, 0x0a, 0xb9, 0xb0, 0x0a,
    0x99, 0x01, 0xd0, 0xca, 0x10, 0xe6, 0x60, 0xad, 0x00, 0x11, 0xf0, 0x0a,
    0xae, 0xec, 0x0a, 0xf0, 0x05, 0xa0, 0x03, 0x20, 0x34, 0xa8, 0xad, 0x01,
    0x11, 0xf0, 0x0a, 0xae, 0xed, 0x0a, 0xf0, 0x05, 0xa0, 0x0c, 0x20, 0x34,
    0xa8, 0xad, 0x02, 0x11, 0xf0, 0x0a, 0xae, 0xee, 0x0a, 0xf0, 0x05, 0xa0,
    0x30, 0x20, 0x34, 0xa8, 0xad, 0x03, 0x11, 0xf0, 0x0a, 0xae, 0xef, 0x0a,
    0xf0, 0x05, 0xa0, 0xc0, 0x20, 0x34, 0xa8, 0xa0, 0x00, 0xbe, 0x00, 0x0a,
    0x30, 0x4e, 0xbd, 0xc0, 0x0a, 0x99, 0x20, 0x0a, 0x84, 0xda, 0xbc, 0x90,
    0x0a, 0xaa, 0xb9, 0x00, 0x05, 0x9d, 0x00, 0x14, 0xb9, 0x01, 0x05, 0x9d,
    0x01, 0x14, 0xb9, 0x02, 0x05, 0x9d, 0x02, 0x14, 0xb9, 0x03, 0x05, 0x9d,
    0x03, 0x14, 0xb9, 0x04, 0x05, 0x9d, 0x04, 0x14, 0xb9, 0x05, 0x05, 0x9d,
    0x05, 0x14, 0xb9, 0x06, 0x05, 0x9d, 0x06, 0x14, 0xb9, 0x07, 0x05, 0x9d,
    0x07, 0x14, 0xb9, 0x08, 0x05, 0x9d, 0x08, 0x14, 0xb9, 0x09, 0x05, 0x9d,
    0x09, 0x14, 0xa4, 0xda, 0xc8, 0x4c, 0xcd, 0xa6, 0xa9, 0x00, 0x99, 0x20,
    0x0a, 0xa0, 0x00, 0xbe, 0x08, 0x0a, 0x30, 0x4e, 0xbd, 0xc0, 0x0a, 0x99,
    0x28, 0x0a, 0x84, 0xda, 0xbc, 0x90, 0x0a, 0xaa, 0xb9, 0x00, 0x05, 0x9d,
    0x00, 0x15, 0xb9, 0x01, 0x05, 0x9d, 0x01, 0x15, 0xb9, 0x02, 0x05, 0x9d,
    0x02, 0x15, 0xb9, 0x03, 0x05, 0x9d, 0x03, 0x15, 0xb9, 0x04, 0x05, 0x9d,
    0x04, 0x15, 0xb9, 0x05, 0x05, 0x9d, 0x05, 0x15, 0xb9, 0x06, 0x05, 0x9d,
    0x06, 0x15, 0xb9, 0x07, 0x05, 0x9d, 0x07, 0x15, 0xb9, 0x08, 0x05, 0x9d,
    0x08, 0x15, 0xb9, 0x09, 0x05, 0x9d, 0x09, 0x15, 0xa4, 0xda, 0xc8, 0x4c,
    0x27, 0xa7, 0xa9, 0x00, 0x99, 0x28, 0x0a, 0xa0, 0x00, 0xbe, 0x10, 0x0a,
    0x30, 0x4e, 0xbd, 0xc0, 0x0a, 0x99, 0x30, 0x0a, 0x84, 0xda, 0xbc, 0x90,
    0x0a, 0xaa, 0xb9, 0x00, 0x05, 0x9d, 0x00, 0x16, 0xb9, 0x01, 0x05, 0x9d,
    0x01, 0x16, 0xb9, 0x02, 0x05, 0x9d, 0x02, 0x16, 0xb9, 0x03, 0x05, 0x9d,
    0x03, 0x16, 0xb9, 0x04, 0x05, 0x9d, 0x04, 0x16, 0xb9, 0x05, 0x05, 0x9d,
    0x05, 0x16, 0xb9, 0x06, 0x05, 0x9d, 0x06, 0x16, 0xb9, 0x07, 0x05, 0x9d,
    0x07, 0x16, 0xb9, 0x08, 0x05, 0x9d, 0x08, 0x16, 0xb9, 0x09, 0x05, 0x9d,
    0x09, 0x16, 0xa4, 0xda, 0xc8, 0x4c, 0x81, 0xa7, 0xa9, 0x00, 0x99, 0x30,
    0x0a, 0xa0, 0x00, 0xbe, 0x18, 0x0a, 0x30, 0x4e, 0xbd, 0xc0, 0x0a, 0x99,
    0x38, 0x0a, 0x84, 0xda, 0xbc, 0x90, 0x0a, 0xaa, 0xb9, 0x00, 0x05, 0x9d,
    0x00, 0x17, 0xb9, 0x01, 0x05, 0x9d, 0x01, 0x17, 0xb9, 0x02, 0x05, 0x9d,
    0x02, 0x17, 0xb9, 0x03, 0x05, 0x9d, 0x03, 0x17, 0xb9, 0x04, 0x05, 0x9d,
    0x04, 0x17, 0xb9, 0x05, 0x05, 0x9d, 0x05, 0x17, 0xb9, 0x06, 0x05, 0x9d,
    0x06, 0x17, 0xb9, 0x07, 0x05, 0x9d, 0x07, 0x17, 0xb9, 0x08, 0x05, 0x9d,
    0x08, 0x17, 0xb9, 0x09, 0x05, 0x9d, 0x09, 0x17, 0xa4, 0xda, 0xc8, 0x4c,
    0xdb, 0xa7, 0xa9, 0x00, 0x99, 0x38, 0x0a, 0x60, 0x98, 0x5d, 0x02, 0x13,
    0x9d, 0x02, 0x13, 0x98, 0x5d, 0x03, 0x13, 0x9d, 0x03, 0x13, 0x98, 0x5d,
    0x04, 0x13, 0x9d, 0x04, 0x13, 0x98, 0x5d, 0x05, 0x13, 0x9d, 0x05, 0x13,
    0x98, 0x5d, 0x06, 0x13, 0x9d, 0x06, 0x13, 0x98, 0x5d, 0x07, 0x13, 0x9d,
    0x07, 0x13, 0x60, 0xa9, 0x00, 0xa0, 0x03, 0xbe, 0xec, 0x0a, 0x9d, 0x02,
    0x13, 0x9d, 0x03, 0x13, 0x9d, 0x04, 0x13, 0x9d, 0x05, 0x13, 0x9d, 0x06,
    0x13, 0x9d, 0x07, 0x13, 0x88, 0x10, 0xe8, 0xa9, 0x00, 0xa0, 0x00, 0xbe,
    0x20, 0x0a, 0xf0, 0x22, 0x9d, 0x00, 0x14, 0x9d, 0x01, 0x14, 0x9d, 0x02,
    0x14, 0x9d, 0x03, 0x14, 0x9d, 0x04, 0x14, 0x9d, 0x05, 0x14, 0x9d, 0x06,
    0x14, 0x9d, 0x07, 0x14, 0x9d, 0x08, 0x14, 0x9d, 0x09, 0x14, 0xc8, 0x4c,
    0x7f, 0xa8, 0xa0, 0x00, 0xbe, 0x28, 0x0a, 0xf0, 0x22, 0x9d, 0x00, 0x15,
    0x9d, 0x01, 0x15, 0x9d, 0x02, 0x15, 0x9d, 0x03, 0x15, 0x9d, 0x04, 0x15,
    0x9d, 0x05, 0x15, 0x9d, 0x06, 0x15, 0x9d, 0x07, 0x15, 0x9d, 0x08, 0x15,
    0x9d, 0x09, 0x15, 0xc8, 0x4c, 0xa8, 0xa8, 0xa0, 0x00, 0xbe, 0x30, 0x0a,
    0xf0, 0x22, 0x9d, 0x00, 0x16, 0x9d, 0x01, 0x16, 0x9d, 0x02, 0x16, 0x9d,
    0x03, 0x16, 0x9d, 0x04, 0x16, 0x9d, 0x05, 0x16, 0x9d, 0x06, 0x16, 0x9d,
    0x07, 0x16, 0x9d, 0x08, 0x16, 0x9d, 0x09, 0x16, 0xc8, 0x4c, 0xd1, 0xa8,
    0xa0, 0x00, 0xbe, 0x38, 0x0a, 0xf0, 0x22, 0x9d, 0x00, 0x17, 0x9d, 0x01,
    0x17, 0x9d, 0x02, 0x17, 0x9d, 0x03, 0x17, 0x9d, 0x04, 0x17, 0x9d, 0x05,
    0x17, 0x9d, 0x06, 0x17, 0x9d, 0x07, 0x17, 0x9d, 0x08, 0x17, 0x9d, 0x09,
    0x17, 0xc8, 0x4c, 0xfa, 0xa8, 0xa9, 0x00, 0x8d, 0xe5, 0x0a, 0x8d, 0xe6,
    0x0a, 0x8d, 0xe7, 0x0a, 0x8d, 0xe8, 0x0a, 0x60, 0x00, 0x03, 0x04, 0x05,
    0x06, 0x07, 0x08, 0x09, 0x0a, 0x0b, 0x0c, 0x0d, 0x0e, 0x0f, 0x10, 0x11,
    0x12, 0x13, 0x14, 0x15, 0x16, 0x00, 0x18, 0x30, 0x48, 0x02, 0x02, 0x01,
    0x01, 0x01, 0x01, 0x01, 0x01, 0x00, 0x0a, 0x14, 0x1e, 0x28, 0x32, 0x3c,
    0x46, 0x50, 0x5a, 0x64, 0x6e, 0x78, 0x82, 0x8c, 0x96, 0xa0, 0xaa, 0xb4,
    0xbe, 0xc8, 0xd2, 0xdc, 0xe6, 0xf0, 0x48, 0x8a, 0x48, 0xd8, 0xa9, 0x2e,
    0x8d, 0x09, 0xd4, 0xa9, 0x81, 0x8d, 0x00, 0x02, 0xa9, 0xa9, 0x8d, 0x01,
    0x02, 0x68, 0xaa, 0x68, 0x40, 0x48, 0x8a, 0x48, 0xd8, 0xa2, 0x03, 0xbd,
    0xe1, 0x0a, 0x9d, 0xc0, 0x02, 0x9d, 0x12, 0xd0, 0xbd, 0xe5, 0x0a, 0x9d,
    0x00, 0xd0, 0xca, 0x10, 0xee, 0xa9, 0x00, 0x8d, 0xe0, 0x0a, 0x8d, 0x4c,
    0x0a, 0xad, 0x50, 0x0a, 0x30, 0x0d, 0xa9, 0xc6, 0x8d, 0x00, 0x02, 0xa9,
    0xa9, 0x8d, 0x01, 0x02, 0x4c, 0xc2, 0xa9, 0xa9, 0x0b, 0x8d, 0x00, 0x02,
    0xa9, 0xaa, 0x8d, 0x01, 0x02, 0xa9, 0xff, 0x8d, 0x50, 0x0a, 0x68, 0xaa,
    0x68, 0x40, 0x48, 0x8a, 0x48, 0x98, 0x48, 0xac, 0x4c, 0x0a, 0xae, 0xe0,
    0x0a, 0xbd, 0xd0, 0x0a, 0x85, 0xdd, 0x8d, 0x0a, 0xd4, 0x8d, 0x0a, 0xd4,
    0xbe, 0x50, 0x0a, 0xb9, 0x70, 0x0a, 0x9d, 0x00, 0xd0, 0xb9, 0x60, 0x0a,
    0x9d, 0x12, 0xd0, 0xc8, 0xc6, 0xdd, 0x10, 0xec, 0x8c, 0x4c, 0x0a, 0xb9,
    0x50, 0x0a, 0x10, 0x0a, 0xa9, 0x0b, 0x8d, 0x00, 0x02, 0xa9, 0xaa, 0x8d,
    0x01, 0x02, 0xee, 0xe0, 0x0a, 0x68, 0xa8, 0x68, 0xaa, 0x68, 0x40, 0x48,
    0x8a, 0x48, 0x98, 0x48, 0xa5, 0x98, 0x8d, 0x16, 0xd0, 0xa5, 0x99, 0x8d,
    0x17, 0xd0, 0xa9, 0xb0, 0x8d, 0x00, 0xd0, 0xa5, 0x9a, 0x8d, 0x12, 0xd0,
    0xa5, 0xd9, 0xf0, 0x15, 0xa9, 0x00, 0x85, 0xd9, 0xd8, 0x58, 0xe6, 0xaf,
    0xd0, 0x02, 0xe6, 0xae, 0x20, 0xad, 0x9d, 0x20, 0x16, 0xa4, 0x20, 0x88,
    0xaa, 0x68, 0xa8, 0x68, 0xaa, 0x68, 0x40, 0xa9, 0x01, 0x85, 0xd9, 0xa5,
    0xd0, 0xc9, 0x05, 0xd0, 0x13, 0xa9, 0x00, 0x85, 0xd0, 0xad, 0x14, 0xd0,
    0xc9, 0x0f, 0xf0, 0x08, 0xe6, 0xaf, 0xd0, 0x04, 0xe6, 0x4d, 0xe6, 0xae,
    0xe6, 0xd0, 0xa5, 0xea, 0xd0, 0x0d, 0xa9, 0x81, 0x8d, 0x00, 0x02, 0xa9,
    0xa9, 0x8d, 0x01, 0x02, 0x4c, 0x3d, 0xaa, 0xa9, 0x6a, 0x8d, 0x00, 0x02,
    0xa9, 0xa9, 0x8d, 0x01, 0x02, 0xa9, 0x30, 0x8d, 0xf4, 0x02, 0x8d, 0x09,
    0xd4, 0x4c, 0x3d, 0xaa, 0xa2, 0x0f, 0xad, 0x14, 0xd0, 0xc9, 0x0f, 0xf0,
    0x06, 0xbd, 0xbd, 0xaa, 0x4c, 0x9a, 0xaa, 0xbd, 0xcd, 0xaa, 0x45, 0x4f,
    0x25, 0x4e, 0x9d, 0x80, 0x0f, 0xca, 0x10, 0xe6, 0xa2, 0x08, 0xbd, 0x80,
    0x0f, 0x85, 0x98, 0xa2, 0x03, 0xbd, 0x80, 0x0f, 0x85, 0x99, 0xa4, 0xeb,
    0xbe, 0x8d, 0x8b, 0xbd, 0x80, 0x0f, 0x85, 0x9a, 0x60, 0x00, 0x4c, 0x0e,
    0x34, 0xc4, 0x58, 0x76, 0x96, 0xec, 0x8a, 0x82, 0xe2, 0xca, 0xe6, 0x1c,
    0x48, 0x00, 0x4c, 0x0e, 0x48, 0x44, 0xc4, 0x68, 0x96, 0x2e, 0xaa, 0x82,
    0x38, 0xca, 0x3c, 0xf8, 0x56, 0xad, 0xfa, 0x09, 0xc9, 0x83, 0xf0, 0x01,
    0x60, 0xa5, 0xd1, 0xc5, 0xd2, 0xf0, 0x06, 0x85, 0xd2, 0xa9, 0x00, 0x85,
    0x4d, 0xa9, 0x00, 0x85, 0xd3, 0xa6, 0xa0, 0xbd, 0x84, 0x02, 0xd0, 0x08,
    0xa9, 0x00, 0x85, 0x4d, 0xa9, 0x01, 0x85, 0xd3, 0xbc, 0x78, 0x02, 0xb9,
    0x0d, 0xab, 0x85, 0xd1, 0x60, 0x00, 0x00, 0x00, 0x00, 0x00, 0x05, 0x07,
    0x00, 0x00, 0x06, 0x08, 0x02, 0x00, 0x01, 0x03, 0x04, 0xa9, 0x01, 0x85,
    0xc5, 0x4c, 0x2b, 0xab, 0xa9, 0x00, 0x85, 0xc5, 0x4c, 0x2b, 0xab, 0xa6,
    0xc3, 0xbd, 0x62, 0xb0, 0x85, 0xc6, 0xbd, 0x7b, 0xb0, 0x18, 0x69, 0x20,
    0x85, 0xc7, 0xa6, 0xc1, 0xa4, 0xc4, 0xa5, 0xc2, 0x91, 0xc6, 0xa5, 0xc5,
    0xf0, 0x02, 0xe6, 0xc2, 0xc8, 0xca, 0xd0, 0xf2, 0xe6, 0xc3, 0xc6, 0xc0,
    0xd0, 0xd9, 0x60, 0xa4, 0xc0, 0xb9, 0x62, 0xb0, 0x85, 0xc2, 0xb9, 0x7b,
    0xb0, 0x18, 0x69, 0x20, 0x85, 0xc3, 0xa4, 0xc1, 0x8a, 0x91, 0xc2, 0x60,
    0xa5, 0xc1, 0x29, 0xe0, 0xf0, 0x03, 0xa9, 0x52, 0x60, 0xa4, 0xc0, 0xb9,
    0x62, 0xb0, 0x85, 0xc2, 0xb9, 0x7b, 0xb0, 0x18, 0x69, 0x20, 0x85, 0xc3,
    0xa4, 0xc1, 0xb1, 0xc2, 0x60, 0x85, 0xcc, 0xa9, 0x00, 0x85, 0xcb, 0x86,
    0xc8, 0x84, 0xc9, 0xa9, 0x00, 0x85, 0xca, 0xa6, 0x92, 0xd0, 0x33, 0xa4,
    0xa0, 0xd0, 0x19, 0xa0, 0x02, 0xf8, 0x18, 0xb9, 0xca, 0x00, 0x79, 0xa2,
    0x00, 0x99, 0xa2, 0x00, 0xa9, 0x00, 0x88, 0x10, 0xf2, 0xd8, 0x20, 0xd2,
    0xab, 0x4c, 0xca, 0xab, 0xa0, 0x02, 0xf8, 0x18, 0xb9, 0xca, 0x00, 0x79,
    0xa7, 0x00, 0x99, 0xa7, 0x00, 0xa9, 0x00, 0x88, 0x10, 0xf2, 0xd8, 0x20,
    0xed, 0xab, 0x20, 0x6b, 0xac, 0xa6, 0xc8, 0xa4, 0xc9, 0x60, 0xa5, 0xa5,
    0x30, 0x16, 0xf8, 0x38, 0xa5, 0xa6, 0xe5, 0xcc, 0x85, 0xa6, 0xa5, 0xa5,
    0xe5, 0xcb, 0x85, 0xa5, 0xd8, 0xa5, 0xa5, 0x10, 0x03, 0x20, 0x5c, 0xac,
    0x60, 0xa5, 0xaa, 0x30, 0x16, 0xf8, 0x38, 0xa5, 0xab, 0xe5, 0xcc, 0x85,
    0xab, 0xa5, 0xaa, 0xe5, 0xcb, 0x85, 0xaa, 0xd8, 0xa5, 0xaa, 0x10, 0x03,
    0x20, 0x5c, 0xac, 0x60, 0xa9, 0x83, 0x8d, 0xfa, 0x09, 0xa9, 0x04, 0x85,
    0xb4, 0x85, 0xb3, 0xa6, 0x91, 0xf0, 0x06, 0x85, 0xf0, 0xa9, 0x09, 0x85,
    0xb3, 0x60, 0xa5, 0x92, 0xd0, 0x37, 0x20, 0x15, 0x9d, 0x20, 0xea, 0x84,
    0xc6, 0xb4, 0x20, 0xff, 0xac, 0xa5, 0xb4, 0x10, 0x09, 0x20, 0x10, 0xae,
    0x20, 0xea, 0x84, 0x20, 0x5b, 0xae, 0xc6, 0xb3, 0x30, 0x16, 0xa5, 0x91,
    0xd0, 0x0c, 0x20, 0x18, 0x84, 0x20, 0xf8, 0xad, 0x20, 0xea, 0x84, 0x4c,
    0x5b, 0xae, 0x20, 0xbb, 0x83, 0x4c, 0x45, 0xac, 0xa9, 0x01, 0x85, 0xb2,
    0x60, 0x4c, 0x33, 0x84, 0xe6, 0xb4, 0xe6, 0xb3, 0xa9, 0x0f, 0x8d, 0xa4,
    0x0b, 0x20, 0x3c, 0x9d, 0x4c, 0xff, 0xac, 0xa2, 0x00, 0x86, 0xca, 0x20,
    0x63, 0xad, 0xa0, 0x02, 0xa5, 0xa0, 0xd0, 0x04, 0xa9, 0x80, 0x85, 0xca,
    0xb5, 0xa2, 0x4a, 0x4a, 0x4a, 0x4a, 0xd0, 0x1e, 0xa9, 0x52, 0x20, 0x57,
    0xad, 0xb5, 0xa2, 0x29, 0x0f, 0xd0, 0x1a, 0xa9, 0x52, 0x20, 0x57, 0xad,
    0xe8, 0xe0, 0x03, 0x30, 0xe3, 0x4c, 0xb1, 0xac, 0xb5, 0xa2, 0x4a, 0x4a,
    0x4a, 0x4a, 0x20, 0x57, 0xad, 0xb5, 0xa2, 0x29, 0x0f, 0x20, 0x57, 0xad,
    0xe8, 0xe0, 0x03, 0x30, 0xeb, 0xa9, 0x00, 0x20, 0x57, 0xad, 0xa5, 0x91,
    0xf0, 0x44, 0xa2, 0x00, 0xa0, 0x14, 0xa5, 0xca, 0x49, 0x80, 0x85, 0xca,
    0xb5, 0xa7, 0x4a, 0x4a, 0x4a, 0x4a, 0xd0, 0x1e, 0xa9, 0x52, 0x20, 0x57,
    0xad, 0xb5, 0xa7, 0x29, 0x0f, 0xd0, 0x1a, 0xa9, 0x52, 0x20, 0x57, 0xad,
    0xe8, 0xe0, 0x03, 0x30, 0xe3, 0x4c, 0xf9, 0xac, 0xb5, 0xa7, 0x4a, 0x4a,
    0x4a, 0x4a, 0x20, 0x57, 0xad, 0xb5, 0xa7, 0x29, 0x0f, 0x20, 0x57, 0xad,
    0xe8, 0xe0, 0x03, 0x30, 0xeb, 0xa9, 0x00, 0x20, 0x57, 0xad, 0x60, 0xa5,
    0xb4, 0x85, 0xcb, 0xa9, 0x02, 0x85, 0xcc, 0xa9, 0x04, 0x85, 0xcd, 0xc6,
    0xcb, 0x30, 0x0a, 0xa9, 0x0a, 0x20, 0x23, 0xad, 0xc6, 0xcd, 0x10, 0xf3,
    0x60, 0xa9, 0x52, 0x20, 0x3d, 0xad, 0xc6, 0xcd, 0x10, 0xf7, 0x60, 0xa9,
    0x02, 0x85, 0xc0, 0x85, 0xc1, 0xa9, 0x0a, 0x85, 0xc2, 0xa9, 0x17, 0x85,
    0xc3, 0xa5, 0xcc, 0x85, 0xc4, 0x20, 0x1d, 0xab, 0xe6, 0xcc, 0xe6, 0xcc,
    0x60, 0xa9, 0x02, 0x85, 0xc0, 0x85, 0xc1, 0xa9, 0x52, 0x85, 0xc2, 0xa9,
    0x17, 0x85, 0xc3, 0xa5, 0xcc, 0x85, 0xc4, 0x20, 0x24, 0xab, 0xe6, 0xcc,
    0xe6, 0xcc, 0x60, 0x18, 0x65, 0xca, 0x91, 0xc6, 0xa9, 0x60, 0x8d, 0xcc,
    0x8b, 0xc8, 0x60, 0xbd, 0x62, 0xb0, 0x85, 0xc6, 0xbd, 0x7b, 0xb0, 0x18,
    0x69, 0x20, 0x85, 0xc7, 0x60, 0x20, 0xe2, 0xad, 0xa6, 0xb5, 0xbd, 0x48,
    0xbe, 0x85, 0xc0, 0xad, 0x50, 0xbe, 0x85, 0xc1, 0x20, 0xa2, 0xad, 0xad,
    0x51, 0xbe, 0x85, 0xc1, 0x20, 0xa2, 0xad, 0xa6, 0xb5, 0xbd, 0x4c, 0xbe,
    0x85, 0xc0, 0xad, 0x50, 0xbe, 0x85, 0xc1, 0x20, 0xa2, 0xad, 0xad, 0x51,
    0xbe, 0x85, 0xc1, 0x4c, 0xa2, 0xad, 0x20, 0x68, 0xab, 0x49, 0x01, 0xaa,
    0x4c, 0x53, 0xab, 0xa6, 0xb5, 0xbd, 0x48, 0xbe, 0x85, 0xc0, 0xad, 0x50,
    0xbe, 0x85, 0xc1, 0x20, 0xd9, 0xad, 0xad, 0x51, 0xbe, 0x85, 0xc1, 0x20,
    0xd9, 0xad, 0xa6, 0xb5, 0xbd, 0x4c, 0xbe, 0x85, 0xc0, 0xad, 0x50, 0xbe,
    0x85, 0xc1, 0x20, 0xd9, 0xad, 0xad, 0x51, 0xbe, 0x85, 0xc1, 0x4c, 0xd9,
    0xad, 0x20, 0x68, 0xab, 0x29, 0xfe, 0xaa, 0x4c, 0x53, 0xab, 0xa5, 0xaf,
    0x18, 0x69, 0x08, 0x85, 0xe3, 0x60, 0xb9, 0x62, 0xb0, 0x85, 0xc0, 0xb9,
    0x7b, 0xb0, 0x18, 0x69, 0x20, 0x85, 0xc1, 0x60, 0x20, 0x28, 0xae, 0xa0,
    0x0d, 0x20, 0xea, 0xad, 0xa2, 0x00, 0xa0, 0x0b, 0xbd, 0x9e, 0xae, 0x91,
    0xc0, 0xc8, 0xe8, 0xe0, 0x0a, 0x30, 0xf5, 0x60, 0x20, 0x28, 0xae, 0xa0,
    0x0d, 0x20, 0xea, 0xad, 0xa2, 0x00, 0xa0, 0x0b, 0xbd, 0xa8, 0xae, 0x91,
    0xc0, 0xc8, 0xe8, 0xe0, 0x0a, 0x30, 0xf5, 0x60, 0xa5, 0x91, 0xf0, 0x2e,
    0xad, 0xc3, 0x0a, 0x85, 0xe9, 0xa9, 0x00, 0x8d, 0xc3, 0x0a, 0xa0, 0x09,
    0x20, 0xea, 0xad, 0xa2, 0x00, 0xa0, 0x0b, 0xa5, 0xa0, 0xd0, 0x0c, 0xbd,
    0x8a, 0xae, 0x91, 0xc0, 0xc8, 0xe8, 0xe0, 0x0a, 0x30, 0xf5, 0x60, 0xbd,
    0x94, 0xae, 0x91, 0xc0, 0xc8, 0xe8, 0xe0, 0x0a, 0x30, 0xf5, 0x60, 0x20,
    0x79, 0xae, 0xa9, 0x09, 0x85, 0xc3, 0x20, 0x24, 0xab, 0x20, 0x79, 0xae,
    0xa9, 0x0d, 0x85, 0xc3, 0x20, 0x24, 0xab, 0xa5, 0x91, 0xf0, 0x05, 0xa5,
    0xe9, 0x8d, 0xc3, 0x0a, 0x60, 0xa9, 0x01, 0x85, 0xc0, 0xa9, 0x0a, 0x85,
    0xc1, 0xa9, 0x52, 0x85, 0xc2, 0xa9, 0x0b, 0x85, 0xc4, 0x60, 0x99, 0x96,
    0x92, 0x9e, 0x94, 0x9a, 0x52, 0x80, 0x98, 0x94, 0x99, 0x96, 0x92, 0x9e,
    0x94, 0x9a, 0x52, 0x9b, 0x9d, 0x80, 0x52, 0x52, 0x9a, 0x94, 0x92, 0x93,
    0x9e, 0x9f, 0x52, 0x52, 0x95, 0x92, 0x97, 0x94, 0x52, 0x52, 0x80, 0x9c,
    0x94, 0x9a, 0x70, 0x70, 0x70, 0xc4, 0x00, 0x20, 0x04, 0x04, 0x04, 0x04,
    0x04, 0x04, 0x04, 0x04, 0x04, 0x04, 0x04, 0x04, 0x04, 0x04, 0x04, 0x04,
    0x04, 0x04, 0x04, 0x04, 0x04, 0x84, 0x04, 0x04, 0x41, 0x00, 0x0c, 0x70,
    0x70, 0x70, 0x70, 0x44, 0x00, 0x0d, 0x04, 0x04, 0x04, 0x04, 0x04, 0x04,
    0x04, 0x04, 0x04, 0xf0, 0xf0, 0x70, 0x06, 0x70, 0x70, 0x06, 0x70, 0x70,
    0x70, 0x06, 0x90, 0x41, 0x20, 0x0c, 0x00, 0x00, 0x52, 0x52, 0x52, 0x52,
    0x52, 0x52, 0x52, 0x52, 0x52, 0x52, 0x52, 0x52, 0x52, 0x52, 0x52, 0x52,
    0x52, 0x52, 0x52, 0x52, 0x52, 0x52, 0x52, 0x52, 0x52, 0x52, 0x52, 0x52,
    0x00, 0x00, 0x00, 0x00, 0x52, 0x00, 0x00, 0x00, 0x00, 0x00, 0x00, 0x00,
    0x00, 0x00, 0x00, 0x00, 0x00, 0x00, 0x00, 0x00, 0x00, 0x00, 0x00, 0x00,
    0x00, 0x00, 0x00, 0x00, 0x00, 0x00, 0x00, 0x52, 0x00, 0x00, 0x00, 0x00,
    0x52, 0x00, 0x57, 0x02, 0x03, 0x04, 0x05, 0x06, 0x07, 0x00, 0x00, 0x00,
    0x00, 0x00, 0x00, 0x00, 0x00, 0x00, 0x00, 0x00, 0x00, 0x00, 0x00, 0x00,
    0x00, 0x00, 0x00, 0x52, 0x00, 0x00, 0x00, 0x00, 0x52, 0x00, 0x01, 0x08,
    0x09, 0x0a, 0x0b, 0x0c, 0x0d, 0x0e, 0x54, 0x00, 0x00, 0x00, 0x00, 0x00,
    0x00, 0x00, 0x00, 0x00, 0x00, 0x00, 0x00, 0x00, 0x00, 0x00, 0x00, 0x52,
    0x00, 0x00, 0x00, 0x00, 0x52, 0x00, 0x58, 0x0f, 0x10, 0x11, 0x12, 0x13,
    0x14, 0x15, 0x16, 0x17, 0x00, 0x00, 0x18, 0x19, 0x00, 0x1a, 0x1b, 0x00,
    0x1c, 0x00, 0x1d, 0x1e, 0x1f, 0x1f, 0x00, 0x52, 0x00, 0x00, 0x00, 0x00,
    0x52, 0x00, 0x56, 0x21, 0x22, 0x23, 0x24, 0x25, 0x26, 0x27, 0x21, 0x28,
    0x29, 0x2a, 0x01, 0x2b, 0x2c, 0x2d, 0x2e, 0x2f, 0x59, 0x30, 0x55, 0x31,
    0x32, 0x33, 0x00, 0x52, 0x00, 0x00, 0x00, 0x00, 0x52, 0x00, 0x20, 0x34,
    0x35, 0x36, 0x37, 0x38, 0x39, 0x08, 0x3a, 0x3b, 0x3c, 0x3d, 0x01, 0x08,
    0x08, 0x3e, 0x3f, 0x40, 0x37, 0x41, 0x20, 0x08, 0x08, 0x42, 0x00, 0x52,
    0x00, 0x00, 0x00, 0x00, 0x52, 0x00, 0x43, 0x11, 0x44, 0x0f, 0x45, 0x46,
    0x47, 0x48, 0x49, 0x4a, 0x4b, 0x00, 0x01, 0x0f, 0x4c, 0x4d, 0x4e, 0x0f,
    0x45, 0x46, 0x4f, 0x50, 0x10, 0x51, 0x00, 0x52, 0x00, 0x00, 0x00, 0x00,
    0x52, 0x00, 0x00, 0x00, 0x00, 0x00, 0x00, 0x00, 0x00, 0x00, 0x00, 0x00,
    0x00, 0x00, 0x00, 0x00, 0x00, 0x00, 0x00, 0x00, 0x00, 0x00, 0x00, 0x00,
    0x00, 0x00, 0x00, 0x52, 0x00, 0x00, 0x00, 0x00, 0x52, 0x52, 0x52, 0x52,
    0x52, 0x52, 0x52, 0x52, 0x52, 0x52, 0x52, 0x52, 0x52, 0x52, 0x52, 0x52,
    0x52, 0x52, 0x52, 0x52, 0x52, 0x52, 0x52, 0x52, 0x52, 0x52, 0x52, 0x52,
    0x00, 0x00, 0x00, 0x04, 0x02, 0x09, 0x02, 0x04, 0x0b, 0x00, 0x00, 0x00,
    0x00, 0x00, 0x00, 0x00, 0x00, 0x00, 0x00, 0x05, 0x04, 0x01, 0x0a, 0x02,
    0x06, 0x07, 0x0b, 0x00, 0x00, 0x00, 0x00, 0x00, 0x00, 0x00, 0x00, 0x0c,
    0x00, 0x01, 0x08, 0x01, 0x06, 0x03, 0x00, 0x00, 0x00, 0x0d, 0x11, 0x10,
    0x0f, 0x00, 0x00, 0x20, 0x40, 0x60, 0x80, 0xa0, 0xc0, 0xe0, 0x00, 0x20,
    0x40, 0x60, 0x80, 0xa0, 0xc0, 0xe0, 0x00, 0x20, 0x40, 0x60, 0x80, 0xa0,
    0xc0, 0xe0, 0x00, 0x00, 0x00, 0x00, 0x00, 0x00, 0x00, 0x00, 0x00, 0x01,
    0x01, 0x01, 0x01, 0x01, 0x01, 0x01, 0x01, 0x02, 0x02, 0x02, 0x02, 0x02,
    0x02, 0x02, 0x02, 0x03, 0xd2, 0x10, 0x20, 0x22, 0xa6, 0x07, 0x24, 0x25,
    0xa6, 0x05, 0x28, 0x29, 0xce, 0x07, 0x28, 0x29, 0xce, 0x05, 0x28, 0x29,
    0x50, 0x2c, 0xa6, 0x03, 0x2d, 0x4e, 0x2a, 0x2b, 0x4e, 0x2c, 0xa6, 0x03,
    0x28, 0x29, 0xce, 0x0e, 0x32, 0x34, 0x26, 0x23, 0x21, 0x4e, 0x30, 0x31,
    0x4e, 0x20, 0xbc, 0x03, 0x21, 0x4e, 0x30, 0xd2, 0x03, 0x28, 0x29, 0x4e,
    0x28, 0x29, 0x4e, 0x32, 0xbe, 0x03, 0x33, 0x4e, 0x28, 0x4a, 0x26, 0x26,
    0x35, 0x33, 0x4e, 0x28, 0x29, 0xce, 0x07, 0x28, 0xd2, 0x05, 0x4e, 0x32,
    0x34, 0x26, 0x26, 0x2d, 0x52, 0x2c, 0x26, 0x26, 0x36, 0x4a, 0x26, 0x26,
    0x23, 0x21, 0x4e, 0xd2, 0x0a, 0xd2, 0x03, 0x28, 0x29, 0x4e, 0x20, 0x22,
    0x26, 0x26, 0x2d, 0x52, 0x38, 0x44, 0x44, 0x46, 0xd2, 0x03, 0x28, 0x29,
    0x4e, 0x28, 0x29, 0xd2, 0x04, 0x41, 0xd2, 0x03, 0x4a, 0x26, 0x26, 0x35,
    0x33, 0x4e, 0x2a, 0x2b, 0x52, 0x30, 0x31, 0x52, 0x3a, 0xc2, 0x03, 0xd2,
    0x05, 0x4e, 0xd2, 0x03, 0x28, 0x29, 0xd2, 0x05, 0x4a, 0x26, 0x26, 0x23,
    0x21, 0x4e, 0x2c, 0x26, 0x26, 0x36, 0x37, 0x26, 0x26, 0x2d, 0x52, 0x30,
    0xd2, 0x03, 0x28, 0x29, 0xce, 0x07, 0xd2, 0x03, 0x28, 0x20, 0x22, 0x26,
    0x35, 0x33, 0x4e, 0x2c, 0xa6, 0x03, 0x2d, 0x4e, 0x2c, 0x26, 0x26, 0x36,
    0x28, 0x29, 0xce, 0x0d, 0x52, 0x28, 0x29, 0x4e, 0x20, 0x3c, 0x3c, 0x21,
    0x4e, 0x20, 0x22, 0xa6, 0x03, 0x2d, 0x4e, 0x30, 0x28, 0x29, 0x4e, 0x28,
    0x48, 0x48, 0x29, 0x4e, 0x28, 0x29, 0xce, 0x05, 0x28, 0x28, 0x29, 0x50,
    0x32, 0x3e, 0x3e, 0x33, 0x4e, 0x2a, 0x2b, 0x4e, 0x2c, 0xa6, 0x03, 0x36,
    0x28, 0x29, 0xce, 0x0e, 0x32, 0x34, 0xa6, 0x0e, 0xd2, 0x10, 0xd2, 0x10,
    0xd2, 0x10, 0x4a, 0xa6, 0x08, 0x24, 0x25, 0xa6, 0x05, 0xd2, 0x09, 0x28,
    0x29, 0xce, 0x05, 0x20, 0x22, 0xa6, 0x05, 0x2d, 0x52, 0x2a, 0x2b, 0x4e,
    0x2c, 0x26, 0x26, 0x24, 0x28, 0x29, 0x50, 0xce, 0x0c, 0x28, 0x28, 0x29,
    0x4e, 0x20, 0x22, 0xa6, 0x05, 0x2d, 0x4e, 0x30, 0x31, 0x4e, 0x28, 0x28,
    0x29, 0x4e, 0x28, 0x29, 0xce, 0x07, 0x28, 0x29, 0x4e, 0x2a, 0x28, 0x29,
    0x4e, 0x2a, 0x2b, 0x4e, 0x2c, 0x26, 0x26, 0x23, 0x21, 0x52, 0x28, 0x29,
    0x4e, 0x4e, 0x28, 0x29, 0xce, 0x07, 0x28, 0x29, 0x52, 0x32, 0x34, 0x26,
    0x26, 0x28, 0x2f, 0xa6, 0x05, 0x2d, 0x4e, 0x28, 0x29, 0xd2, 0x05, 0x28,
    0x29, 0xce, 0x07, 0x28, 0x29, 0x52, 0x38, 0x44, 0x44, 0x46, 0x28, 0x29,
    0x4e, 0x2c, 0x26, 0x26, 0x23, 0x21, 0x4e, 0x2a, 0x2b, 0x52, 0x41, 0xd2,
    0x03, 0x28, 0x29, 0xce, 0x04, 0x28, 0x29, 0x4e, 0xd2, 0x03, 0x3a, 0xc2,
    0x03, 0x32, 0x34, 0x26, 0x23, 0x21, 0x4e, 0x28, 0x29, 0x4e, 0x30, 0x31,
    0xd2, 0x05, 0xd2, 0x03, 0x28, 0x29, 0x4e, 0x2a, 0x2b, 0x4e, 0x32, 0x34,
    0x26, 0x2d, 0x52, 0x20, 0x3c, 0xd2, 0x03, 0x28, 0x29, 0xce, 0x09, 0x28,
    0x48, 0x4a, 0x26, 0x26, 0x35, 0x33, 0x4e, 0x2c, 0x26, 0x26, 0x24, 0x25,
    0x26, 0x2d, 0x4e, 0x32, 0x3e, 0xd2, 0x05, 0xce, 0x04, 0x28, 0x29, 0xce,
    0x03, 0x52, 0x52, 0x20, 0x22, 0x26, 0x26, 0x2d, 0x4e, 0x30, 0x31, 0x4e,
    0x2a, 0x2b, 0x4e, 0x2c, 0x26, 0x26, 0x24, 0x28, 0x29, 0x50, 0xce, 0x03,
    0x28, 0x29, 0xce, 0x07, 0x28, 0x28, 0x29, 0x4e, 0x2c, 0x26, 0x26, 0x35,
    0x33, 0x4e, 0x2c, 0xa6, 0x03, 0x2d, 0x4e, 0x2a, 0x28, 0x29, 0xce, 0x0e,
    0x32, 0x34, 0xa6, 0x0e, 0xd2, 0x10, 0xd2, 0x10, 0xd2, 0x10, 0x20, 0x22,
    0xa6, 0x0a, 0x24, 0x25, 0x26, 0x26, 0x28, 0x29, 0xce, 0x0a, 0x28, 0x29,
    0x4e, 0x4e, 0x28, 0x29, 0x50, 0x20, 0x22, 0xa6, 0x05, 0x2d, 0x4e, 0x2a,
    0x2b, 0x4e, 0x30, 0x28, 0x29, 0x4e, 0x2a, 0x2b, 0xce, 0x0a, 0x28, 0x28,
    0x29, 0xce, 0x04, 0x30, 0x31, 0x4e, 0x20, 0xbc, 0x03, 0x21, 0x4e, 0x28,
    0x32, 0x34, 0x26, 0x26, 0x2d, 0x4e, 0x28, 0x29, 0x4e, 0x32, 0xbe, 0x03,
    0x33, 0x4e, 0x2a, 0x52, 0x52, 0xce, 0x04, 0x28, 0x29, 0xce, 0x08, 0x30,
    0x31, 0x4e, 0x30, 0x31, 0x52, 0x32, 0x34, 0x26, 0x26, 0x2d, 0x52, 0x2c,
    0xa6, 0x03, 0x28, 0x29, 0x4e, 0x28, 0x29, 0xd2, 0x0b, 0x28, 0x29, 0x4e,
    0x32, 0x34, 0x26, 0x26, 0x2d, 0x52, 0x30, 0x31, 0x52, 0x38, 0x44, 0x44,
    0x46, 0x28, 0x29, 0x4e, 0xd2, 0x06, 0x28, 0x29, 0x52, 0x41, 0xd2, 0x03,
    0x28, 0x29, 0x4e, 0x30, 0x31, 0x52, 0x2c, 0x26, 0x26, 0x35, 0x33, 0x52,
    0x3a, 0xc2, 0x03, 0x28, 0x29, 0x4e, 0x28, 0x29, 0xd2, 0x0b, 0x28, 0x29,
    0x4e, 0x32, 0x34, 0x26, 0x26, 0x2d, 0x52, 0x20, 0x22, 0x26, 0x26, 0x2d,
    0x52, 0x30, 0x28, 0x29, 0xce, 0x07, 0x28, 0x29, 0xce, 0x04, 0x28, 0x28,
    0x2f, 0x26, 0x26, 0x2d, 0x4e, 0x30, 0x31, 0x4e, 0x2a, 0x2b, 0x4e, 0x2c,
    0x26, 0x26, 0x36, 0x28, 0x29, 0x50, 0xce, 0x03, 0x28, 0x29, 0xce, 0x07,
    0x52, 0x28, 0x29, 0x4e, 0x2c, 0x26, 0x26, 0x35, 0x33, 0x4e, 0x20, 0x22,
    0x26, 0x26, 0x2d, 0x4e, 0x30, 0x28, 0x29, 0xce, 0x07, 0x28, 0x29, 0xce,
    0x04, 0x28, 0x28, 0x29, 0x4e, 0x2c, 0xa6, 0x03, 0x2d, 0x4e, 0x28, 0x29,
    0x4e, 0x2c, 0x26, 0x26, 0x36, 0x28, 0x29, 0xce, 0x07, 0x28, 0x29, 0xce,
    0x05, 0x32, 0x34, 0xa6, 0x07, 0x36, 0x37, 0xa6, 0x05, 0xd2, 0x10, 0xd2,
    0x10, 0xd2, 0x10, 0x20, 0x22, 0xa6, 0x0e, 0x28, 0x29, 0xce, 0x0e, 0x28,
    0x29, 0x50, 0x30, 0x31, 0x4e, 0x20, 0xbc, 0x03, 0x21, 0x4e, 0x20, 0x22,
    0x26, 0x26, 0x28, 0x29, 0x4e, 0x28, 0x29, 0x4e, 0x32, 0xbe, 0x03, 0x33,
    0x4e, 0x28, 0x29, 0x4e, 0x4e, 0x28, 0x29, 0x4e, 0x28, 0x29, 0xce, 0x07,
    0x28, 0x29, 0x4e, 0x30, 0x28, 0x29, 0x4e, 0x32, 0x34, 0x26, 0x26, 0x2d,
    0x4e, 0x30, 0x31, 0x4e, 0x2a, 0x2b, 0x4e, 0x28, 0x28, 0x29, 0xce, 0x07,
    0x28, 0x29, 0xce, 0x04, 0x28, 0x32, 0x34, 0x26, 0x23, 0x21, 0x4e, 0x2c,
    0x26, 0x26, 0x2e, 0x2f, 0x26, 0x26, 0x2d, 0x52, 0x2a, 0x4a, 0x26, 0x26,
    0x35, 0x33, 0xce, 0x04, 0x28, 0x29, 0xd2, 0x05, 0xd2, 0x06, 0x30, 0x31,
    0x4e, 0x2a, 0x2b, 0x52, 0x38, 0x44, 0x44, 0x46, 0x4a, 0xa6, 0x05, 0x2e,
    0x29, 0x4e, 0xd2, 0x03, 0x41, 0xd2, 0x03, 0xd2, 0x06, 0x2a, 0x2b, 0x4e,
    0x30, 0x31, 0x52, 0x3a, 0xc2, 0x03, 0x4a, 0x26, 0x26, 0x23, 0x21, 0xce,
    0x04, 0x28, 0x29, 0xd2, 0x05, 0xd2, 0x03, 0x28, 0x29, 0x4e, 0x30, 0x31,
    0x4e, 0x32, 0x34, 0x26, 0x26, 0x2d, 0x52, 0x30, 0xd2, 0x03, 0x28, 0x29,
    0x4e, 0x28, 0x29, 0xce, 0x04, 0xd2, 0x03, 0x28, 0x20, 0x22, 0x26, 0x35,
    0x33, 0x4e, 0x32, 0x34, 0x26, 0x26, 0x2d, 0x4e, 0x30, 0x31, 0x52, 0x2a,
    0x28, 0x29, 0x50, 0xce, 0x09, 0x28, 0x29, 0x52, 0x52, 0x28, 0x29, 0x4e,
    0x20, 0x22, 0x26, 0x26, 0x2d, 0x4e, 0x30, 0x31, 0x4e, 0x32, 0x34, 0x26,
    0x26, 0x28, 0x29, 0x4e, 0x28, 0x29, 0xce, 0x04, 0x28, 0x29, 0xce, 0x05,
    0x28, 0x29, 0x4e, 0x2a, 0x2b, 0x4e, 0x2c, 0x26, 0x26, 0x36, 0x37, 0x26,
    0x26, 0x2d, 0x4e, 0x30, 0x28, 0x29, 0xce, 0x0d, 0x28, 0x32, 0x34, 0xa6,
    0x0d, 0x36, 0xd2, 0x10, 0xd2, 0x10, 0x00, 0x3f, 0x33, 0x33, 0x33, 0x3f,
    0x00, 0x00, 0x00, 0x0c, 0x3c, 0x0c, 0x0c, 0x3f, 0x00, 0x00, 0x00, 0x3f,
    0x03, 0x3f, 0x30, 0x3f, 0x00, 0x00, 0x00, 0x3f, 0x03, 0x3f, 0x03, 0x3f,
    0x00, 0x00, 0x00, 0x33, 0x33, 0x3f, 0x03, 0x03, 0x00, 0x00, 0x00, 0x3f,
    0x30, 0x3f, 0x03, 0x3f, 0x00, 0x00, 0x00, 0x3f, 0x30, 0x3f, 0x33, 0x3f,
    0x00, 0x00, 0x00, 0x3f, 0x03, 0x03, 0x03, 0x03, 0x00, 0x00, 0x00, 0x3f,
    0x33, 0x3f, 0x33, 0x3f, 0x00, 0x00, 0x00, 0x3f, 0x33, 0x3f, 0x03, 0x03,
    0x00, 0x00, 0x0a, 0x0a, 0xa5, 0xa4, 0x15, 0x15, 0x15, 0x15, 0x50, 0x54,
    0x14, 0x50, 0x40, 0x00, 0x40, 0x50, 0x05, 0x01, 0x00, 0x00, 0x00, 0x00,
    0x00, 0x00, 0x54, 0x50, 0x00, 0x00, 0x00, 0x00, 0x00, 0x00, 0x3c, 0x7e,
    0x99, 0x99, 0xff, 0xff, 0xdb, 0xa5, 0xff, 0xaa, 0x3c, 0x7e, 0x99, 0x99,
    0xff, 0xff, 0xdb, 0xa5, 0xff, 0x55, 0x3b, 0x77, 0xb3, 0xef, 0xb0, 0xb1,
    0xb2, 0xb3, 0x94, 0x8c, 0x84, 0x85, 0x00, 0x3f, 0x33, 0x3f, 0x33, 0x33,
    0x00, 0x00, 0x00, 0x3c, 0x33, 0x33, 0x33, 0x3c, 0x00, 0x00, 0x00, 0x3f,
    0x30, 0x3f, 0x30, 0x3f, 0x00, 0x00, 0x00, 0x3f, 0x30, 0x33, 0x33, 0x3f,
    0x00, 0x00, 0x00, 0x30, 0x30, 0x30, 0x30, 0x3f, 0x00, 0x00, 0x00, 0x33,
    0x3f, 0x33, 0x33, 0x33, 0x00, 0x00, 0x00, 0x33, 0x3f, 0x3f, 0x33, 0x33,
    0x00, 0x00, 0x00, 0x3f, 0x33, 0x3f, 0x30, 0x30, 0x00, 0x00, 0x00, 0x3f,
    0x33, 0x3f, 0x3c, 0x33, 0x00, 0x00, 0x00, 0x3f, 0x0c, 0x0c, 0x0c, 0x0c,
    0x00, 0x00, 0x00, 0x33, 0x33, 0x33, 0x0c, 0x0c, 0x00, 0x00, 0x00, 0x33,
    0x33, 0x33, 0x3f, 0x33, 0x00, 0x00, 0x00, 0x33, 0x33, 0x0c, 0x0c, 0x0c,
    0x00, 0x00, 0x00, 0x30, 0x30, 0x30, 0x00, 0x30, 0x00, 0x00, 0x00, 0x00,
    0x03, 0x0e, 0x0e, 0x0e, 0x0e, 0x0e, 0x00, 0x00, 0xc0, 0xb0, 0xb0, 0xb0,
    0xb0, 0xb0, 0x00, 0xff, 0xaa, 0xaa, 0xaa, 0xaa, 0xaf, 0xb0, 0x00, 0xff,
    0xaa, 0xaa, 0xaa, 0xaa, 0xfa, 0x0e, 0x00, 0xff, 0xaa, 0xaa, 0xaa, 0xaa,
    0xfa, 0x0e, 0x00, 0xff, 0xaa, 0xaa, 0xaa, 0xaa, 0xaf, 0xb0, 0x00, 0xff,
    0xaa, 0xaa, 0xaa, 0xaa, 0xff, 0x00, 0x00, 0xff, 0xaa, 0xaa, 0xaa, 0xaa,
    0xff, 0x00, 0x0e, 0x0e, 0x0e, 0x0e, 0x0e, 0x0e, 0x0e, 0x0e, 0xb0, 0xb0,
    0xb0, 0xb0, 0xb0, 0xb0, 0xb0, 0xb0, 0x0e, 0x0e, 0x0e, 0x0e, 0x0e, 0x0e,
    0x03, 0x00, 0xb0, 0xb0, 0xb0, 0xb0, 0xb0, 0xb0, 0xc0, 0x00, 0x00, 0x03,
    0x0e, 0x0e, 0x0e, 0x0e, 0x03, 0x00, 0x00, 0xc0, 0xb0, 0xb0, 0xb0, 0xb0,
    0xc0, 0x00, 0x0e, 0xfa, 0xaa, 0xaa, 0xaa, 0xaa, 0xfa, 0x0e, 0xb0, 0xaf,
    0xaa, 0xaa, 0xaa, 0xaa, 0xaf, 0xb0, 0x00, 0x03, 0x0e, 0x0e, 0x0e, 0x0e,
    0x0e, 0x0e, 0x00, 0xc0, 0xb0, 0xb0, 0xb0, 0xb0, 0xb0, 0xb0, 0x0e, 0x0e,
    0x0e, 0x0e, 0x0e, 0x03, 0x00, 0x00, 0xb0, 0xb0, 0xb0, 0xb0, 0xb0, 0xc0,
    0x00, 0x00, 0xb0, 0xaf, 0xaa, 0xaa, 0xaa, 0xaa, 0xff, 0x00, 0x0e, 0xfa,
    0xaa, 0xaa, 0xaa, 0xaa, 0xff, 0x00, 0x0e, 0xfa, 0xaa, 0xaa, 0xaa, 0xaa,
    0xff, 0x00, 0xb0, 0xaf, 0xaa, 0xaa, 0xaa, 0xaa, 0xff, 0x00, 0x00, 0x0f,
    0x0e, 0x0e, 0x0e, 0x0e, 0x0e, 0x0e, 0x00, 0xf0, 0xb0, 0xb0, 0xb0, 0xb0,
    0xb0, 0xb0, 0x0e, 0x0e, 0x0e, 0x0e, 0x0e, 0x0e, 0x0f, 0x00, 0xb0, 0xb0,
    0xb0, 0xb0, 0xb0, 0xb0, 0xf0, 0x00, 0x00, 0xff, 0xaa, 0xaa, 0xaa, 0xaa,
    0xaa, 0xaa, 0x00, 0xff, 0xaa, 0xaa, 0xaa, 0xaa, 0xaa, 0xaa, 0xaa, 0xaa,
    0xaa, 0xaa, 0xaa, 0xaa, 0xff, 0x00, 0xaa, 0xaa, 0xaa, 0xaa, 0xaa, 0xaa,
    0xff, 0x00, 0xb0, 0xb0, 0xb0, 0xb0, 0xb0, 0xb0, 0xb0, 0xb0, 0x0e, 0x0e,
    0x0e, 0x0e, 0x0e, 0x0e, 0x0e, 0x0e, 0x00, 0x00, 0x00, 0x00, 0xaa, 0xaa,
    0xff, 0x00, 0x00, 0x00, 0x00, 0x00, 0xaa, 0xaa, 0xff, 0x00, 0x00, 0xff,
    0xaa, 0xaa, 0x00, 0x00, 0x00, 0x00, 0x00, 0xff, 0xaa, 0xaa, 0x00, 0x00,
    0x00, 0x00, 0x00, 0x00, 0x55, 0x00, 0x00, 0x00, 0x00, 0x00, 0x00, 0x00,
    0x55, 0x00, 0x00, 0x00, 0x00, 0x00, 0xaa, 0xaa, 0xaa, 0xaa, 0xaa, 0xaa,
    0xaa, 0xaa, 0xaa, 0xaa, 0xaa, 0xaa, 0xaa, 0xaa, 0xaa, 0xaa, 0x00, 0x0f,
    0x0a, 0x0a, 0x0a, 0x0a, 0x0f, 0x00, 0x00, 0xf0, 0xa0, 0xa0, 0xa0, 0xa0,
    0xf0, 0x00, 0x42, 0xa5, 0xa5, 0xa5, 0x42, 0x00, 0x00, 0x00, 0x00, 0x00,
    0x42, 0xa5, 0xa5, 0xa5, 0x42, 0x00, 0x00, 0x00, 0x00, 0x10, 0x10, 0x00,
    0x00, 0x00, 0x00, 0x00, 0x00, 0x10, 0x10, 0x00, 0x00, 0x00, 0x00, 0x14,
    0x55, 0x55, 0x55, 0x55, 0x14, 0x00, 0x00, 0x00, 0x00, 0x00, 0x00, 0x00,
    0x00, 0x00, 0x00, 0x00, 0x00, 0x00, 0x00, 0x00, 0x00, 0x00, 0x00, 0x00,
    0x00, 0x00, 0x00, 0x00, 0x00, 0x00, 0x03, 0x0c, 0x30, 0x30, 0x3f, 0x30,
    0x30, 0x30, 0x00, 0xc0, 0x30, 0x30, 0xf0, 0x30, 0x30, 0x30, 0x0f, 0x30,
    0x30, 0x30, 0x30, 0x30, 0x30, 0x0f, 0xc0, 0x30, 0x00, 0x00, 0x00, 0x00,
    0x30, 0xc0, 0x3f, 0x30, 0x30, 0x30, 0x3f, 0x30, 0x30, 0x3f, 0xf0, 0x00,
    0x00, 0x00, 0xc0, 0x00, 0x00, 0xf0, 0x30, 0x30, 0x30, 0x30, 0x3f, 0x30,
    0x30, 0x30, 0x30, 0x30, 0x30, 0x30, 0xf0, 0x30, 0x30, 0x30, 0x3f, 0x03,
    0x03, 0x03, 0x03, 0x03, 0x03, 0x3f, 0xf0, 0x00, 0x00, 0x00, 0x00, 0x00,
    0x00, 0xf0, 0x00, 0x00, 0x00, 0x00, 0x00, 0x30, 0x30, 0x0f, 0x30, 0x30,
    0x30, 0x30, 0x30, 0x30, 0x30, 0xc0, 0x30, 0x3c, 0x33, 0x30, 0x30, 0x30,
    0x30, 0x30, 0x30, 0xf0, 0x30, 0x30, 0x30, 0x30, 0x30, 0x30, 0x30, 0x3c,
    0x3c, 0x33, 0x33, 0x30, 0x30, 0x30, 0x30, 0x30, 0x30, 0x30, 0x30, 0xf0,
    0xf0, 0x30, 0x0f, 0x30, 0x30, 0x30, 0x30, 0x30, 0x30, 0x0f, 0xc0, 0x30,
    0x30, 0x30, 0x30, 0x30, 0x30, 0xc0, 0x3f, 0x30, 0x30, 0x30, 0x3f, 0x30,
    0x30, 0x30, 0xc0, 0x30, 0x30, 0x30, 0xc0, 0xc0, 0x30, 0x30, 0x0f, 0x30,
    0x30, 0x30, 0x0f, 0x00, 0x30, 0x0f, 0xc0, 0x30, 0x00, 0x00, 0xc0, 0x30,
    0x30, 0xc0, 0x3f, 0x03, 0x03, 0x03, 0x03, 0x03, 0x03, 0x03, 0xf0, 0x00,
    0x00, 0x00, 0x00, 0x00, 0x00, 0x00, 0x30, 0x30, 0x30, 0x30, 0x30, 0x30,
    0x30, 0x0f, 0x30, 0x30, 0x30, 0x30, 0x30, 0x30, 0x30, 0xc0, 0x30, 0x30,
    0x3c, 0x0f, 0x03, 0x03, 0x03, 0x03, 0x30, 0x30, 0xf0, 0xc0, 0x00, 0x00,
    0x00, 0x00, 0x00, 0x00, 0x00, 0x00, 0x00, 0x00, 0x00, 0x03, 0x00, 0x30,
    0xf0, 0x30, 0x30, 0x30, 0x30, 0xff, 0x00, 0x03, 0x00, 0x00, 0x03, 0x03,
    0x03, 0x03, 0x00, 0xff, 0x03, 0x03, 0xff, 0x00, 0x00, 0xff, 0x00, 0x03,
    0x00, 0x00, 0x00, 0x00, 0x00, 0x03, 0x00, 0xff, 0x03, 0x03, 0xff, 0x03,
    0x03, 0xff, 0x00, 0x00, 0x00, 0x00, 0x00, 0x00, 0x00, 0x00, 0x10, 0x10,
    0x38, 0x38, 0x6c, 0x6c, 0xfe, 0xfe, 0x7e, 0x7e, 0x70, 0x7e, 0x7e, 0x70,
    0x7e, 0x7e, 0x7e, 0x7e, 0x7e, 0x3c, 0x3c, 0x7e, 0x7e, 0x7e, 0x70, 0x70,
    0x70, 0x70, 0x70, 0x7e, 0x7e, 0x7e, 0x7c, 0x7e, 0x76, 0x7e, 0x7c, 0x70,
    0x70, 0x70, 0x7c, 0x7e, 0x76, 0x7e, 0x7c, 0x7e, 0x76, 0x72, 0x3e, 0x7e,
    0x6e, 0x7c, 0x3e, 0x76, 0x7e, 0x7c, 0x7e, 0x7e, 0x7e, 0x3c, 0x3c, 0x3c,
    0x3c, 0x3c, 0xfe, 0xfe, 0x7c, 0x7c, 0x38, 0x38, 0x10, 0x10, 0xfe, 0xfe,
    0x7c, 0x7c, 0x38, 0x38, 0x38, 0x38, 0x00, 0x60, 0x60, 0x00, 0x00, 0x00,
    0x60, 0x60, 0x3c, 0x42, 0x5a, 0x52, 0x52, 0x5a, 0x42, 0x3c, 0x3c, 0x7c,
    0x7c, 0x7c, 0x3c, 0x3c, 0x3c, 0x3c, 0x7c, 0x7e, 0x7e, 0x1e, 0x3c, 0x7e,
    0x7e, 0x7e, 0x7c, 0x7e, 0x1e, 0x7e, 0x7e, 0x1e, 0x7e, 0x7c, 0x3c, 0x7e,
    0x76, 0x3c, 0x7e, 0x76, 0x7e, 0x3c, 0x3c, 0x7e, 0x6e, 0x7e, 0x3e, 0x0e,
    0x0e, 0x0e, 0x00, 0x00, 0x00, 0x00, 0x00, 0x00, 0x00, 0x00, 0x0f, 0x0f,
    0x0f, 0x0f, 0x0f, 0x0f, 0x0f, 0x0f, 0x00, 0x00, 0xc0, 0xf0, 0xfc, 0x7f,
    0x5f, 0x57, 0x00, 0x00, 0x00, 0x00, 0x00, 0x03, 0xcf, 0xff, 0x00, 0x03,
    0x0f, 0x3f, 0xff, 0xf7, 0xd7, 0x57, 0xc0, 0xc0, 0xc0, 0xc0, 0xff, 0xff,
    0xff, 0xf5, 0x00, 0x00, 0x00, 0x00, 0xff, 0xff, 0xff, 0x55, 0x00, 0x00,
    0x00, 0x00, 0xff, 0xff, 0xff, 0x5f, 0x55, 0x55, 0x55, 0x55, 0x55, 0x55,
    0x55, 0x55, 0xfd, 0x75, 0x55, 0x55, 0x55, 0x55, 0x55, 0x55, 0x57, 0x57,
    0x77, 0x77, 0x77, 0x77, 0x77, 0x77, 0xd5, 0xd7, 0xd7, 0xd5, 0xd5, 0xf5,
    0xfd, 0xd5, 0x55, 0xd5, 0xd5, 0x55, 0x55, 0x55, 0x55, 0x55, 0x5f, 0x5f,
    0x5f, 0x5f, 0x5f, 0xff, 0x7f, 0x5f, 0x00, 0x00, 0x00, 0x00, 0x00, 0xff,
    0xff, 0xff, 0x55, 0x55, 0x55, 0x55, 0x55, 0xff, 0xff, 0xff, 0x55, 0x55,
    0x55, 0xff, 0x55, 0xff, 0xff, 0xff, 0x77, 0x77, 0x77, 0xf7, 0x57, 0xff,
    0xff, 0xff, 0xd5, 0xd5, 0xd5, 0xd7, 0xd5, 0xff, 0xff, 0xff, 0x7d, 0x7d,
    0x55, 0xff, 0x55, 0xff, 0xff, 0xff, 0x5f, 0xdf, 0xdf, 0x5f, 0x7f, 0xff,
    0xff, 0xff, 0xd7, 0x55, 0x55, 0x55, 0xd7, 0xff, 0xff, 0xff, 0xf0, 0xf0,
    0xf0, 0xf0, 0xf0, 0xc0, 0xff, 0xff, 0x00, 0x00, 0x00, 0x00, 0x00, 0x00,
    0x00, 0xf0, 0x00, 0x00, 0x00, 0x00, 0x0c, 0x0f, 0x0f, 0x0f, 0x00, 0x00,
    0x00, 0x00, 0x00, 0x00, 0xc0, 0xf0, 0x00, 0x00, 0x00, 0x00, 0x00, 0x00,
    0x00, 0x03, 0x00, 0x00, 0x00, 0x00, 0x0c, 0x3c, 0xfc, 0xfc, 0x00, 0x00,
    0x00, 0x00, 0x00, 0x30, 0x30, 0xfc, 0x00, 0x00, 0x00, 0x00, 0xc0, 0xf0,
    0xfc, 0xff, 0x00, 0x00, 0x00, 0x00, 0x00, 0x00, 0x03, 0x03, 0x00, 0x00,
    0x00, 0x00, 0x00, 0x00, 0xff, 0xff, 0xf5, 0xf5, 0xf5, 0xf5, 0xf5, 0xf5,
    0xf5, 0xf5, 0xff, 0x55, 0x55, 0x55, 0x55, 0x55, 0x55, 0x55, 0xff, 0x55,
    0x55, 0x55, 0xfd, 0xfd, 0xfd, 0x55, 0xff, 0xff, 0x7f, 0x7f, 0x7f, 0x7f,
    0x7d, 0x7d, 0xff, 0xdf, 0xdf, 0x57, 0x57, 0x57, 0x55, 0x55, 0x00, 0xc0,
    0xc0, 0xc0, 0xf0, 0xf3, 0xff, 0xff, 0x0f, 0x3f, 0x3d, 0xfd, 0xf5, 0xf5,
    0xd5, 0xd5, 0xff, 0xd5, 0x55, 0x55, 0x55, 0x55, 0x55, 0x55, 0xfc, 0xff,
    0x5f, 0x57, 0x57, 0x5f, 0x7f, 0xfc, 0x00, 0x00, 0xc0, 0xc0, 0xc0, 0xc0,
    0x00, 0x3f, 0x00, 0x00, 0x00, 0x00, 0x00, 0x00, 0x00, 0xff, 0xfc, 0x7f,
    0x5f, 0x57, 0x55, 0x55, 0x55, 0x55, 0x00, 0x00, 0xc0, 0xf3, 0xff, 0x7f,
    0x5d, 0x55, 0x0f, 0x3f, 0xfd, 0xf5, 0xd5, 0x55, 0x55, 0x55, 0xfc, 0x7c,
    0x7c, 0x7c, 0x7c, 0x7c, 0x7c, 0x7c, 0x00, 0x03, 0x03, 0x03, 0x0f, 0x0f,
    0x0d, 0x3d, 0x00, 0x00, 0x00, 0x00, 0xc0, 0xc0, 0xf0, 0xf0, 0xc3, 0xf3,
    0xff, 0x7f, 0x5f, 0x57, 0x55, 0x55, 0xff, 0xd5, 0xd5, 0xd5, 0xd5, 0xd5,
    0xd5, 0xd5, 0xff, 0x5f, 0x5f, 0x5f, 0x5f, 0x5f, 0x5f, 0x5f, 0x55, 0x55,
    0x77, 0x77, 0x77, 0x77, 0x77, 0x77, 0x55, 0x55, 0xff, 0xff, 0xff, 0xff,
    0xff, 0xff, 0x75, 0xf5, 0xf5, 0xd5, 0xd5, 0x55, 0x55, 0x55, 0x55, 0x55,
    0x57, 0x57, 0x55, 0x55, 0xfd, 0xfd, 0x7f, 0x7f, 0x7f, 0x5f, 0xdf, 0xd7,
    0x77, 0x77, 0xd5, 0xd5, 0xd5, 0xd5, 0xd5, 0xd5, 0xd5, 0xf5, 0x57, 0x5f,
    0x7f, 0x5f, 0x57, 0x75, 0x5d, 0x57, 0xf0, 0xc0, 0x00, 0xc0, 0xf0, 0xfc,
    0x7f, 0x5f, 0x3f, 0x35, 0x35, 0x35, 0x3f, 0x3f, 0x00, 0xc0, 0xff, 0x5f,
    0x5f, 0x5f, 0xff, 0xff, 0x00, 0x00, 0x55, 0x55, 0x57, 0x57, 0x57, 0x57,
    0x57, 0x57, 0x7c, 0x7c, 0x7c, 0x7f, 0x7f, 0x7f, 0x7f, 0x7f, 0x35, 0xf5,
    0xf5, 0xd5, 0xd5, 0x55, 0x55, 0x55, 0x70, 0x7c, 0x7c, 0x5f, 0xdf, 0xdf,
    0x77, 0x77, 0x5f, 0x5f, 0xdf, 0xdf, 0xdf, 0xdf, 0xdf, 0xdf, 0xf5, 0xf5,
    0xf5, 0xf7, 0xf5, 0xff, 0xff, 0xff, 0xfd, 0xfd, 0xf5, 0xf5, 0xf5, 0xff,
    0xff, 0xff, 0xfd, 0x55, 0x55, 0x5f, 0x55, 0xff, 0xff, 0xff, 0x75, 0x5d,
    0x5d, 0xfd, 0x55, 0xff, 0xff, 0xff, 0xf5, 0xfd, 0x7d, 0x7f, 0x7f, 0xff,
    0xff, 0xff, 0x55, 0x55, 0x55, 0xd5, 0xff, 0xff, 0xff, 0x00, 0x55, 0x57,
    0xfd, 0x55, 0xff, 0xff, 0xff, 0x00, 0xd7, 0x57, 0x5f, 0xff, 0xfc, 0xf0,
    0x00, 0x00, 0xc0, 0xc0, 0xc0, 0x00, 0x00, 0x00, 0x00, 0x00, 0x55, 0x55,
    0x55, 0x7f, 0x55, 0xff, 0xff, 0xff, 0x57, 0x57, 0x57, 0xff, 0x55, 0xff,
    0xff, 0xff, 0x7d, 0x7d, 0x75, 0x75, 0x75, 0xff, 0xff, 0xff, 0xf5, 0xf5,
    0x75, 0x75, 0x75, 0xff, 0xff, 0xff, 0x55, 0x55, 0x55, 0x57, 0x55, 0xff,
    0xff, 0xff, 0xdf, 0xdf, 0xdf, 0xdf, 0x5f, 0xff, 0xff, 0xff, 0x00, 0x00,
    0x00, 0x3c, 0x3c, 0x00, 0x00, 0x00, 0x00, 0x00, 0x00, 0x28, 0x28, 0x00,
    0x00, 0x00, 0x00, 0x00, 0x00, 0x00, 0x00, 0x00, 0xc0, 0xf0, 0xff, 0xf7,
    0xf5, 0xf5, 0xf5, 0xf5, 0xf5, 0xf5, 0xff, 0xf5, 0xf5, 0xf5, 0xf5, 0xf5,
    0xf5, 0xf5, 0x0c, 0x0f, 0x0f, 0x0f, 0x0f, 0x0f, 0x0f, 0x0f, 0x0f, 0x0f,
    0x0f, 0x0f, 0x0f, 0x0f, 0xff, 0xff, 0xfc, 0xdf, 0xdf, 0x57, 0x57, 0x57,
    0x55, 0x55, 0x0c, 0x0e, 0x3f, 0x27, 0x7f, 0x7f, 0x7f, 0x7f, 0x3e, 0x1c,
    0x0c, 0x0e, 0x37, 0x2f, 0x7c, 0x70, 0x7c, 0x7f, 0x3e, 0x1c, 0x0c, 0x0e,
    0x36, 0x2c, 0x78, 0x70, 0x78, 0x7c, 0x3e, 0x1c, 0x30, 0x30, 0xc0, 0xc0,
    0x00, 0x00, 0x00, 0x00, 0x00, 0x00, 0x30, 0x30, 0xc0, 0xc0, 0x00, 0x00,
    0x00, 0x00, 0x00, 0x00, 0x30, 0x30, 0xc0, 0xc0, 0x00, 0x00, 0x00, 0x00,
    0x00, 0x00, 0x30, 0x70, 0xfc, 0xf4, 0xf6, 0xfe, 0xfe, 0xfe, 0x7c, 0x38,
    0x30, 0x70, 0xfc, 0xf4, 0xfa, 0xee, 0xee, 0xc6, 0x44, 0x00, 0x30, 0x70,
    0xfc, 0xf4, 0xfa, 0xee, 0xc6, 0x82, 0x00, 0x00, 0x0c, 0x0c, 0x03, 0x03,
    0x00, 0x00, 0x00, 0x00, 0x00, 0x00, 0x0c, 0x0c, 0x03, 0x03, 0x00, 0x00,
    0x00, 0x00, 0x00, 0x00, 0x0c, 0x0c, 0x03, 0x03, 0x00, 0x00, 0x00, 0x00,
    0x00, 0x00, 0x30, 0x70, 0xfc, 0xe4, 0xfe, 0xfe, 0xfe, 0xfe, 0x7c, 0x38,
    0x30, 0x70, 0xec, 0xf4, 0x3e, 0x0e, 0x3e, 0xfe, 0x7c, 0x38, 0x30, 0x70,
    0x6c, 0x34, 0x1e, 0x0e, 0x1e, 0x3e, 0x7c, 0x38, 0x0c, 0x0c, 0x03, 0x03,
    0x00, 0x00, 0x00, 0x00, 0x00, 0x00, 0x0c, 0x0c, 0x03, 0x03, 0x00, 0x00,
    0x00, 0x00, 0x00, 0x00, 0x0c, 0x0c, 0x03, 0x03, 0x00, 0x00, 0x00, 0x00,
    0x00, 0x00, 0x1c, 0x3e, 0x7f, 0x7f, 0x7f, 0x6f, 0x2f, 0x3f, 0x0e, 0x0c,
    0x00, 0x22, 0x63, 0x77, 0x77, 0x5f, 0x2f, 0x3f, 0x0e, 0x0c, 0x00, 0x00,
    0x41, 0x63, 0x77, 0x5f, 0x2f, 0x3f, 0x0e, 0x0c, 0x00, 0x00, 0x00, 0x00,
    0x00, 0x00, 0xc0, 0xc0, 0x30, 0x30, 0x00, 0x00, 0x00, 0x00, 0x00, 0x00,
    0xc0, 0xc0, 0x30, 0x30, 0x00, 0x00, 0x00, 0x00, 0x00, 0x00, 0xc0, 0xc0,
    0x30, 0x30, 0x1c, 0x3e, 0x7f, 0x7f, 0x7f, 0x7f, 0x7f, 0x7f, 0x3e, 0x1c,
    0x1c, 0x3e, 0x7f, 0x7f, 0x7c, 0x70, 0x7c, 0x7f, 0x3e, 0x1c, 0x1c, 0x3e,
    0x7e, 0x7c, 0x78, 0x70, 0x78, 0x7c, 0x3e, 0x1c, 0x38, 0x7c, 0xfe, 0xfe,
    0xfe, 0xfe, 0xfe, 0xfe, 0x7c, 0x38, 0x38, 0x7c, 0xfe, 0xfe, 0xfe, 0xee,
    0xee, 0xc6, 0x44, 0x00, 0x38, 0x7c, 0xfe, 0xfe, 0xfe, 0xee, 0xc6, 0x82,
    0x00, 0x00, 0x38, 0x7c, 0xfe, 0xfe, 0xfe, 0xfe, 0xfe, 0xfe, 0x7c, 0x38,
    0x38, 0x7c, 0xfe, 0xfe, 0x3e, 0x0e, 0x3e, 0xfe, 0x7c, 0x38, 0x38, 0x7c,
    0x7e, 0x3e, 0x1e, 0x0e, 0x1e, 0x3e, 0x7c, 0x38, 0x1c, 0x3e, 0x7f, 0x7f,
    0x7f, 0x7f, 0x7f, 0x7f, 0x3e, 0x1c, 0x00, 0x22, 0x63, 0x77, 0x77, 0x7f,
    0x7f, 0x7f, 0x3e, 0x1c, 0x00, 0x00, 0x41, 0x63, 0x77, 0x7f, 0x7f, 0x7f,
    0x3e, 0x1c, 0x3c, 0x7e, 0xc9, 0xdb, 0xc9, 0xff, 0xff, 0xff, 0xff, 0xaa,
    0x3c, 0x7e, 0xc9, 0xdb, 0xc9, 0xff, 0xff, 0xff, 0xff, 0x55, 0x3c, 0x7e,
    0x99, 0x99, 0xbd, 0xff, 0xff, 0xff, 0xff, 0xaa, 0x3c, 0x7e, 0x99, 0x99,
    0xbd, 0xff, 0xff, 0xff, 0xff, 0x55, 0x3c, 0x7e, 0x93, 0xdb, 0x93, 0xff,
    0xff, 0xff, 0xff, 0xaa, 0x3c, 0x7e, 0x93, 0xdb, 0x93, 0xff, 0xff, 0xff,
    0xff, 0x55, 0x3c, 0x7e, 0xbd, 0x99, 0x99, 0xff, 0xff, 0xff, 0xff, 0xaa,
    0x3c, 0x7e, 0xbd, 0x99, 0x99, 0xff, 0xff, 0xff, 0xff, 0x55, 0x6c, 0xfe,
    0xfe, 0xfe, 0x7c, 0x7c, 0x38, 0x38, 0x10, 0x10, 0x00, 0x00, 0x00, 0x00,
    0x00, 0x0c, 0x1e, 0x0e, 0x1e, 0x0c, 0x00, 0x00, 0x00, 0x04, 0x04, 0x0c,
    0x1e, 0x1e, 0x1e, 0x0c, 0x10, 0x10, 0x18, 0x18, 0x1c, 0x7c, 0xff, 0x00,
    0x00, 0x00, 0x60, 0xff, 0x1c, 0x1c, 0x18, 0x18, 0x10, 0x10, 0x00, 0x00,
    0x00, 0x38, 0x20, 0x38, 0x0e, 0x3a, 0x0a, 0x0e, 0x00, 0x00, 0x00, 0x20,
    0x60, 0x3c, 0x34, 0x77, 0x1d, 0x05, 0x07, 0x00, 0x00, 0x07, 0x05, 0x1d,
    0x77, 0x14, 0x7c, 0x40, 0x70, 0x00, 0x00, 0x70, 0x40, 0x7c, 0x14, 0x77,
    0x1d, 0x05, 0x07, 0x00, 0x00, 0x07, 0x05, 0x1d, 0x77, 0x14, 0x1c, 0x10,
    0x10, 0x00, 0x20, 0x60, 0x20, 0x38, 0x68, 0x3c, 0x14, 0x1e, 0x0a, 0x0e,
    0x0e, 0x0a, 0x1e, 0x14, 0x3c, 0x68, 0x38, 0x60, 0x40, 0x60, 0x60, 0x40,
    0x60, 0x38, 0x68, 0x3c, 0x14, 0x1e, 0x0a, 0x0e, 0x00, 0x07, 0x05, 0x1d,
    0x77, 0x14, 0x7c, 0x40, 0x70, 0x00, 0x00, 0x07, 0x05, 0x1d, 0x57, 0x54,
    0x7c, 0x10, 0x10, 0x00, 0x00, 0x70, 0x50, 0x7c, 0x54, 0x77, 0x1d, 0x05,
    0x07, 0x00, 0x40, 0x78, 0x60, 0x78, 0x28, 0x3e, 0x0a, 0x0f, 0x05, 0x07,
    0x66, 0x99, 0xff, 0x5a, 0xdb, 0xff, 0xe7, 0xe7, 0x7e, 0x3c, 0x60, 0x98,
    0x14, 0x12, 0x26, 0x4f, 0x6f, 0xf6, 0xf0, 0x60, 0x00, 0x3c, 0x76, 0x5e,
    0x7a, 0x6e, 0x3c, 0x34, 0x18, 0x00, 0x3c, 0x7e, 0x7e, 0xff, 0xff, 0xbf,
    0xbf, 0x5e, 0x7e, 0x3c, 0x66, 0xbd, 0x99, 0x99, 0xa5, 0xa5, 0x42, 0x42,
    0xbd, 0x99, 0x0c, 0x10, 0x54, 0xfe, 0xfe, 0xfe, 0xbe, 0xbe, 0x5c, 0x38,
    0x06, 0x08, 0x18, 0x3c, 0x3c, 0x3c, 0x5e, 0x5e, 0x6e, 0x3c, 0x01, 0x01,
    0x01, 0x03, 0x07, 0x0f, 0x1e, 0x3e, 0x7c, 0xf0, 0x03, 0x04, 0x03, 0x03,
    0x14, 0x13, 0x11, 0x11, 0x02, 0x1d, 0xea, 0x20, 0x20, 0x20, 0x20, 0x20,
    0x20, 0x20, 0x20, 0x20, 0x20, 0x20, 0x20, 0x20, 0x20, 0x20, 0x00, 0x00,
    0x00, 0x00, 0x00, 0x00, 0x81, 0x00, 0x00, 0x03, 0x01, 0x00, 0x2d, 0x00,
    0x06, 0x4c, 0x47, 0x45, 0x4e, 0x45, 0x20, 0x20, 0x20, 0x20, 0x20, 0x20,
    0x20, 0x20, 0x20, 0x20, 0x20, 0x20, 0x20, 0x20, 0x20, 0x20, 0x00, 0x00,
    0x00, 0x00, 0x00, 0x00, 0x81, 0x00, 0x00, 0x03, 0x01, 0x00, 0x2d, 0x00,
    0x0b, 0x9c, 0x49, 0x53, 0x54, 0x20, 0x20, 0x20, 0x20, 0x20, 0x20, 0x20,
    0x20, 0x20, 0x20, 0x20, 0x20, 0x20, 0x20, 0x20, 0x20, 0x20, 0x00, 0x00,
    0x00, 0x00, 0x00, 0x00, 0x81, 0x00, 0x00, 0x03, 0x01, 0x00, 0x2d, 0x00,
    0x07, 0xba, 0x54, 0x45, 0x4d, 0x50, 0x4a, 0x45, 0x4d, 0x20, 0x20, 0x20,
    0x20, 0x20, 0x20, 0x20, 0x20, 0x20, 0x20, 0x20, 0x20, 0x20, 0x00, 0x00,
    0x00, 0x00, 0x00, 0x00, 0x81, 0x00, 0x00, 0x03, 0x01, 0x00, 0x2d, 0x00,
    0x0f, 0x8d, 0x4d, 0x53, 0x20, 0x20, 0x20, 0x20, 0x20, 0x20, 0x20, 0x20,
    0x20, 0x20, 0x20, 0x20, 0x20, 0x20, 0x20, 0x20, 0x20, 0x20, 0x00, 0x00,
    0x00, 0x00, 0x00, 0x00, 0x81, 0x00, 0x00, 0x03, 0x01, 0x00, 0x2d, 0x00,
    0x0f, 0xd4, 0x4d, 0x53, 0x31, 0x20, 0x20, 0x20, 0x20, 0x20, 0x20, 0x20,
    0x20, 0x20, 0x20, 0x20, 0x20, 0x20, 0x20, 0x20, 0x20, 0x20, 0x00, 0x00,
    0x00, 0x00, 0x00, 0x00, 0x81, 0x00, 0x00, 0x03, 0x01, 0x00, 0x2d, 0x00,
    0x0f, 0xd5, 0x54, 0x43, 0x54, 0x45, 0x53, 0x54, 0x20, 0x20, 0x20, 0x20,
    0x20, 0x20, 0x20, 0x20, 0x20, 0x20, 0x20, 0x20, 0x20, 0x20, 0x00, 0x00,
    0x00, 0x00, 0x00, 0x00, 0x88, 0x00, 0x00, 0x80, 0x01, 0x00, 0x05, 0x00,
    0x07, 0xa9, 0x00, 0x00, 0x00, 0x00, 0x00, 0x00, 0x00, 0x00, 0x4b, 0x41,
    0x4e, 0x47, 0x43, 0x20, 0x20, 0x20, 0x20, 0x20, 0x20, 0x20, 0x20, 0x20,
    0x20, 0x20, 0x20, 0x20, 0x20, 0x20, 0x00, 0x00, 0x00, 0x00, 0x00, 0x00,
    0x81, 0x00, 0x00, 0x03, 0x01, 0x00, 0x2d, 0x00, 0x08, 0x1f, 0x4b, 0x41,
    0x4e, 0x47, 0x43, 0x31, 0x20, 0x20, 0x20, 0x20, 0x20, 0x20, 0x20, 0x20,
    0x20, 0x20, 0x20, 0x20, 0x20, 0x20, 0x00, 0x00, 0x00, 0x00, 0x00, 0x00,
    0x81, 0x00, 0x00, 0x03, 0x01, 0x00, 0x2d, 0x00, 0x08, 0x20, 0x4d, 0x45,
    0x55, 0x54, 0x53, 0x54, 0x4c, 0x53, 0x54, 0x20, 0x20, 0x20, 0x20, 0x20,
    0x20, 0x20, 0x20, 0x20, 0x20, 0x20, 0x00, 0x00, 0x00, 0x00, 0x00, 0x00,
    0x88, 0x00, 0x00, 0x04, 0x04, 0x00, 0x94, 0x00, 0x11, 0xed, 0x47, 0x41,
    0x4c, 0x50, 0x41, 0x4c, 0x20, 0x20, 0x20, 0x20, 0x20, 0x20, 0x20, 0x20,
    0x20, 0x20, 0x20, 0x20, 0x20, 0x20, 0x00, 0x00, 0x00, 0x00, 0x00, 0x00,
    0x81, 0x00, 0x00, 0x03, 0x01, 0x00, 0x2d, 0x00, 0x0d, 0x05, 0x50, 0x41,
    0x43, 0x31, 0x20, 0x20, 0x20, 0x20, 0x20, 0x20, 0x20, 0x20, 0x20, 0x20,
    0x20, 0x20, 0x20, 0x20, 0x20, 0x20, 0x00, 0x00, 0x00, 0x60, 0x00, 0x80,
    0x00, 0x04, 0xf9, 0xbf};
