unsigned char boulderdash_rom[] = {
    0x00, 0x00, 0x00, 0x00, 0x00, 0x00, 0x00, 0x00, 0x00, 0x00, 0x00, 0x00,
    0x00, 0x00, 0x00, 0x00, 0x00, 0xff, 0xff, 0xfe, 0xaa, 0x00, 0x00, 0x01,
    0x50, 0x05, 0x45, 0x45, 0x51, 0x55, 0x54, 0x55, 0x00, 0x00, 0x00, 0x00,
    0x00, 0x00, 0x00, 0x00, 0x00, 0x00, 0x00, 0x00, 0x00, 0x00, 0x00, 0x00,
    0x00, 0x00, 0x00, 0x00, 0x00, 0x00, 0x00, 0x00, 0x00, 0xff, 0xff, 0xfe,
    0xaa, 0x80, 0x00, 0x01, 0x50, 0x05, 0x45, 0x41, 0x51, 0x55, 0x40, 0x55,
    0x00, 0x00, 0x00, 0x00, 0x00, 0x00, 0x00, 0x00, 0x00, 0x00, 0x00, 0x00,
    0x00, 0x00, 0x00, 0x00, 0x00, 0x00, 0x00, 0x00, 0x00, 0x00, 0x00, 0x00,
    0x03, 0xff, 0xf3, 0xff, 0xaa, 0x80, 0x00, 0x00, 0x00, 0x00, 0x00, 0x00,
    0x00, 0x00, 0x00, 0x00, 0x00, 0x00, 0x00, 0x00, 0x00, 0x00, 0x00, 0x00,
    0x00, 0x00, 0x00, 0x00, 0x00, 0x00, 0x00, 0x00, 0x00, 0x00, 0x00, 0x00,
    0x00, 0x00, 0x00, 0x00, 0x0f, 0xff, 0x55, 0x55, 0xaa, 0xa2, 0xaa, 0xaa,
    0xaa, 0x82, 0xaa, 0xaa, 0x82, 0xaa, 0xaa, 0xa0, 0x00, 0x00, 0x00, 0x00,
    0x00, 0x00, 0x00, 0x00, 0x00, 0x00, 0x00, 0x00, 0x00, 0x00, 0x00, 0x00,
    0x00, 0x00, 0x00, 0x00, 0x00, 0x00, 0x00, 0x00, 0x0f, 0xfd, 0x55, 0x55,
    0x2a, 0xa0, 0xaa, 0xaa, 0xaa, 0x8a, 0xaa, 0xaa, 0xa2, 0xaa, 0xaa, 0xa8,
    0x00, 0x00, 0x00, 0x00, 0x00, 0x00, 0x00, 0x00, 0x00, 0x00, 0x00, 0x00,
    0x00, 0x00, 0x00, 0x00, 0x00, 0x00, 0x00, 0x00, 0x00, 0x00, 0x00, 0x00,
    0x3f, 0xf5, 0x55, 0x55, 0x2a, 0xa8, 0xaa, 0xaa, 0xaa, 0x8a, 0xaa, 0xaa,
    0xa2, 0xaa, 0xaa, 0xaa, 0x00, 0x00, 0x00, 0x00, 0x00, 0x00, 0x00, 0x00,
    0x00, 0x00, 0x00, 0x00, 0x00, 0x00, 0x00, 0x00, 0x00, 0x00, 0x00, 0x00,
    0x00, 0x00, 0x00, 0x00, 0x3f, 0xc5, 0x55, 0x55, 0x4a, 0xa8, 0x2a, 0xaa,
    0xaa, 0x8a, 0xaa, 0xaa, 0xa2, 0xaa, 0xaa, 0xaa, 0x00, 0x00, 0x00, 0x00,
    0x00, 0x00, 0x00, 0x00, 0x00, 0x00, 0x00, 0x00, 0x00, 0x00, 0x00, 0x00,
    0x00, 0x00, 0x00, 0x00, 0x00, 0x00, 0x00, 0x00, 0xfc, 0x05, 0x55, 0x55,
    0x4a, 0xaa, 0x2a, 0xaa, 0xaa, 0x8a, 0xaa, 0xaa, 0xa2, 0xaa, 0xaa, 0xaa,
    0x00, 0x00, 0x00, 0x00, 0x00, 0x00, 0x00, 0x00, 0x00, 0x00, 0x00, 0x00,
    0x00, 0x00, 0x00, 0x00, 0x00, 0x00, 0x00, 0x00, 0x00, 0x00, 0x00, 0x00,
    0xf0, 0x05, 0x55, 0x0f, 0xc2, 0xaa, 0x00, 0x02, 0xa8, 0x0a, 0xaa, 0xaa,
    0xa2, 0xaa, 0xaa, 0xaa, 0x00, 0x00, 0x00, 0x00, 0x00, 0x00, 0x00, 0x00,
    0x00, 0x00, 0x00, 0x00, 0x00, 0x00, 0x00, 0x00, 0x00, 0x00, 0x00, 0x00,
    0x00, 0x00, 0x00, 0x00, 0x00, 0x05, 0x55, 0x03, 0xc2, 0xaa, 0x80, 0x02,
    0xa8, 0x0a, 0xa8, 0x2a, 0xa2, 0xa8, 0x02, 0xaa, 0x00, 0x00, 0x00, 0x00,
    0x00, 0x00, 0x00, 0x00, 0x00, 0x00, 0x00, 0x00, 0x00, 0x00, 0x00, 0x00,
    0x00, 0x00, 0x00, 0x00, 0x00, 0x00, 0x00, 0x00, 0x00, 0x05, 0x55, 0x40,
    0xc0, 0xaa, 0x80, 0x02, 0xa8, 0x0a, 0xa0, 0x0a, 0xa2, 0xa8, 0x02, 0xaa,
    0x00, 0x00, 0x00, 0x00, 0x00, 0x00, 0x00, 0x00, 0x00, 0x00, 0x00, 0x00,
    0x00, 0x00, 0x00, 0x00, 0x00, 0x00, 0x00, 0x00, 0x00, 0x00, 0x00, 0x00,
    0x00, 0x01, 0x55, 0x40, 0xf0, 0xaa, 0xa0, 0x02, 0xa8, 0x0a, 0xa0, 0x0a,
    0xa2, 0xa8, 0x02, 0xaa, 0x00, 0x00, 0x00, 0x00, 0x00, 0x00, 0x00, 0x00,
    0x00, 0x00, 0x00, 0x00, 0x00, 0x00, 0x00, 0x00, 0x00, 0x00, 0x00, 0x00,
    0x00, 0x00, 0x00, 0x00, 0x00, 0x01, 0x55, 0x50, 0x30, 0x2a, 0xa0, 0x02,
    0xa8, 0x0a, 0xa0, 0x0a, 0xa2, 0xa8, 0x02, 0xaa, 0x00, 0x00, 0x00, 0x00,
    0x00, 0x00, 0x00, 0x00, 0x00, 0x00, 0x00, 0x00, 0x00, 0x00, 0x00, 0x00,
    0x00, 0x00, 0x00, 0x00, 0x00, 0x00, 0x00, 0x00, 0x00, 0x00, 0x55, 0x50,
    0x00, 0x2a, 0xa8, 0x02, 0xa8, 0x0a, 0xaa, 0xaa, 0xa2, 0xaa, 0xaa, 0xaa,
    0x00, 0x00, 0x00, 0x00, 0x00, 0x00, 0x00, 0x00, 0x00, 0x00, 0x00, 0x00,
    0x00, 0x00, 0x00, 0x00, 0x00, 0x00, 0x00, 0x00, 0x00, 0x00, 0x00, 0x00,
    0x00, 0x00, 0x55, 0x54, 0x00, 0x0a, 0xa8, 0x02, 0xa8, 0x0a, 0xaa, 0xaa,
    0xa2, 0xaa, 0xaa, 0xaa, 0x00, 0x00, 0x00, 0x00, 0x00, 0x00, 0x00, 0x00,
    0x00, 0x00, 0x00, 0x00, 0x00, 0x00, 0x00, 0x00, 0x00, 0x00, 0x00, 0x00,
    0x00, 0x00, 0x00, 0x00, 0x00, 0x00, 0x15, 0x54, 0x00, 0x0a, 0xaa, 0x02,
    0xa8, 0x0a, 0xaa, 0xaa, 0xa2, 0xaa, 0xaa, 0xa8, 0x00, 0x00, 0x00, 0x00,
    0x00, 0x00, 0x00, 0x00, 0x00, 0x00, 0x00, 0x00, 0x00, 0x00, 0x00, 0x00,
    0x00, 0x00, 0x00, 0x00, 0x00, 0x00, 0x00, 0x00, 0x00, 0x00, 0x15, 0x55,
    0x00, 0x02, 0xaa, 0x02, 0xa8, 0x0a, 0xaa, 0xaa, 0xa2, 0xaa, 0xaa, 0x80,
    0x00, 0x00, 0x00, 0x00, 0x00, 0x00, 0x00, 0x00, 0x00, 0x00, 0x00, 0x00,
    0x00, 0x00, 0x00, 0x00, 0x00, 0x00, 0x00, 0x00, 0x00, 0x00, 0x00, 0x00,
    0x00, 0x00, 0x05, 0x55, 0x00, 0x02, 0xaa, 0x82, 0xa8, 0x0a, 0xaa, 0xaa,
    0xa2, 0xaa, 0xaa, 0x80, 0x00, 0x00, 0x00, 0x00, 0x00, 0x00, 0x00, 0x00,
    0xaa, 0xaa, 0xaa, 0xaa, 0xaa, 0xaa, 0xaa, 0xaa, 0xaa, 0xaa, 0xaa, 0xaa,
    0xaa, 0xaa, 0xaa, 0xaa, 0xaa, 0xaa, 0xa5, 0x55, 0x6a, 0xaa, 0xaa, 0x82,
    0xa8, 0x0a, 0xaa, 0xaa, 0xa2, 0xaa, 0xaa, 0x80, 0x00, 0x00, 0x00, 0x00,
    0x00, 0x00, 0x00, 0x00, 0xaa, 0xaa, 0xaa, 0xaa, 0xaa, 0xaa, 0xaa, 0xaa,
    0xaa, 0xaa, 0xaa, 0xaa, 0xaa, 0xaa, 0xaa, 0xaa, 0xaa, 0xaa, 0xa9, 0x55,
    0x6a, 0xaa, 0xaa, 0x82, 0xa8, 0x0a, 0xa0, 0x0a, 0xa2, 0xa8, 0x2a, 0xaa,
    0x00, 0x00, 0x00, 0x00, 0x00, 0x00, 0x00, 0x00, 0xaa, 0xaa, 0xaa, 0xaa,
    0xaa, 0xaa, 0xaa, 0xaa, 0xaa, 0xaa, 0xaa, 0xaa, 0xaa, 0xaa, 0xaa, 0xaa,
    0xaa, 0xaa, 0xa9, 0x55, 0x5a, 0xaa, 0xaa, 0x82, 0xa8, 0x0a, 0xa0, 0x0a,
    0xa2, 0xa8, 0x2a, 0xaa, 0x00, 0x00, 0x00, 0x00, 0x00, 0x00, 0x00, 0x00,
    0xaa, 0xaa, 0xaa, 0xaa, 0xaa, 0xaa, 0xaa, 0xaa, 0xaa, 0xaa, 0xaa, 0xaa,
    0xaa, 0xaa, 0xaa, 0xaa, 0xaa, 0xaa, 0xaa, 0x55, 0x5a, 0xaa, 0xaa, 0x82,
    0xa8, 0x0a, 0xa0, 0x0a, 0xa2, 0xa8, 0x2a, 0xaa, 0x00, 0x00, 0x00, 0x00,
    0x00, 0x00, 0x00, 0x00, 0xaa, 0xaa, 0xaa, 0xaa, 0xaa, 0xaa, 0xaa, 0xaa,
    0xaa, 0xaa, 0xaa, 0xaa, 0xaa, 0xaa, 0xaa, 0xaa, 0xaa, 0xaa, 0xaa, 0x55,
    0x56, 0xaa, 0xaa, 0x02, 0xa8, 0x0a, 0xa0, 0x0a, 0xa2, 0xa8, 0x2a, 0xaa,
    0x00, 0x00, 0x00, 0x00, 0x00, 0x00, 0x00, 0x00, 0xaa, 0xaa, 0xaa, 0xaa,
    0xaa, 0xaa, 0xaa, 0xaa, 0xaa, 0xaa, 0xaa, 0xaa, 0xaa, 0xaa, 0xaa, 0xaa,
    0xaa, 0xaa, 0xaa, 0x95, 0x56, 0xaa, 0xa8, 0x02, 0xa8, 0x0a, 0xa0, 0x00,
    0x00, 0x00, 0x2a, 0xaa, 0x00, 0x00, 0x00, 0x00, 0x00, 0x00, 0x00, 0x00,
    0x00, 0x00, 0x00, 0x00, 0x00, 0x00, 0x00, 0x00, 0x00, 0x00, 0x00, 0x00,
    0x00, 0x00, 0x00, 0x00, 0x00, 0x00, 0x00, 0x15, 0x54, 0x00, 0x00, 0x00,
    0x00, 0x00, 0x00, 0x00, 0x00, 0x00, 0x0a, 0xaa, 0x00, 0x00, 0x00, 0x00,
    0x00, 0x00, 0x00, 0x00, 0x00, 0x00, 0x00, 0x00, 0x00, 0x00, 0x00, 0x00,
    0x00, 0x00, 0x00, 0x00, 0x00, 0x00, 0x00, 0x00, 0x00, 0x00, 0x00, 0x05,
    0x54, 0x15, 0x45, 0x51, 0x51, 0x01, 0x15, 0x45, 0x51, 0x54, 0x00, 0x00,
    0x00, 0x20, 0x00, 0x80, 0x82, 0xa2, 0xa2, 0x00, 0x00, 0x00, 0x00, 0x00,
    0x00, 0x00, 0x00, 0x00, 0x00, 0x00, 0x00, 0x00, 0x00, 0x00, 0x00, 0x00,
    0x00, 0x00, 0x00, 0x05, 0x54, 0x15, 0x45, 0x51, 0x51, 0x01, 0x15, 0x45,
    0x51, 0x54, 0x00, 0x00, 0x00, 0xa0, 0xa8, 0xa2, 0x82, 0x22, 0x22, 0x00,
    0x55, 0x55, 0x55, 0x55, 0x55, 0x55, 0x55, 0x55, 0x55, 0x55, 0x55, 0x55,
    0x55, 0x55, 0x55, 0x55, 0x55, 0x55, 0x55, 0x55, 0x54, 0x10, 0x44, 0x00,
    0x41, 0x11, 0x10, 0x44, 0x11, 0x00, 0x44, 0x45, 0x00, 0x82, 0x80, 0x20,
    0x82, 0x22, 0x22, 0x20, 0x55, 0x55, 0x55, 0x55, 0x55, 0x55, 0x55, 0x55,
    0x55, 0x55, 0x55, 0x55, 0x55, 0x55, 0x55, 0x55, 0x55, 0x55, 0x55, 0x55,
    0x50, 0x10, 0x45, 0x40, 0x41, 0x11, 0x15, 0x45, 0x51, 0x50, 0x45, 0x44,
    0x00, 0x82, 0x80, 0x20, 0x82, 0xa2, 0xa2, 0xa0, 0x55, 0x55, 0x55, 0x55,
    0x55, 0x55, 0x55, 0x55, 0x55, 0x55, 0x55, 0x55, 0x55, 0x55, 0x55, 0x55,
    0x55, 0x55, 0x55, 0x55, 0x50, 0x10, 0x45, 0x40, 0x41, 0x55, 0x15, 0x45,
    0x51, 0x00, 0x45, 0x44, 0x00, 0x82, 0x80, 0x20, 0x80, 0x22, 0x20, 0x20,
    0x55, 0x55, 0x55, 0x55, 0x55, 0x55, 0x55, 0x55, 0x55, 0x55, 0x55, 0x55,
    0x55, 0x55, 0x55, 0x55, 0x55, 0x55, 0x55, 0x55, 0x40, 0x15, 0x44, 0x00,
    0x41, 0x55, 0x10, 0x44, 0x41, 0x54, 0x44, 0x44, 0x00, 0xa0, 0xa8, 0xa0,
    0x80, 0x22, 0x20, 0x20, 0x55, 0x55, 0x55, 0x55, 0x55, 0x55, 0x55, 0x55,
    0x55, 0x55, 0x55, 0x55, 0x55, 0x55, 0x55, 0x55, 0x55, 0x55, 0x55, 0x55,
    0x40, 0x15, 0x44, 0x00, 0x40, 0x44, 0x10, 0x44, 0x51, 0x54, 0x44, 0x45,
    0x10, 0x20, 0x00, 0x82, 0xa2, 0xa2, 0xa0, 0x20, 0x00, 0x00, 0x31, 0x00,
    0x8a, 0x00, 0xb1, 0x00, 0xfc, 0x00, 0x83, 0x01, 0x14, 0x02, 0x5c, 0x02,
    0xb3, 0x02, 0xf6, 0x02, 0x5b, 0x03, 0xc1, 0x03, 0x2b, 0x04, 0x69, 0x04,
    0xc3, 0x04, 0xfe, 0x04, 0x5d, 0x05, 0x99, 0x05, 0xef, 0x05, 0x2d, 0x06,
    0x01, 0x14, 0x0a, 0x0f, 0x0a, 0x0b, 0x0c, 0x0d, 0x0e, 0x0c, 0x0c, 0x0c,
    0x0c, 0x0c, 0x96, 0x6e, 0x46, 0x28, 0x1e, 0x26, 0x06, 0x0c, 0xd4, 0x20,
    0x00, 0x10, 0x14, 0x00, 0x3c, 0x32, 0x09, 0x00, 0x42, 0x01, 0x09, 0x1e,
    0x02, 0x42, 0x09, 0x10, 0x1e, 0x02, 0x25, 0x03, 0x04, 0x04, 0x26, 0x12,
    0xff, 0x02, 0x14, 0x14, 0x32, 0x03, 0x00, 0x01, 0x57, 0x58, 0x0a, 0x0c,
    0x09, 0x0d, 0x0a, 0x96, 0x6e, 0x46, 0x46, 0x46, 0x44, 0x76, 0xcc, 0x04,
    0x00, 0x00, 0x10, 0x14, 0x08, 0x3c, 0x32, 0x09, 0x02, 0x42, 0x01, 0x08,
    0x26, 0x02, 0x42, 0x01, 0x0f, 0x26, 0x02, 0x42, 0x08, 0x03, 0x14, 0x04,
    0x42, 0x10, 0x03, 0x14, 0x04, 0x42, 0x18, 0x03, 0x14, 0x04, 0x42, 0x20,
    0x03, 0x14, 0x04, 0x40, 0x01, 0x05, 0x26, 0x02, 0x40, 0x01, 0x0b, 0x26,
    0x02, 0x40, 0x01, 0x12, 0x26, 0x02, 0x40, 0x14, 0x03, 0x14, 0x04, 0x25,
    0x12, 0x15, 0x04, 0x12, 0x16, 0xff, 0x03, 0x00, 0x0f, 0x00, 0x00, 0x32,
    0x36, 0x34, 0x37, 0x18, 0x17, 0x18, 0x17, 0x15, 0x96, 0x64, 0x5a, 0x50,
    0x46, 0xc4, 0x46, 0x4c, 0x04, 0x00, 0x02, 0x10, 0x14, 0x00, 0x64, 0x32,
    0x09, 0x00, 0x25, 0x03, 0x04, 0x04, 0x27, 0x14, 0xff, 0x04, 0x14, 0x05,
    0x14, 0x00, 0x6e, 0x70, 0x73, 0x77, 0x24, 0x24, 0x24, 0x24, 0x24, 0x78,
    0x64, 0x50, 0x3c, 0x32, 0x74, 0x36, 0x3c, 0xd4, 0x00, 0x10, 0x00, 0x00,
    0x00, 0x14, 0x00, 0x00, 0x00, 0x25, 0x01, 0x03, 0x04, 0x26, 0x16, 0x81,
    0x08, 0x0a, 0x04, 0x04, 0x00, 0x30, 0x0a, 0x0b, 0x81, 0x10, 0x0a, 0x04,
    0x04, 0x00, 0x30, 0x12, 0x0b, 0x81, 0x18, 0x0a, 0x04, 0x04, 0x00, 0x30,
    0x1a, 0x0b, 0x81, 0x20, 0x0a, 0x04, 0x04, 0x00, 0x30, 0x22, 0x0b, 0xff,
    0x05, 0x14, 0x32, 0x5a, 0x00, 0x00, 0x00, 0x00, 0x00, 0x04, 0x05, 0x06,
    0x07, 0x08, 0x96, 0x78, 0x5a, 0x3c, 0x1e, 0x14, 0x56, 0x4c, 0x04, 0x00,
    0x00, 0x00, 0x00, 0x00, 0x00, 0x00, 0x00, 0x00, 0x25, 0x01, 0x03, 0x04,
    0x27, 0x16, 0x80, 0x08, 0x0a, 0x03, 0x03, 0x00, 0x80, 0x10, 0x0a, 0x03,
    0x03, 0x00, 0x80, 0x18, 0x0a, 0x03, 0x03, 0x00, 0x80, 0x20, 0x0a, 0x03,
    0x03, 0x00, 0x14, 0x09, 0x0c, 0x08, 0x0a, 0x0a, 0x14, 0x11, 0x0c, 0x08,
    0x12, 0x0a, 0x14, 0x19, 0x0c, 0x08, 0x1a, 0x0a, 0x14, 0x21, 0x0c, 0x08,
    0x22, 0x0a, 0x80, 0x08, 0x10, 0x03, 0x03, 0x00, 0x80, 0x10, 0x10, 0x03,
    0x03, 0x00, 0x80, 0x18, 0x10, 0x03, 0x03, 0x00, 0x80, 0x20, 0x10, 0x03,
    0x03, 0x00, 0x14, 0x09, 0x12, 0x08, 0x0a, 0x10, 0x14, 0x11, 0x12, 0x08,
    0x12, 0x10, 0x14, 0x19, 0x12, 0x08, 0x1a, 0x10, 0x14, 0x21, 0x12, 0x08,
    0x22, 0x10, 0xff, 0x06, 0x14, 0x28, 0x3c, 0x00, 0x14, 0x15, 0x16, 0x17,
    0x04, 0x06, 0x07, 0x08, 0x08, 0x96, 0x78, 0x64, 0x5a, 0x50, 0x84, 0x46,
    0x0c, 0xd4, 0x00, 0x10, 0x00, 0x00, 0x00, 0x32, 0x00, 0x00, 0x00, 0x82,
    0x01, 0x03, 0x0a, 0x04, 0x00, 0x82, 0x01, 0x06, 0x0a, 0x04, 0x00, 0x82,
    0x01, 0x09, 0x0a, 0x04, 0x00, 0x82, 0x01, 0x0c, 0x0a, 0x04, 0x00, 0x41,
    0x0a, 0x03, 0x0d, 0x04, 0x14, 0x03, 0x05, 0x08, 0x04, 0x05, 0x14, 0x03,
    0x08, 0x08, 0x04, 0x08, 0x14, 0x03, 0x0b, 0x08, 0x04, 0x0b, 0x14, 0x03,
    0x0e, 0x08, 0x04, 0x0e, 0x82, 0x1d, 0x03, 0x0a, 0x04, 0x00, 0x82, 0x1d,
    0x06, 0x0a, 0x04, 0x00, 0x82, 0x1d, 0x09, 0x0a, 0x04, 0x00, 0x82, 0x1d,
    0x0c, 0x0a, 0x04, 0x00, 0x41, 0x1d, 0x03, 0x0d, 0x04, 0x14, 0x24, 0x05,
    0x08, 0x23, 0x05, 0x14, 0x24, 0x08, 0x08, 0x23, 0x08, 0x14, 0x24, 0x0b,
    0x08, 0x23, 0x0b, 0x14, 0x24, 0x0e, 0x08, 0x23, 0x0e, 0x25, 0x03, 0x14,
    0x04, 0x26, 0x14, 0xff, 0x07, 0x4b, 0x0a, 0x14, 0x02, 0x07, 0x08, 0x0a,
    0x09, 0x0f, 0x14, 0x19, 0x19, 0x19, 0x78, 0x78, 0x78, 0x78, 0x78, 0x24,
    0x46, 0x3c, 0xd4, 0x00, 0x00, 0x10, 0x08, 0x00, 0x64, 0x28, 0x02, 0x00,
    0x42, 0x01, 0x07, 0x0c, 0x02, 0x42, 0x1c, 0x05, 0x0b, 0x02, 0x7a, 0x13,
    0x15, 0x02, 0x02, 0x14, 0x04, 0x06, 0x14, 0x04, 0x0e, 0x14, 0x04, 0x16,
    0x14, 0x22, 0x04, 0x14, 0x22, 0x0c, 0x14, 0x22, 0x16, 0x25, 0x14, 0x03,
    0x04, 0x27, 0x07, 0xff, 0x08, 0x14, 0x0a, 0x14, 0x01, 0x03, 0x04, 0x05,
    0x06, 0x0a, 0x0f, 0x14, 0x14, 0x14, 0x78, 0x6e, 0x64, 0x5a, 0x50, 0x34,
    0x96, 0x7c, 0x04, 0x00, 0x00, 0x10, 0x08, 0x00, 0x5a, 0x32, 0x02, 0x00,
    0x14, 0x04, 0x06, 0x14, 0x22, 0x04, 0x14, 0x22, 0x0c, 0x04, 0x00, 0x05,
    0x25, 0x14, 0x03, 0x42, 0x01, 0x07, 0x0c, 0x02, 0x42, 0x01, 0x0f, 0x0c,
    0x02, 0x42, 0x1c, 0x05, 0x0b, 0x02, 0x42, 0x1c, 0x0d, 0x0b, 0x02, 0x43,
    0x0e, 0x11, 0x08, 0x02, 0x14, 0x0c, 0x10, 0x00, 0x0e, 0x12, 0x14, 0x13,
    0x12, 0x41, 0x0e, 0x0f, 0x08, 0x02, 0xff, 0x09, 0x14, 0x05, 0x0a, 0x64,
    0x89, 0x8c, 0xfb, 0x33, 0x4b, 0x4b, 0x50, 0x55, 0x5a, 0x96, 0x96, 0x82,
    0x82, 0x78, 0x36, 0x76, 0x7c, 0x04, 0x30, 0x10, 0x14, 0x00, 0x00, 0xf0,
    0x78, 0x00, 0x00, 0x82, 0x05, 0x0a, 0x0d, 0x0d, 0x00, 0x01, 0x0c, 0x0a,
    0x82, 0x19, 0x0a, 0x0d, 0x0d, 0x00, 0x01, 0x1f, 0x0a, 0x42, 0x11, 0x12,
    0x09, 0x02, 0x40, 0x11, 0x13, 0x09, 0x02, 0x25, 0x07, 0x0c, 0x04, 0x08,
    0x0c, 0xff, 0x0a, 0x14, 0x19, 0x3c, 0x00, 0x00, 0x00, 0x00, 0x00, 0x0c,
    0x0c, 0x0c, 0x0c, 0x0c, 0x96, 0x82, 0x78, 0x6e, 0x64, 0x84, 0x26, 0x0c,
    0xd4, 0x00, 0x00, 0x00, 0x00, 0x00, 0x00, 0x00, 0x00, 0x00, 0x25, 0x0d,
    0x03, 0x04, 0x27, 0x16, 0x54, 0x05, 0x04, 0x11, 0x03, 0x54, 0x15, 0x04,
    0x11, 0x05, 0x80, 0x05, 0x0b, 0x11, 0x03, 0x08, 0xc2, 0x01, 0x04, 0x15,
    0x11, 0x00, 0x0d, 0x04, 0xc2, 0x07, 0x06, 0x0d, 0x0d, 0x00, 0x0d, 0x06,
    0xc2, 0x09, 0x08, 0x09, 0x09, 0x00, 0x0d, 0x08, 0xc2, 0x0b, 0x0a, 0x05,
    0x05, 0x00, 0x0d, 0x0a, 0x82, 0x03, 0x06, 0x03, 0x0f, 0x08, 0x00, 0x04,
    0x06, 0x54, 0x04, 0x10, 0x04, 0x04, 0xff, 0x0b, 0x14, 0x32, 0x00, 0x00,
    0x04, 0x66, 0x97, 0x64, 0x06, 0x06, 0x06, 0x06, 0x06, 0x78, 0x78, 0x96,
    0x96, 0xf0, 0x04, 0x26, 0x2c, 0x00, 0x00, 0x00, 0x10, 0x08, 0x00, 0x64,
    0x50, 0x02, 0x00, 0x42, 0x0a, 0x03, 0x09, 0x04, 0x42, 0x14, 0x03, 0x09,
    0x04, 0x42, 0x1e, 0x03, 0x09, 0x04, 0x42, 0x09, 0x16, 0x09, 0x00, 0x42,
    0x0c, 0x0f, 0x11, 0x02, 0x42, 0x05, 0x0b, 0x09, 0x02, 0x42, 0x0f, 0x0b,
    0x09, 0x02, 0x42, 0x19, 0x0b, 0x09, 0x02, 0x42, 0x1c, 0x13, 0x0b, 0x01,
    0x14, 0x04, 0x03, 0x14, 0x0e, 0x03, 0x14, 0x18, 0x03, 0x14, 0x22, 0x03,
    0x14, 0x04, 0x16, 0x14, 0x23, 0x15, 0x25, 0x14, 0x14, 0x04, 0x26, 0x11,
    0xff, 0x0c, 0x14, 0x14, 0x00, 0x00, 0x3c, 0x02, 0x3b, 0x66, 0x13, 0x13,
    0x0e, 0x10, 0x15, 0xb4, 0xaa, 0xa0, 0xa0, 0xa0, 0x06, 0x54, 0x5a, 0xd4,
    0x00, 0x00, 0x10, 0x14, 0x00, 0x3c, 0x32, 0x09, 0x00, 0x42, 0x0a, 0x05,
    0x12, 0x04, 0x42, 0x0e, 0x05, 0x12, 0x04, 0x42, 0x12, 0x05, 0x12, 0x04,
    0x42, 0x16, 0x05, 0x12, 0x04, 0x42, 0x02, 0x06, 0x0b, 0x02, 0x42, 0x02,
    0x0a, 0x0b, 0x02, 0x42, 0x02, 0x0e, 0x0f, 0x02, 0x42, 0x02, 0x12, 0x0b,
    0x02, 0x81, 0x1e, 0x04, 0x04, 0x04, 0x00, 0x08, 0x20, 0x05, 0x81, 0x1e,
    0x09, 0x04, 0x04, 0x00, 0x08, 0x20, 0x0a, 0x81, 0x1e, 0x0e, 0x04, 0x04,
    0x00, 0x08, 0x20, 0x0f, 0x25, 0x03, 0x14, 0x04, 0x27, 0x16, 0xff, 0x0d,
    0x8c, 0x05, 0x08, 0x00, 0x01, 0x02, 0x03, 0x04, 0x32, 0x37, 0x3c, 0x46,
    0x50, 0xa0, 0x9b, 0x96, 0x91, 0x8c, 0x74, 0x26, 0x2c, 0xd4, 0x00, 0x10,
    0x00, 0x00, 0x00, 0x28, 0x00, 0x00, 0x00, 0x25, 0x12, 0x03, 0x04, 0x0a,
    0x03, 0x3a, 0x14, 0x03, 0x42, 0x05, 0x12, 0x1e, 0x02, 0x70, 0x05, 0x13,
    0x1e, 0x02, 0x50, 0x05, 0x14, 0x1e, 0x02, 0xc1, 0x05, 0x15, 0x1e, 0x02,
    0xff, 0x0e, 0x14, 0x0a, 0x14, 0x00, 0x00, 0x00, 0x00, 0x00, 0x1e, 0x23,
    0x28, 0x2a, 0x2d, 0x96, 0x91, 0x8c, 0x87, 0x82, 0x06, 0x26, 0xfc, 0x00,
    0x00, 0x10, 0x00, 0x00, 0x00, 0x00, 0x00, 0x00, 0x00, 0x81, 0x0a, 0x0a,
    0x0d, 0x0d, 0x00, 0x70, 0x0b, 0x0b, 0x0c, 0x03, 0xc1, 0x0c, 0x0a, 0x03,
    0x0d, 0xc1, 0x10, 0x0a, 0x03, 0x0d, 0xc1, 0x14, 0x0a, 0x03, 0x0d, 0x50,
    0x16, 0x08, 0x0c, 0x02, 0x48, 0x16, 0x07, 0x0c, 0x02, 0xc1, 0x17, 0x06,
    0x03, 0x04, 0xc1, 0x1b, 0x06, 0x03, 0x04, 0xc1, 0x1f, 0x06, 0x03, 0x04,
    0x25, 0x03, 0x03, 0x04, 0x27, 0x14, 0xff, 0x0f, 0x08, 0x0a, 0x14, 0x01,
    0x1d, 0x1e, 0x1f, 0x20, 0x0f, 0x14, 0x14, 0x19, 0x1e, 0x78, 0x78, 0x78,
    0x78, 0x8c, 0x36, 0x76, 0x7c, 0x04, 0x00, 0x00, 0x10, 0x08, 0x00, 0x64,
    0x50, 0x02, 0x00, 0x42, 0x02, 0x04, 0x0a, 0x03, 0x42, 0x0f, 0x0d, 0x0a,
    0x01, 0x41, 0x0c, 0x0e, 0x03, 0x02, 0x43, 0x0c, 0x0f, 0x03, 0x02, 0x04,
    0x14, 0x16, 0x25, 0x14, 0x03, 0xff, 0x10, 0x14, 0x0a, 0x14, 0x01, 0x78,
    0x81, 0x7e, 0x7b, 0x0c, 0x0f, 0x0f, 0x0f, 0x0c, 0x96, 0x96, 0x96, 0x96,
    0x96, 0x24, 0x56, 0x2c, 0xd4, 0x00, 0x10, 0x00, 0x00, 0x00, 0x32, 0x00,
    0x00, 0x00, 0x25, 0x01, 0x03, 0x04, 0x27, 0x04, 0x81, 0x08, 0x13, 0x04,
    0x04, 0x00, 0x08, 0x0a, 0x14, 0xc2, 0x07, 0x0a, 0x06, 0x08, 0x43, 0x07,
    0x0a, 0x06, 0x02, 0x81, 0x10, 0x13, 0x04, 0x04, 0x00, 0x08, 0x12, 0x14,
    0xc2, 0x0f, 0x0a, 0x06, 0x08, 0x43, 0x0f, 0x0a, 0x06, 0x02, 0x81, 0x18,
    0x13, 0x04, 0x04, 0x00, 0x08, 0x1a, 0x14, 0x81, 0x20, 0x13, 0x04, 0x04,
    0x00, 0x08, 0x22, 0x14, 0xff, 0x11, 0x14, 0x1e, 0x00, 0x0a, 0x0b, 0x0c,
    0x0d, 0x0e, 0x06, 0x06, 0x06, 0x06, 0x06, 0x0a, 0x0a, 0x0a, 0x0a, 0x0a,
    0x76, 0x44, 0x7c, 0x04, 0x00, 0x00, 0x14, 0x00, 0x00, 0xff, 0x09, 0x00,
    0x00, 0x87, 0x00, 0x02, 0x28, 0x16, 0x07, 0x87, 0x00, 0x02, 0x14, 0x0c,
    0x00, 0x32, 0x0a, 0x0c, 0x10, 0x0a, 0x04, 0x01, 0x0a, 0x05, 0x25, 0x03,
    0x05, 0x04, 0x12, 0x0c, 0xff, 0x12, 0x14, 0x0a, 0x00, 0x0a, 0x0b, 0x0c,
    0x0d, 0x0e, 0x10, 0x10, 0x10, 0x10, 0x10, 0x0f, 0x0f, 0x0f, 0x0f, 0x0f,
    0x74, 0x08, 0x2c, 0x00, 0x00, 0x00, 0x00, 0x00, 0x00, 0x00, 0x00, 0x00,
    0x00, 0x87, 0x00, 0x02, 0x28, 0x16, 0x07, 0x87, 0x00, 0x02, 0x14, 0x0c,
    0x01, 0x50, 0x01, 0x03, 0x09, 0x03, 0x48, 0x02, 0x03, 0x08, 0x03, 0x54,
    0x01, 0x05, 0x08, 0x03, 0x50, 0x01, 0x06, 0x07, 0x03, 0x50, 0x12, 0x03,
    0x09, 0x05, 0x54, 0x12, 0x05, 0x08, 0x05, 0x50, 0x12, 0x06, 0x07, 0x05,
    0x25, 0x01, 0x04, 0x04, 0x12, 0x04, 0xff, 0x13, 0x04, 0x0a, 0x00, 0x0a,
    0x0b, 0x0c, 0x0d, 0x0e, 0x0e, 0x0e, 0x0e, 0x0e, 0x0e, 0x14, 0x14, 0x14,
    0x14, 0x14, 0x76, 0x36, 0x7c, 0x14, 0x00, 0x00, 0x00, 0x00, 0x00, 0x00,
    0x00, 0x00, 0x00, 0x87, 0x00, 0x02, 0x28, 0x16, 0x07, 0x87, 0x00, 0x02,
    0x14, 0x0c, 0x00, 0x54, 0x01, 0x0c, 0x12, 0x02, 0x88, 0x0f, 0x09, 0x04,
    0x04, 0x08, 0x25, 0x08, 0x03, 0x04, 0x12, 0x07, 0xff, 0x14, 0x03, 0x1e,
    0x00, 0x00, 0x00, 0x00, 0x00, 0x00, 0x06, 0x06, 0x06, 0x06, 0x06, 0x14,
    0x14, 0x14, 0x14, 0x14, 0x74, 0x36, 0x7c, 0x04, 0x00, 0x00, 0x00, 0x00,
    0x00, 0x00, 0x00, 0x00, 0x00, 0x87, 0x00, 0x02, 0x28, 0x16, 0x07, 0x87,
    0x00, 0x02, 0x14, 0x0c, 0x01, 0xd0, 0x0b, 0x03, 0x03, 0x02, 0x80, 0x0b,
    0x07, 0x03, 0x06, 0x00, 0x43, 0x0b, 0x06, 0x03, 0x02, 0x43, 0x0b, 0x0a,
    0x03, 0x02, 0x50, 0x08, 0x07, 0x03, 0x03, 0x25, 0x03, 0x03, 0x04, 0x09,
    0x0a, 0xff, 0x20, 0x20, 0x20, 0x20, 0x20, 0x20, 0x20, 0x20, 0x20, 0x20,
    0x20, 0x20, 0x20, 0x20, 0x20, 0x20, 0x20, 0x20, 0x20, 0x20, 0x20, 0x20,
    0x20, 0x20, 0x20, 0x20, 0x20, 0x20, 0x20, 0x20, 0xff, 0xff, 0x1e, 0x77,
    0x2d, 0x97, 0x4f, 0x2d, 0x47, 0x3e, 0x1b, 0x4f, 0x1e, 0xb7, 0x1d, 0x27,
    0x4f, 0x6d, 0x17, 0x4d, 0x3b, 0x4f, 0x1d, 0x1b, 0x47, 0x3b, 0x4f, 0x4e,
    0x5b, 0x3e, 0x5b, 0x4d, 0x3b, 0x5f, 0x3e, 0xab, 0x1e, 0x3b, 0x1d, 0x6b,
    0x4d, 0x17, 0x4f, 0x3d, 0x47, 0x4d, 0x4b, 0x2e, 0x27, 0x3e, 0xa7, 0xa7,
    0x1d, 0x47, 0x1d, 0x47, 0x2d, 0x5f, 0x57, 0x4e, 0x57, 0x6f, 0x1d, 0x00,
    0x00, 0x00, 0x00, 0x00, 0x00, 0x00, 0x00, 0x00, 0x00, 0x00, 0x00, 0x00,
    0x08, 0x09, 0x0a, 0x0b, 0x00, 0x10, 0x00, 0x12, 0x00, 0x14, 0x00, 0x16,
    0x00, 0x00, 0x00, 0x00, 0x00, 0x00, 0x00, 0x00, 0x00, 0x00, 0x00, 0x00,
    0x00, 0x00, 0x00, 0x00, 0x00, 0x00, 0x00, 0x00, 0x00, 0x00, 0x00, 0x00,
    0x00, 0x00, 0x00, 0x00, 0x30, 0x31, 0x32, 0x33, 0x00, 0x38, 0x00, 0x3a,
    0x00, 0x00, 0x00, 0x00, 0x60, 0x46, 0x4e, 0x22, 0x2e, 0x62, 0x2e, 0x4a,
    0x64, 0x64, 0x64, 0x64, 0x64, 0x64, 0x64, 0x64, 0x44, 0x44, 0x44, 0x44,
    0x48, 0x48, 0x48, 0x48, 0x00, 0x00, 0x00, 0x66, 0x68, 0x6a, 0x68, 0x66,
    0x24, 0x26, 0x28, 0x2a, 0x2c, 0x62, 0x66, 0x68, 0x6a, 0x00, 0x00, 0x00,
    0x00, 0x00, 0x00, 0x00, 0x20, 0x20, 0x20, 0x20, 0x20, 0x20, 0x20, 0x20,
    0x4c, 0x4c, 0xc0, 0xc0, 0x00, 0x00, 0x00, 0x00, 0x00, 0x00, 0x00, 0x00,
    0x00, 0x00, 0x00, 0x00, 0xe9, 0xa1, 0x46, 0xa9, 0x00, 0x00, 0x00, 0x00,
    0xd7, 0xa2, 0xd7, 0xa2, 0xd7, 0xa2, 0xd7, 0xa2, 0x00, 0x00, 0x00, 0x00,
    0x00, 0x00, 0x00, 0x00, 0xd4, 0xa9, 0x00, 0x00, 0x70, 0xaa, 0x00, 0x00,
    0xc1, 0xa4, 0x00, 0x00, 0x4c, 0xa4, 0x00, 0x00, 0x00, 0x00, 0x00, 0x00,
    0x00, 0x00, 0xd3, 0xa8, 0xd3, 0xa8, 0xd3, 0xa8, 0xd3, 0xa8, 0xd3, 0xa8,
    0xd3, 0xa8, 0xd3, 0xa8, 0xd3, 0xa8, 0xd3, 0xa8, 0xd3, 0xa8, 0x46, 0xa9,
    0xf0, 0xa8, 0xf0, 0xa8, 0xf0, 0xa8, 0x00, 0x00, 0x00, 0x00, 0x00, 0x00,
    0x00, 0x00, 0x00, 0x00, 0x00, 0x00, 0x00, 0x00, 0x97, 0xa3, 0x97, 0xa3,
    0x97, 0xa3, 0x97, 0xa3, 0x00, 0x00, 0x00, 0x00, 0x00, 0x00, 0x00, 0x00,
    0x82, 0xa8, 0x00, 0x00, 0x4b, 0xa5, 0x00, 0x00, 0x00, 0x00, 0x00, 0x00,
    0x00, 0x00, 0x00, 0x00, 0x00, 0x08, 0x0a, 0x2a, 0x22, 0x0a, 0x02, 0x0a,
    0x00, 0x20, 0xa0, 0xa8, 0x88, 0xa0, 0x80, 0xa0, 0x00, 0x08, 0x0a, 0x2a,
    0x2a, 0x0a, 0x02, 0x0a, 0x00, 0x20, 0xa0, 0xa8, 0xa8, 0xa0, 0x80, 0xa0,
    0x00, 0x08, 0x0a, 0x2a, 0x2a, 0x0a, 0x02, 0x0a, 0x00, 0x20, 0xa0, 0xa8,
    0xa8, 0xa0, 0x80, 0xa0, 0x00, 0x08, 0x0a, 0x2a, 0x22, 0x0a, 0x02, 0x0a,
    0x00, 0x20, 0xa0, 0xa8, 0x88, 0xa0, 0x80, 0xa0, 0x00, 0x08, 0x0a, 0x22,
    0x22, 0x0a, 0x02, 0x0a, 0x00, 0x20, 0xa0, 0x88, 0x88, 0xa0, 0x80, 0xa0,
    0x00, 0x08, 0x0a, 0x22, 0x22, 0x0a, 0x02, 0x0a, 0x00, 0x20, 0xa0, 0x88,
    0x88, 0xa0, 0x80, 0xa0, 0x00, 0x08, 0x0a, 0x22, 0x22, 0x0a, 0x02, 0x0a,
    0x00, 0x20, 0xa0, 0x88, 0x88, 0xa0, 0x80, 0xa0, 0x00, 0x08, 0x0a, 0x22,
    0x22, 0x0a, 0x02, 0x0a, 0x00, 0x20, 0xa0, 0x88, 0x88, 0xa0, 0x80, 0xa0,
    0x23, 0x0e, 0x03, 0x02, 0x07, 0x04, 0x3c, 0x00, 0xc8, 0xb0, 0xc0, 0x80,
    0xd0, 0x10, 0x10, 0x3c, 0x23, 0x0e, 0x03, 0x02, 0x07, 0x04, 0x3c, 0x00,
    0xc8, 0xb0, 0xc0, 0x80, 0xd0, 0x10, 0x10, 0x3c, 0x23, 0x0e, 0x03, 0x02,
    0x07, 0x04, 0x3c, 0x00, 0xc8, 0xb0, 0xc0, 0x80, 0xd0, 0x10, 0x10, 0x3c,
    0x23, 0x0e, 0x03, 0x02, 0x07, 0x04, 0x3c, 0x00, 0xc8, 0xb0, 0xc0, 0x80,
    0xd0, 0x10, 0x10, 0x3c, 0x23, 0x0e, 0x03, 0x02, 0x07, 0x04, 0x04, 0x3c,
    0xc8, 0xb0, 0xc0, 0x80, 0xd0, 0x10, 0x10, 0x3c, 0x23, 0x0e, 0x03, 0x02,
    0x07, 0x04, 0x04, 0x3c, 0xc8, 0xb0, 0xc0, 0x80, 0xd0, 0x10, 0x10, 0x3c,
    0x23, 0x0e, 0x03, 0x02, 0x07, 0x04, 0x04, 0x3c, 0xc8, 0xb0, 0xc0, 0x80,
    0xd0, 0x10, 0x10, 0x3c, 0x23, 0x0e, 0x03, 0x02, 0x07, 0x04, 0x04, 0x3c,
    0xc8, 0xb0, 0xc0, 0x80, 0xd0, 0x10, 0x10, 0x3c, 0x00, 0x02, 0x0a, 0x22,
    0x22, 0x0a, 0x02, 0x02, 0x00, 0x80, 0xa0, 0xa0, 0xa0, 0xa0, 0x80, 0x80,
    0x00, 0x02, 0x0a, 0x22, 0x22, 0x0a, 0x02, 0x02, 0x00, 0x80, 0xa0, 0xa0,
    0xa0, 0xa0, 0x80, 0x80, 0x00, 0x02, 0x0a, 0x22, 0x22, 0x0a, 0x02, 0x02,
    0x00, 0x80, 0xa0, 0xa0, 0xa0, 0xa0, 0x80, 0x80, 0x00, 0x00, 0x02, 0x0a,
    0x22, 0x22, 0x0a, 0x02, 0x00, 0x00, 0x80, 0xa0, 0xa0, 0xa0, 0xa0, 0x80,
    0x00, 0x00, 0x02, 0x0a, 0x22, 0x22, 0x0a, 0x02, 0x00, 0x00, 0x80, 0xa0,
    0xa0, 0xa0, 0xa0, 0x80, 0x00, 0x00, 0x02, 0x0a, 0x22, 0x22, 0x0a, 0x02,
    0x00, 0x00, 0x80, 0xa0, 0xa0, 0xa0, 0xa0, 0x80, 0x00, 0x02, 0x0a, 0x22,
    0x22, 0x0a, 0x02, 0x02, 0x00, 0x80, 0xa0, 0xa0, 0xa0, 0xa0, 0x80, 0x80,
    0x00, 0x02, 0x0a, 0x22, 0x22, 0x0a, 0x02, 0x02, 0x00, 0x80, 0xa0, 0xa0,
    0xa0, 0xa0, 0x80, 0x80, 0x03, 0x0e, 0x03, 0x02, 0x07, 0x10, 0x10, 0xf0,
    0xc0, 0x80, 0xc0, 0x80, 0xd4, 0x03, 0x03, 0x00, 0x03, 0x0e, 0x03, 0x02,
    0x07, 0x10, 0x10, 0xf0, 0xc0, 0x80, 0xc0, 0x80, 0xd4, 0x03, 0x03, 0x00,
    0x03, 0x0e, 0x03, 0x02, 0x07, 0x04, 0x04, 0x3c, 0xc0, 0x80, 0xc0, 0x80,
    0xd0, 0x17, 0x03, 0x00, 0x03, 0x0e, 0x03, 0x02, 0x07, 0x04, 0x04, 0x3c,
    0xc0, 0x80, 0xc0, 0x80, 0xc0, 0x54, 0x1c, 0x0c, 0x03, 0x0e, 0x03, 0x02,
    0x03, 0x01, 0x01, 0x0f, 0xc0, 0x80, 0xc0, 0x80, 0xc0, 0x40, 0x70, 0x30,
    0x03, 0x0e, 0x03, 0x02, 0x03, 0x05, 0x05, 0x03, 0xc0, 0x80, 0xc0, 0x80,
    0xc0, 0x40, 0x40, 0xc0, 0x03, 0x0e, 0x03, 0x02, 0x03, 0x05, 0x05, 0x0f,
    0xc0, 0x80, 0xc0, 0x80, 0xc0, 0x40, 0x40, 0xf0, 0x03, 0x0e, 0x03, 0x02,
    0x07, 0x04, 0x04, 0x3c, 0xc0, 0x80, 0xc0, 0x80, 0xc0, 0x54, 0x1c, 0x0c,
    0x00, 0x02, 0x0a, 0x0a, 0x0a, 0x0a, 0x02, 0x02, 0x00, 0x80, 0xa0, 0x88,
    0x88, 0xa0, 0x80, 0x80, 0x00, 0x02, 0x0a, 0x0a, 0x0a, 0x0a, 0x02, 0x02,
    0x00, 0x80, 0xa0, 0x88, 0x88, 0xa0, 0x80, 0x80, 0x00, 0x02, 0x0a, 0x0a,
    0x0a, 0x0a, 0x02, 0x02, 0x00, 0x80, 0xa0, 0x88, 0x88, 0xa0, 0x80, 0x80,
    0x00, 0x00, 0x02, 0x0a, 0x0a, 0x0a, 0x0a, 0x02, 0x00, 0x00, 0x80, 0xa0,
    0x88, 0x88, 0xa0, 0x80, 0x00, 0x00, 0x02, 0x0a, 0x0a, 0x0a, 0x0a, 0x02,
    0x00, 0x00, 0x80, 0xa0, 0x88, 0x88, 0xa0, 0x80, 0x00, 0x00, 0x02, 0x0a,
    0x0a, 0x0a, 0x0a, 0x02, 0x00, 0x00, 0x80, 0xa0, 0x88, 0x88, 0xa0, 0x80,
    0x00, 0x02, 0x0a, 0x0a, 0x0a, 0x0a, 0x02, 0x02, 0x00, 0x80, 0xa0, 0x88,
    0x88, 0xa0, 0x80, 0x80, 0x00, 0x02, 0x0a, 0x0a, 0x0a, 0x0a, 0x02, 0x02,
    0x00, 0x80, 0xa0, 0x88, 0x88, 0xa0, 0x80, 0x80, 0x03, 0x02, 0x03, 0x02,
    0x17, 0xc0, 0xc0, 0x00, 0xc0, 0xb0, 0xc0, 0x80, 0xd0, 0x04, 0x04, 0x0f,
    0x03, 0x02, 0x03, 0x02, 0x17, 0xc0, 0xc0, 0x00, 0xc0, 0xb0, 0xc0, 0x80,
    0xd0, 0x04, 0x04, 0x0f, 0x03, 0x02, 0x03, 0x02, 0x07, 0xd5, 0xc0, 0x00,
    0xc0, 0xb0, 0xc0, 0x80, 0xd0, 0x10, 0x10, 0x3c, 0x03, 0x02, 0x03, 0x02,
    0x03, 0x15, 0x34, 0x30, 0xc0, 0xb0, 0xc0, 0x80, 0xd0, 0x10, 0x10, 0x3c,
    0x03, 0x02, 0x03, 0x02, 0x03, 0x01, 0x0d, 0x0c, 0xc0, 0xb0, 0xc0, 0x80,
    0xc0, 0x40, 0x40, 0xf0, 0x03, 0x02, 0x03, 0x02, 0x03, 0x01, 0x01, 0x03,
    0xc0, 0xb0, 0xc0, 0x80, 0xc0, 0x50, 0x50, 0xc0, 0x03, 0x02, 0x03, 0x02,
    0x03, 0x01, 0x01, 0x0f, 0xc0, 0xb0, 0xc0, 0x80, 0xc0, 0x50, 0x50, 0xf0,
    0x03, 0x02, 0x03, 0x02, 0x03, 0x15, 0x34, 0x30, 0xc0, 0xb0, 0xc0, 0x80,
    0xd0, 0x10, 0x10, 0x3c, 0x00, 0x00, 0x00, 0x00, 0x00, 0x00, 0x00, 0x00,
    0x55, 0x55, 0x55, 0x55, 0x55, 0x55, 0x55, 0x55, 0xaa, 0xaa, 0xaa, 0xaa,
    0xaa, 0xaa, 0xaa, 0xaa, 0xff, 0xff, 0xff, 0xff, 0xff, 0xff, 0xff, 0xff,
    0x18, 0x3e, 0x60, 0x3c, 0x06, 0x7c, 0x18, 0x00, 0x00, 0x66, 0x6c, 0x18,
    0x30, 0x66, 0x46, 0x00, 0x00, 0xc0, 0xf0, 0xfc, 0xff, 0xff, 0xff, 0xff,
    0xff, 0xff, 0xff, 0xff, 0xff, 0xfc, 0xf0, 0xc0, 0x6f, 0x6f, 0x6f, 0x6f,
    0x6f, 0x6f, 0x6f, 0x6f, 0x00, 0xc0, 0xf0, 0xfc, 0xff, 0xff, 0xff, 0xff,
    0xff, 0xff, 0xff, 0xff, 0xff, 0xfc, 0xf0, 0xc0, 0x7a, 0x6a, 0x1a, 0xaa,
    0xa7, 0xa6, 0xa1, 0xaa, 0x00, 0x00, 0x00, 0x00, 0x00, 0x18, 0x18, 0x30,
    0x00, 0x00, 0x00, 0x00, 0x00, 0x18, 0x18, 0x30, 0x07, 0x7f, 0x3f, 0x07,
    0x07, 0x07, 0xff, 0xff, 0x00, 0x02, 0x06, 0x0c, 0x18, 0x30, 0x60, 0xc0,
    0x00, 0x7c, 0xe6, 0xe6, 0xe6, 0xe6, 0xfe, 0x7c, 0x00, 0x18, 0x38, 0x38,
    0x18, 0x18, 0x7e, 0x7e, 0x00, 0x7c, 0xce, 0x1c, 0x38, 0x70, 0xfe, 0xfe,
    0x00, 0x7e, 0x0c, 0x18, 0x0c, 0xe6, 0xfe, 0x7c, 0x00, 0xc0, 0xc0, 0xdc,
    0xfe, 0x1c, 0x1c, 0x1c, 0x00, 0xfe, 0xe0, 0xfc, 0x06, 0xe6, 0xfe, 0x7c,
    0x00, 0x7c, 0xe0, 0xfc, 0xe6, 0xe6, 0xfe, 0x7c, 0x00, 0xfe, 0x8e, 0x1c,
    0x38, 0x70, 0xe0, 0xe0, 0x00, 0x7c, 0xe6, 0x7c, 0xe6, 0xe6, 0xfe, 0x7c,
    0x00, 0x7c, 0xe6, 0xe6, 0x7e, 0x1c, 0x38, 0x70, 0x00, 0x00, 0x18, 0x18,
    0x00, 0x18, 0x18, 0x00, 0x00, 0x00, 0x18, 0x18, 0x00, 0x18, 0x18, 0x30,
    0xff, 0x00, 0xff, 0x00, 0xff, 0x00, 0xff, 0x00, 0x6f, 0x6a, 0x6a, 0x6e,
    0x6e, 0x6e, 0x6e, 0x6f, 0xff, 0xbb, 0xba, 0xfa, 0xfb, 0xfb, 0xfb, 0xff,
    0xff, 0xfb, 0xeb, 0xab, 0xbb, 0xfb, 0xfb, 0xff, 0x00, 0x00, 0x00, 0x00,
    0x00, 0x00, 0x00, 0x00, 0x00, 0x38, 0x7c, 0xe6, 0xe6, 0xfe, 0xe6, 0xe6,
    0x00, 0xfc, 0xe6, 0xfc, 0xe6, 0xe6, 0xfe, 0xfc, 0x00, 0x7c, 0xe6, 0xe0,
    0xe0, 0xe6, 0xfe, 0x7c, 0x00, 0xf8, 0xec, 0xe6, 0xe6, 0xec, 0xfc, 0xf8,
    0x00, 0xfe, 0xe0, 0xfc, 0xe0, 0xe0, 0xfe, 0xfe, 0x00, 0xfe, 0xe0, 0xfc,
    0xe0, 0xe0, 0xe0, 0xe0, 0x00, 0x7e, 0xe0, 0xe0, 0xee, 0xe6, 0xfe, 0x7e,
    0x00, 0xe6, 0xe6, 0xfe, 0xe6, 0xe6, 0xe6, 0xe6, 0x00, 0x7c, 0x38, 0x38,
    0x38, 0x38, 0x7c, 0x7c, 0x00, 0x06, 0x06, 0x06, 0x06, 0xe6, 0x7e, 0x3c,
    0x00, 0xe6, 0xec, 0xf8, 0xf8, 0xec, 0xe6, 0xe6, 0x00, 0xe0, 0xe0, 0xe0,
    0xe0, 0xe0, 0xfe, 0xfe, 0x00, 0xc6, 0xee, 0xfe, 0xd6, 0xc6, 0xc6, 0xc6,
    0x00, 0xe6, 0xf6, 0xfe, 0xfe, 0xfe, 0xee, 0xe6, 0x00, 0x7c, 0xc6, 0xc6,
    0xc6, 0xc6, 0xfe, 0x7c, 0x00, 0xfc, 0xe6, 0xe6, 0xfe, 0xfc, 0xe0, 0xe0,
    0x00, 0x3c, 0xe6, 0xe6, 0xe6, 0xec, 0x7e, 0x36, 0x00, 0xfc, 0xe6, 0xe6,
    0xfc, 0xfc, 0xe6, 0xe6, 0x00, 0x7c, 0xe0, 0x7c, 0x06, 0x06, 0xfe, 0xfc,
    0x00, 0xfe, 0x38, 0x38, 0x38, 0x38, 0x38, 0x38, 0x00, 0xe6, 0xe6, 0xe6,
    0xe6, 0xe6, 0xfe, 0xfe, 0x00, 0xe6, 0xe6, 0xe6, 0xe6, 0xfe, 0x7c, 0x38,
    0x00, 0xc6, 0xc6, 0xd6, 0xfe, 0xfe, 0xee, 0xc6, 0x00, 0xe6, 0xe6, 0x3c,
    0x3c, 0xe6, 0xe6, 0xe6, 0x00, 0xc6, 0xc6, 0x7c, 0x38, 0x38, 0x38, 0x38,
    0x00, 0xfe, 0x1c, 0x38, 0x70, 0xe0, 0xfe, 0xfe, 0x00, 0x0c, 0x18, 0x18,
    0x18, 0x18, 0x18, 0x0c, 0x00, 0x10, 0x28, 0x7c, 0x82, 0x7c, 0x28, 0x10,
    0x00, 0x30, 0x18, 0x18, 0x18, 0x18, 0x18, 0x30, 0x00, 0x24, 0x3c, 0x5a,
    0x5a, 0x3c, 0x18, 0x3c, 0x00, 0x00, 0x00, 0x00, 0x00, 0x00, 0xff, 0x00,
    0x00, 0x00, 0x08, 0x03, 0x03, 0x03, 0x09, 0x00, 0x00, 0x00, 0x00, 0x00,
    0x00, 0x00, 0x00, 0x00, 0x00, 0x00, 0x08, 0x03, 0x00, 0x00, 0x08, 0x00,
    0x08, 0x03, 0x03, 0x03, 0x00, 0x08, 0x03, 0x00, 0x08, 0x00, 0x08, 0x03,
    0x00, 0x00, 0x00, 0x08, 0x03, 0x03, 0x09, 0x00, 0x08, 0x03, 0x03, 0x03,
    0x00, 0x08, 0x03, 0x03, 0x09, 0x00, 0x00, 0x00, 0x00, 0x00, 0x08, 0x03,
    0x03, 0x03, 0x0a, 0x00, 0x08, 0x03, 0x00, 0x08, 0x00, 0x08, 0x03, 0x00,
    0x08, 0x00, 0x08, 0x03, 0x00, 0x00, 0x00, 0x08, 0x03, 0x00, 0x08, 0x00,
    0x08, 0x03, 0x00, 0x00, 0x00, 0x08, 0x03, 0x00, 0x08, 0x00, 0x00, 0x00,
    0x00, 0x00, 0x08, 0x03, 0x03, 0x03, 0x09, 0x00, 0x08, 0x03, 0x00, 0x08,
    0x00, 0x08, 0x03, 0x00, 0x08, 0x00, 0x08, 0x03, 0x00, 0x00, 0x00, 0x08,
    0x03, 0x00, 0x08, 0x00, 0x08, 0x03, 0x03, 0x00, 0x00, 0x08, 0x03, 0x03,
    0x0a, 0x00, 0x00, 0x00, 0x00, 0x00, 0x08, 0x03, 0x00, 0x00, 0x08, 0x00,
    0x08, 0x03, 0x00, 0x08, 0x00, 0x08, 0x03, 0x00, 0x08, 0x00, 0x08, 0x03,
    0x00, 0x00, 0x00, 0x08, 0x03, 0x00, 0x08, 0x00, 0x08, 0x03, 0x00, 0x00,
    0x00, 0x08, 0x03, 0x03, 0x09, 0x00, 0x00, 0x00, 0x00, 0x00, 0x08, 0x03,
    0x03, 0x03, 0x03, 0x00, 0x08, 0x03, 0x03, 0x03, 0x00, 0x08, 0x03, 0x03,
    0x03, 0x00, 0x08, 0x03, 0x03, 0x03, 0x00, 0x08, 0x03, 0x03, 0x03, 0x00,
    0x08, 0x03, 0x03, 0x03, 0x00, 0x08, 0x03, 0x00, 0x08, 0x00, 0x00, 0x00,
    0x00, 0x00, 0x08, 0x03, 0x03, 0x03, 0x0a, 0x00, 0x08, 0x03, 0x03, 0x03,
    0x00, 0x08, 0x03, 0x03, 0x03, 0x00, 0x08, 0x03, 0x03, 0x03, 0x00, 0x08,
    0x03, 0x03, 0x0a, 0x00, 0x08, 0x03, 0x03, 0x03, 0x00, 0x08, 0x03, 0x00,
    0x08, 0x00, 0x00, 0x00, 0x00, 0x00, 0x00, 0x00, 0x00, 0x00, 0x00, 0x08,
    0x03, 0x03, 0x03, 0x09, 0x00, 0x00, 0x00, 0x00, 0x00, 0x00, 0x00, 0x00,
    0x00, 0x00, 0x00, 0x08, 0x03, 0x00, 0x00, 0x08, 0x00, 0x00, 0x08, 0x03,
    0x09, 0x00, 0x08, 0x03, 0x03, 0x03, 0x00, 0x08, 0x03, 0x00, 0x00, 0x08,
    0x00, 0x1d, 0x1e, 0x1f, 0x00, 0x00, 0x00, 0x00, 0x00, 0x00, 0x00, 0x00,
    0x00, 0x00, 0x00, 0x00, 0x00, 0x00, 0x00, 0x08, 0x03, 0x00, 0x00, 0x08,
    0x00, 0x08, 0x03, 0x00, 0x08, 0x00, 0x08, 0x03, 0x00, 0x00, 0x00, 0x08,
    0x03, 0x00, 0x00, 0x08, 0x00, 0x00, 0x00, 0x00, 0x00, 0x00, 0x00, 0x00,
    0x00, 0x00, 0x00, 0x00, 0x00, 0x00, 0x00, 0x00, 0x00, 0x00, 0x00, 0x08,
    0x03, 0x00, 0x00, 0x08, 0x00, 0x08, 0x03, 0x03, 0x03, 0x00, 0x08, 0x03,
    0x03, 0x03, 0x00, 0x08, 0x03, 0x03, 0x03, 0x03, 0x00, 0x00, 0x00, 0x00,
    0x00, 0x00, 0x00, 0x00, 0x00, 0x00, 0x00, 0x00, 0x00, 0x00, 0x00, 0x00,
    0x00, 0x00, 0x00, 0x08, 0x03, 0x00, 0x00, 0x08, 0x00, 0x08, 0x03, 0x00,
    0x08, 0x00, 0x00, 0x00, 0x08, 0x03, 0x00, 0x08, 0x03, 0x00, 0x00, 0x08,
    0x00, 0x00, 0x00, 0x00, 0x00, 0x00, 0x00, 0x00, 0x00, 0x00, 0x00, 0x00,
    0x00, 0x00, 0x00, 0x00, 0x00, 0x00, 0x00, 0x08, 0x03, 0x03, 0x03, 0x03,
    0x00, 0x08, 0x03, 0x00, 0x08, 0x00, 0x08, 0x03, 0x03, 0x03, 0x00, 0x08,
    0x03, 0x00, 0x00, 0x08, 0x00, 0x00, 0x00, 0x00, 0x00, 0x00, 0x00, 0x00,
    0x00, 0x00, 0x00, 0x00, 0x00, 0x00, 0x00, 0x00, 0x00, 0x00, 0x00, 0x08,
    0x03, 0x03, 0x03, 0x0a, 0x00, 0x08, 0x03, 0x00, 0x08, 0x00, 0x08, 0x03,
    0x03, 0x03, 0x00, 0x08, 0x03, 0x00, 0x00, 0x08, 0x00, 0x00, 0x00, 0x00,
    0x00, 0x00, 0x00, 0x00, 0x00, 0x00, 0x00, 0x00, 0x16, 0x22, 0x1d, 0x26,
    0x22, 0x29, 0x25, 0x2e, 0x14, 0x24, 0x1f, 0x27, 0x20, 0x29, 0x27, 0x30,
    0x12, 0x2a, 0x12, 0x2c, 0x1e, 0x2e, 0x12, 0x31, 0x20, 0x2c, 0x33, 0x37,
    0x21, 0x2d, 0x31, 0x35, 0x16, 0x22, 0x16, 0x2e, 0x16, 0x1d, 0x16, 0x24,
    0x14, 0x20, 0x14, 0x30, 0x14, 0x24, 0x14, 0x20, 0x16, 0x22, 0x16, 0x2e,
    0x16, 0x1d, 0x16, 0x24, 0x1e, 0x2a, 0x1e, 0x3a, 0x1e, 0x2e, 0x1e, 0x2a,
    0x14, 0x20, 0x14, 0x2c, 0x14, 0x1b, 0x14, 0x22, 0x1c, 0x28, 0x1c, 0x38,
    0x1c, 0x2c, 0x1c, 0x28, 0x11, 0x1d, 0x29, 0x2d, 0x11, 0x1f, 0x29, 0x2e,
    0x0f, 0x27, 0x0f, 0x27, 0x16, 0x33, 0x16, 0x27, 0x16, 0x2e, 0x16, 0x2e,
    0x16, 0x2e, 0x16, 0x2e, 0x22, 0x2e, 0x22, 0x2e, 0x16, 0x2e, 0x16, 0x2e,
    0x14, 0x2e, 0x14, 0x2e, 0x14, 0x2e, 0x14, 0x2e, 0x20, 0x2e, 0x20, 0x2e,
    0x14, 0x2e, 0x14, 0x2e, 0x16, 0x2e, 0x32, 0x2e, 0x16, 0x2e, 0x33, 0x2e,
    0x22, 0x2e, 0x32, 0x2e, 0x16, 0x2e, 0x33, 0x2e, 0x14, 0x2e, 0x32, 0x2e,
    0x14, 0x2e, 0x33, 0x2e, 0x20, 0x2c, 0x30, 0x2c, 0x14, 0x2c, 0x31, 0x2c,
    0x16, 0x2e, 0x16, 0x3a, 0x16, 0x2e, 0x35, 0x38, 0x22, 0x2e, 0x22, 0x37,
    0x16, 0x2e, 0x31, 0x35, 0x14, 0x2c, 0x14, 0x38, 0x14, 0x2c, 0x14, 0x38,
    0x20, 0x2c, 0x20, 0x33, 0x14, 0x2c, 0x14, 0x38, 0x16, 0x2e, 0x32, 0x2e,
    0x16, 0x2e, 0x33, 0x2e, 0x22, 0x2e, 0x32, 0x2e, 0x16, 0x2e, 0x33, 0x2e,
    0x14, 0x2e, 0x32, 0x2e, 0x14, 0x2e, 0x33, 0x2e, 0x20, 0x2c, 0x30, 0x2c,
    0x14, 0x2c, 0x31, 0x2c, 0x2e, 0x32, 0x29, 0x2e, 0x26, 0x29, 0x22, 0x26,
    0x2c, 0x30, 0x27, 0x2c, 0x24, 0x27, 0x14, 0x20, 0x35, 0x32, 0x32, 0x2e,
    0x2e, 0x29, 0x29, 0x26, 0x27, 0x30, 0x24, 0x2c, 0x20, 0x27, 0x14, 0x20,
    0x00, 0x3c, 0x60, 0x3c, 0x06, 0x06, 0x3c, 0x00, 0x00, 0x63, 0x77, 0x7f,
    0x6b, 0x63, 0x63, 0x00, 0x3f, 0x2f, 0x2a, 0x00, 0xf3, 0xf2, 0xa2, 0x00,
    0x3f, 0x2f, 0x2a, 0x00, 0xf3, 0xf2, 0xa2, 0x00, 0x00, 0x00, 0x00, 0x00,
    0x00, 0x0c, 0x30, 0x03, 0x00, 0x00, 0x00, 0x00, 0x30, 0x00, 0xc0, 0x0c,
    0x00, 0xcc, 0x00, 0x0c, 0x30, 0x00, 0xc0, 0x00, 0xc0, 0x0c, 0x00, 0xcc,
    0x00, 0x30, 0x03, 0x00, 0x01, 0x33, 0x04, 0x0c, 0x02, 0x00, 0x48, 0xc0,
    0x40, 0x00, 0x13, 0xb0, 0x04, 0x0c, 0x21, 0x03, 0x01, 0x03, 0x04, 0x0c,
    0x12, 0x30, 0x4b, 0xd2, 0x40, 0xc0, 0x10, 0xb0, 0x04, 0xcc, 0x61, 0x8b,
    0x01, 0x03, 0x06, 0x0e, 0x17, 0x3b, 0x6d, 0xfb, 0x40, 0xc0, 0x50, 0xb0,
    0xe4, 0xac, 0x7d, 0xe7, 0xaa, 0xaa, 0x82, 0xa2, 0xb2, 0xaa, 0xaa, 0xaa,
    0xaa, 0xaa, 0x82, 0xa2, 0xb2, 0xaa, 0xaa, 0xaa, 0x00, 0x66, 0x66, 0x3c,
    0x18, 0x18, 0x18, 0x00, 0x00, 0x00, 0x00, 0x00, 0x00, 0x00, 0x00, 0x00,
    0x3f, 0x2f, 0x2a, 0x00, 0xf3, 0xf2, 0xa2, 0x00, 0x3f, 0x2f, 0x2a, 0x00,
    0xf3, 0xf2, 0xa2, 0x00, 0x00, 0x0c, 0x30, 0x03, 0x00, 0x00, 0x00, 0x00,
    0xc0, 0x00, 0x30, 0xc0, 0x00, 0x00, 0x00, 0x00, 0x00, 0xc0, 0x00, 0x30,
    0x03, 0xc0, 0x0c, 0x00, 0x00, 0x0c, 0x00, 0xc3, 0x00, 0x0c, 0x00, 0x00,
    0x40, 0xc8, 0x00, 0x32, 0x04, 0x0c, 0x31, 0x03, 0x02, 0x03, 0x28, 0x0c,
    0x60, 0x03, 0x80, 0xc0, 0x43, 0xc8, 0x14, 0x32, 0x07, 0x0c, 0x01, 0x03,
    0x16, 0x83, 0x38, 0x8c, 0x20, 0x70, 0x80, 0xc0, 0x6b, 0xed, 0x1b, 0x39,
    0x07, 0x0e, 0x01, 0x03, 0xb6, 0xd7, 0x78, 0x9c, 0xe0, 0x70, 0x80, 0xc0,
    0xaa, 0xaa, 0x82, 0xa2, 0xb2, 0xaa, 0xaa, 0xaa, 0xaa, 0xaa, 0x82, 0xa2,
    0xb2, 0xaa, 0xaa, 0xaa, 0x3f, 0x2f, 0x2a, 0x00, 0xf3, 0xf2, 0xa2, 0x00,
    0x3f, 0x2f, 0x2a, 0x00, 0xf3, 0xf2, 0xa2, 0x00, 0x00, 0x08, 0x0a, 0x22,
    0x22, 0x0a, 0x02, 0x0a, 0x00, 0x20, 0xa0, 0x88, 0x88, 0xa0, 0x80, 0xa0,
    0x0f, 0x3b, 0xde, 0xb6, 0xa9, 0x9a, 0xa5, 0xaa, 0xc0, 0x70, 0xfc, 0x7f,
    0xbf, 0x9b, 0xaf, 0x9b, 0x04, 0x50, 0x19, 0x51, 0x45, 0x24, 0x96, 0x45,
    0x11, 0x41, 0x18, 0x51, 0x45, 0x64, 0x85, 0x58, 0x01, 0x03, 0x04, 0x0c,
    0x10, 0x30, 0x40, 0xc0, 0x40, 0xc0, 0x10, 0x30, 0x04, 0x0c, 0x01, 0x03,
    0xaa, 0xaa, 0x82, 0xa2, 0xb2, 0xaa, 0xaa, 0xaa, 0xaa, 0xaa, 0x82, 0xa2,
    0xb2, 0xaa, 0xaa, 0xaa, 0xf0, 0x3f, 0xfb, 0xfb, 0xff, 0x3c, 0x0f, 0x0a,
    0x0f, 0xfc, 0xef, 0xef, 0xff, 0x3c, 0x30, 0xa0, 0x3f, 0x2f, 0x2a, 0x00,
    0xf3, 0xf2, 0xa2, 0x00, 0x3f, 0x2f, 0x2a, 0x00, 0xf3, 0xf2, 0xa2, 0x00,
    0x00, 0x00, 0x00, 0x00, 0x0a, 0x0a, 0x0b, 0x0b, 0x00, 0x00, 0x30, 0x03,
    0x31, 0x18, 0x20, 0xd2, 0x23, 0x32, 0x03, 0x02, 0x07, 0x04, 0x04, 0x3c,
    0xc8, 0x8c, 0xc0, 0x80, 0xd0, 0x10, 0x10, 0x3c, 0x8a, 0xa2, 0x8a, 0xa2,
    0xa8, 0x2a, 0x08, 0x02, 0xa9, 0x99, 0xaa, 0xaa, 0xa8, 0xa8, 0x60, 0x80,
    0x15, 0x61, 0x64, 0x25, 0x44, 0x50, 0x46, 0x10, 0x95, 0x58, 0x91, 0x19,
    0x44, 0x51, 0x10, 0x44, 0x40, 0xc0, 0x10, 0x30, 0x04, 0x0c, 0x01, 0x03,
    0x02, 0x03, 0x08, 0x0c, 0x20, 0x30, 0x80, 0xc0, 0xaa, 0xaa, 0x82, 0xa2,
    0xb2, 0xaa, 0xaa, 0xaa, 0xaa, 0xaa, 0x82, 0xa2, 0xb2, 0xaa, 0xaa, 0xaa,
    0x5a, 0x4a, 0x0a, 0x3f, 0x3c, 0x30, 0xf0, 0x00, 0xa4, 0xa1, 0xa4, 0xfc,
    0x3c, 0x0c, 0x0c, 0x0f, 0x3f, 0x2f, 0x2a, 0x00, 0xf3, 0xf2, 0xa2, 0x00,
    0x3f, 0x2f, 0x2a, 0x00, 0xf3, 0xf2, 0xa2, 0x00, 0x00, 0x00, 0x00, 0x00,
    0x00, 0x00, 0x00, 0x00, 0x00, 0x00, 0x00, 0x00, 0x00, 0x00, 0x00, 0x00,
    0xaa, 0x80, 0x80, 0x80, 0x80, 0x80, 0x80, 0x80, 0xaa, 0x02, 0x02, 0x02,
    0x02, 0x02, 0x02, 0x02, 0xff, 0xef, 0xea, 0xc0, 0xf3, 0xf3, 0xa3, 0x03,
    0x3f, 0x3f, 0x3a, 0x30, 0xff, 0xfe, 0xae, 0x0c, 0x00, 0x00, 0x00, 0x00,
    0x00, 0x0c, 0x30, 0x03, 0x00, 0x00, 0x00, 0x00, 0x30, 0x00, 0xc0, 0x0c,
    0x00, 0x00, 0x00, 0x00, 0x03, 0x34, 0x10, 0x31, 0x00, 0x00, 0x00, 0x30,
    0x10, 0x0c, 0x74, 0x04, 0x00, 0x00, 0x30, 0x03, 0x31, 0x18, 0x20, 0xd2,
    0x00, 0x00, 0xcc, 0x20, 0x1c, 0x04, 0x98, 0x08, 0xff, 0xef, 0xea, 0xc0,
    0xf3, 0xf3, 0xa3, 0x03, 0x3f, 0x3f, 0x3a, 0x30, 0xff, 0xfe, 0xae, 0x0c,
    0x3f, 0x2f, 0x2e, 0x0c, 0xf3, 0xf2, 0xb2, 0x30, 0x3f, 0x2f, 0x2b, 0x03,
    0xf3, 0xf2, 0xe2, 0xc0, 0x00, 0x00, 0x00, 0x00, 0x00, 0x00, 0x00, 0x00,
    0x00, 0x00, 0x00, 0x00, 0x00, 0x00, 0x00, 0x00, 0x80, 0x80, 0x80, 0x80,
    0x80, 0x80, 0x80, 0xaa, 0x02, 0x02, 0x02, 0x02, 0x02, 0x02, 0x02, 0xaa,
    0x7c, 0x7c, 0x7c, 0x7c, 0x2f, 0x00, 0x00, 0x00, 0x7c, 0x7c, 0x7c, 0x7c,
    0xff, 0x7c, 0x7c, 0x7c, 0x00, 0x0c, 0x30, 0x03, 0x00, 0x00, 0x00, 0x00,
    0xc0, 0x00, 0x30, 0xc0, 0x00, 0x00, 0x00, 0x00, 0x00, 0x34, 0x11, 0x0d,
    0x0c, 0x00, 0x00, 0x00, 0x70, 0x40, 0x10, 0x4c, 0xc0, 0x00, 0x00, 0x00,
    0x00, 0xd8, 0x22, 0x06, 0xc4, 0x03, 0x30, 0x00, 0x50, 0x4c, 0x10, 0x44,
    0x4c, 0xc0, 0x00, 0x00, 0xaa, 0xaa, 0x82, 0xa2, 0xb2, 0xaa, 0xaa, 0xaa,
    0x00, 0xf0, 0x00, 0x00, 0x00, 0x0f, 0x00, 0x00, 0x00, 0x00, 0x00, 0x00,
    0x00, 0x00, 0x00, 0x00, 0x00, 0x00, 0x00, 0x00, 0x00, 0x00, 0x00, 0x00,
    0xff, 0xff, 0xbf, 0x2f, 0x2f, 0x2f, 0xbf, 0xff, 0xbf, 0xff, 0xff, 0xfe,
    0xfe, 0xfe, 0xff, 0xff, 0xff, 0xff, 0xbf, 0x2f, 0x2f, 0x2f, 0xbf, 0xff,
    0xbf, 0xff, 0xff, 0xfe, 0xfe, 0xfe, 0xff, 0xff, 0xfe, 0xff, 0xff, 0xbf,
    0x2f, 0xbf, 0xff, 0xff, 0x2f, 0xbf, 0xfe, 0xf8, 0xe8, 0xf8, 0xfe, 0xff,
    0xfe, 0xff, 0xff, 0xbf, 0x2f, 0xbf, 0xff, 0xff, 0x2f, 0xbf, 0xfe, 0xf8,
    0xe8, 0xf8, 0xfe, 0xff, 0xf8, 0xfe, 0xff, 0xff, 0xbf, 0xff, 0xff, 0xff,
    0x0b, 0x2f, 0xbf, 0xfe, 0xf8, 0xfe, 0xff, 0xff, 0xf8, 0xfe, 0xff, 0xff,
    0xbf, 0xff, 0xff, 0xff, 0x0b, 0x2f, 0xbf, 0xfe, 0xf8, 0xfe, 0xff, 0xff,
    0xfe, 0xff, 0xff, 0xbf, 0x2f, 0xbf, 0xff, 0xff, 0x2f, 0xbf, 0xff, 0xff,
    0xfe, 0xff, 0xff, 0xff, 0xfe, 0xff, 0xff, 0xbf, 0x2f, 0xbf, 0xff, 0xff,
    0x2f, 0xbf, 0xff, 0xff, 0xfe, 0xff, 0xff, 0xff, 0xff, 0xbf, 0x2f, 0x2f,
    0x2f, 0xbf, 0xff, 0xff, 0xff, 0xfe, 0xf8, 0xf8, 0xf8, 0xfe, 0xff, 0xff,
    0xff, 0xbf, 0x2f, 0x2f, 0x2f, 0xbf, 0xff, 0xff, 0xff, 0xfe, 0xf8, 0xf8,
    0xf8, 0xfe, 0xff, 0xff, 0xff, 0xff, 0xbf, 0x2f, 0xbf, 0xff, 0xff, 0xfe,
    0xff, 0xff, 0xfe, 0xf8, 0xfe, 0xff, 0xbf, 0x2f, 0xff, 0xff, 0xbf, 0x2f,
    0xbf, 0xff, 0xff, 0xfe, 0xff, 0xff, 0xfe, 0xf8, 0xfe, 0xff, 0xbf, 0x2f,
    0xff, 0xff, 0xff, 0xff, 0xff, 0xff, 0xfe, 0xf8, 0xff, 0xff, 0xff, 0xff,
    0xff, 0xbf, 0x2f, 0x0b, 0xff, 0xff, 0xff, 0xff, 0xff, 0xff, 0xfe, 0xf8,
    0xff, 0xff, 0xff, 0xff, 0xff, 0xbf, 0x2f, 0x0b, 0xff, 0xff, 0xaf, 0x2f,
    0xaf, 0xff, 0xff, 0xfe, 0xff, 0xff, 0xfe, 0xf8, 0xfe, 0xff, 0xbf, 0x2f,
    0xff, 0xff, 0xaf, 0x2f, 0xaf, 0xff, 0xff, 0xfe, 0xff, 0xff, 0xfe, 0xf8,
    0xfe, 0xff, 0xbf, 0x2f, 0xaa, 0xaa, 0x80, 0x80, 0x8a, 0x8a, 0x8b, 0x8b,
    0xaa, 0xaa, 0x02, 0x02, 0xa2, 0xa2, 0xe2, 0xe2, 0xaa, 0xaa, 0x80, 0x80,
    0x8a, 0x8a, 0x8b, 0x8b, 0xaa, 0xaa, 0x02, 0x02, 0xa2, 0xa2, 0xe2, 0xe2,
    0x00, 0x00, 0x2a, 0x2a, 0x2f, 0x2f, 0x2e, 0x2e, 0x00, 0x00, 0xa8, 0xa8,
    0xf8, 0xf8, 0xb8, 0xb8, 0x00, 0x00, 0x2a, 0x2a, 0x2f, 0x2f, 0x2e, 0x2e,
    0x00, 0x00, 0xa8, 0xa8, 0xf8, 0xf8, 0xb8, 0xb8, 0xaa, 0xaa, 0xbf, 0xbf,
    0xba, 0xba, 0xb8, 0xb8, 0xaa, 0xaa, 0xfe, 0xfe, 0xae, 0xae, 0x2e, 0x2e,
    0xaa, 0xaa, 0xbf, 0xbf, 0xba, 0xba, 0xb8, 0xb8, 0xaa, 0xaa, 0xfe, 0xfe,
    0xae, 0xae, 0x2e, 0x2e, 0xff, 0xff, 0xea, 0xea, 0xe0, 0xe0, 0xe2, 0xe2,
    0xff, 0xff, 0xab, 0xab, 0x0b, 0x0b, 0x8b, 0x8b, 0xff, 0xff, 0xea, 0xea,
    0xe0, 0xe0, 0xe2, 0xe2, 0xff, 0xff, 0xab, 0xab, 0x0b, 0x0b, 0x8b, 0x8b,
    0x8b, 0x8b, 0x8a, 0x8a, 0x80, 0x80, 0xaa, 0xaa, 0xe2, 0xe2, 0xa2, 0xa2,
    0x02, 0x02, 0xaa, 0xaa, 0x8b, 0x8b, 0x8a, 0x8a, 0x80, 0x80, 0xaa, 0xaa,
    0xe2, 0xe2, 0xa2, 0xa2, 0x02, 0x02, 0xaa, 0xaa, 0x2e, 0x2e, 0x2f, 0x2f,
    0x2a, 0x2a, 0x00, 0x00, 0xb8, 0xb8, 0xf8, 0xf8, 0xa8, 0xa8, 0x00, 0x00,
    0x2e, 0x2e, 0x2f, 0x2f, 0x2a, 0x2a, 0x00, 0x00, 0xb8, 0xb8, 0xf8, 0xf8,
    0xa8, 0xa8, 0x00, 0x00, 0xb8, 0xb8, 0xba, 0xba, 0xbf, 0xbf, 0xaa, 0xaa,
    0x2e, 0x2e, 0xae, 0xae, 0xfe, 0xfe, 0xaa, 0xaa, 0xb8, 0xb8, 0xba, 0xba,
    0xbf, 0xbf, 0xaa, 0xaa, 0x2e, 0x2e, 0xae, 0xae, 0xfe, 0xfe, 0xaa, 0xaa,
    0xe2, 0xe2, 0xe0, 0xe0, 0xea, 0xea, 0xff, 0xff, 0x8b, 0x8b, 0x0b, 0x0b,
    0xab, 0xab, 0xff, 0xff, 0xe2, 0xe2, 0xe0, 0xe0, 0xea, 0xea, 0xff, 0xff,
    0x8b, 0x8b, 0x0b, 0x0b, 0xab, 0xab, 0xff, 0xff, 0x02, 0x01, 0x0b, 0x07,
    0x2a, 0x15, 0x80, 0x40, 0xc0, 0x80, 0xf0, 0xe0, 0xac, 0x58, 0x03, 0x02,
    0x02, 0x01, 0x0b, 0x06, 0x25, 0x10, 0x80, 0x55, 0xc0, 0x80, 0xf0, 0xa0,
    0x5c, 0x08, 0x03, 0x56, 0x02, 0x01, 0x0a, 0x05, 0x20, 0x10, 0x95, 0x6a,
    0xc0, 0x80, 0xb0, 0x60, 0x0c, 0x08, 0x57, 0xaa, 0x02, 0x01, 0x09, 0x04,
    0x20, 0x15, 0xaa, 0x7f, 0xc0, 0x80, 0x70, 0x20, 0x0c, 0x58, 0xab, 0xfe,
    0x02, 0x01, 0x08, 0x04, 0x25, 0x1a, 0xbf, 0x7f, 0xc0, 0x80, 0x30, 0x20,
    0x5c, 0xa8, 0xff, 0xfe, 0x02, 0x01, 0x08, 0x05, 0x2a, 0x1f, 0xbf, 0x6a,
    0xc0, 0x80, 0x30, 0x60, 0xac, 0xf8, 0xff, 0xaa, 0x02, 0x01, 0x09, 0x06,
    0x2f, 0x1f, 0xaa, 0x55, 0xc0, 0x80, 0x70, 0xa0, 0xfc, 0xf8, 0xab, 0x56,
    0x02, 0x01, 0x0a, 0x07, 0x2f, 0x1a, 0x95, 0x40, 0xc0, 0x80, 0xb0, 0xe0,
    0xfc, 0xa8, 0x57, 0x02, 0x95, 0x6a, 0x2f, 0x1f, 0x0a, 0x05, 0x01, 0x01,
    0x57, 0xaa, 0xfc, 0xf8, 0xb0, 0x60, 0x80, 0x40, 0xaa, 0x7f, 0x2f, 0x1a,
    0x09, 0x04, 0x01, 0x01, 0xab, 0xfe, 0xfc, 0xa8, 0x70, 0x20, 0x80, 0x40,
    0xbf, 0x7f, 0x2a, 0x15, 0x08, 0x04, 0x01, 0x01, 0xff, 0xfe, 0xac, 0x58,
    0x30, 0x20, 0x80, 0x40, 0xbf, 0x6a, 0x25, 0x10, 0x08, 0x05, 0x01, 0x01,
    0xff, 0xaa, 0x5c, 0x08, 0x30, 0x60, 0x80, 0x40, 0xaa, 0x55, 0x20, 0x10,
    0x09, 0x06, 0x01, 0x01, 0xab, 0x56, 0x0c, 0x08, 0x70, 0xa0, 0x80, 0x40,
    0x95, 0x40, 0x20, 0x15, 0x0a, 0x07, 0x01, 0x01, 0x57, 0x02, 0x0c, 0x58,
    0xb0, 0xe0, 0x80, 0x40, 0x80, 0x40, 0x25, 0x1a, 0x0b, 0x07, 0x01, 0x01,
    0x03, 0x02, 0x5c, 0xa8, 0xf0, 0xe0, 0x80, 0x40, 0x80, 0x55, 0x2a, 0x1f,
    0x0b, 0x06, 0x01, 0x01, 0x03, 0x56, 0xac, 0xf8, 0xf0, 0xa0, 0x80, 0x40,
    0xc0, 0x80, 0xf0, 0xe0, 0xac, 0x58, 0x03, 0x02, 0x02, 0x01, 0x0b, 0x07,
    0x2a, 0x15, 0x80, 0x40, 0xc0, 0x80, 0xf0, 0xe0, 0xac, 0x58, 0x03, 0x02,
    0x02, 0x01, 0x0b, 0x07, 0x2a, 0x15, 0x80, 0x40, 0x30, 0x30, 0x20, 0x20,
    0x2c, 0x18, 0x03, 0x02, 0x08, 0x08, 0x04, 0x04, 0x28, 0x14, 0x80, 0x40,
    0x0c, 0x08, 0x0c, 0x08, 0x08, 0x04, 0x03, 0x02, 0x20, 0x10, 0x20, 0x10,
    0x20, 0x10, 0x80, 0x40, 0x0c, 0x08, 0x0c, 0x08, 0x08, 0x04, 0x03, 0x02,
    0x20, 0x10, 0x20, 0x10, 0x20, 0x10, 0x80, 0x40, 0x30, 0x30, 0x20, 0x20,
    0x2c, 0x18, 0x03, 0x02, 0x08, 0x08, 0x04, 0x04, 0x28, 0x14, 0x80, 0x40,
    0xc0, 0x80, 0xf0, 0xe0, 0xac, 0x58, 0x03, 0x02, 0x02, 0x01, 0x0b, 0x07,
    0x2a, 0x15, 0x80, 0x40, 0xc0, 0x80, 0xf0, 0xe0, 0xac, 0x58, 0x03, 0x02,
    0x02, 0x01, 0x0b, 0x07, 0x2a, 0x15, 0x80, 0x40, 0x57, 0xaa, 0xfc, 0xf8,
    0xb0, 0x60, 0x80, 0x40, 0x95, 0x6a, 0x2f, 0x1f, 0x0a, 0x05, 0x01, 0x01,
    0x57, 0xaa, 0xfc, 0xf8, 0xb0, 0x60, 0x80, 0x40, 0x95, 0x6a, 0x2f, 0x1f,
    0x0a, 0x05, 0x01, 0x01, 0x17, 0x2a, 0x3c, 0x38, 0x30, 0x20, 0x20, 0x10,
    0x94, 0x68, 0x2c, 0x1c, 0x08, 0x04, 0x08, 0x04, 0x03, 0x02, 0x08, 0x04,
    0x08, 0x04, 0x08, 0x04, 0x80, 0x40, 0x20, 0x10, 0x20, 0x10, 0x20, 0x10,
    0x03, 0x02, 0x08, 0x04, 0x08, 0x04, 0x08, 0x04, 0x80, 0x40, 0x20, 0x10,
    0x20, 0x10, 0x20, 0x10, 0x17, 0x2a, 0x3c, 0x38, 0x30, 0x20, 0x20, 0x10,
    0x94, 0x68, 0x2c, 0x1c, 0x08, 0x04, 0x08, 0x04, 0x57, 0xaa, 0xfc, 0xf8,
    0xb0, 0x60, 0x80, 0x40, 0x95, 0x6a, 0x2f, 0x1f, 0x0a, 0x05, 0x01, 0x01,
    0x57, 0xaa, 0xfc, 0xf8, 0xb0, 0x60, 0x80, 0x40, 0x95, 0x6a, 0x2f, 0x1f,
    0x0a, 0x05, 0x01, 0x01, 0x00, 0x00, 0x00, 0x00, 0x00, 0x00, 0x00, 0x00,
    0x00, 0x00, 0x00, 0x00, 0x00, 0x00, 0x00, 0x00, 0x00, 0x00, 0x00, 0x0f,
    0xc0, 0x00, 0x00, 0x00, 0x00, 0x00, 0x00, 0x00, 0x00, 0x00, 0x00, 0x00,
    0x00, 0x00, 0x00, 0x00, 0x00, 0x00, 0x00, 0x00, 0x00, 0x00, 0x00, 0x00,
    0x00, 0x00, 0x00, 0x00, 0x00, 0x00, 0x00, 0x00, 0x00, 0x00, 0x00, 0x00,
    0x00, 0x00, 0x00, 0x0f, 0xc0, 0x00, 0x00, 0x01, 0x55, 0x45, 0x45, 0x55,
    0x40, 0x55, 0x15, 0x55, 0x51, 0x55, 0x55, 0x55, 0x55, 0x55, 0x55, 0x55,
    0x00, 0x00, 0x00, 0x00, 0x00, 0x00, 0x00, 0x00, 0x00, 0x00, 0x00, 0x00,
    0x00, 0x00, 0x00, 0x00, 0x00, 0x00, 0x00, 0x3f, 0xc0, 0x00, 0x00, 0x01,
    0x55, 0x45, 0x45, 0x55, 0x51, 0x55, 0x15, 0x55, 0x51, 0x55, 0x55, 0x55,
    0x55, 0x55, 0x55, 0x55, 0x00, 0x00, 0x00, 0x00, 0x00, 0x00, 0x00, 0x00,
    0x00, 0x00, 0x00, 0x00, 0x00, 0x00, 0x00, 0x00, 0x00, 0x00, 0x00, 0x3f,
    0xc0, 0x00, 0x00, 0x01, 0x55, 0x45, 0x45, 0x55, 0x51, 0x55, 0x15, 0x55,
    0x51, 0x55, 0x55, 0x55, 0x55, 0x55, 0x55, 0x55, 0x00, 0x00, 0x00, 0x00,
    0x00, 0x00, 0x00, 0x00, 0x00, 0x00, 0x00, 0x00, 0x00, 0x00, 0x00, 0x00,
    0x00, 0x00, 0x00, 0xff, 0xc0, 0x03, 0xc0, 0x01, 0x55, 0x45, 0x45, 0x55,
    0x51, 0x55, 0x15, 0x55, 0x51, 0x55, 0x55, 0x55, 0x55, 0x55, 0x55, 0x55,
    0x00, 0x00, 0x00, 0x00, 0x00, 0x00, 0x00, 0x00, 0x00, 0x00, 0x00, 0x00,
    0x00, 0x00, 0x00, 0x00, 0x00, 0x00, 0x00, 0xff, 0xc0, 0xff, 0x00, 0x01,
    0x50, 0x05, 0x45, 0x41, 0x51, 0x50, 0x00, 0x55, 0x01, 0x55, 0x55, 0x55,
    0x55, 0x55, 0x55, 0x55, 0x00, 0x00, 0x00, 0x00, 0x00, 0x00, 0x00, 0x00,
    0x00, 0x00, 0x00, 0x00, 0x00, 0x00, 0x00, 0x00, 0xff, 0x00, 0x03, 0xff,
    0xff, 0xfc, 0x00, 0x01, 0x50, 0x05, 0x45, 0x41, 0x51, 0x50, 0x00, 0x55,
    0x00, 0x00, 0x00, 0x00, 0x00, 0x00, 0x00, 0x00, 0x00, 0x00, 0x00, 0x00,
    0x00, 0x00, 0x00, 0x00, 0x00, 0x00, 0x00, 0x00, 0x00, 0x00, 0x00, 0x00,
    0x3f, 0xfc, 0x0f, 0xff, 0xea, 0xaa, 0xaa, 0xa1, 0x55, 0x45, 0x45, 0x55,
    0x51, 0x55, 0x50, 0x55, 0x00, 0x00, 0x00, 0x00, 0x00, 0x00, 0x00, 0x00,
    0x00, 0x00, 0x00, 0x00, 0x00, 0x00, 0x00, 0x00, 0x00, 0x00, 0x00, 0x00,
    0x00, 0x00, 0x00, 0x00, 0x0f, 0xff, 0xff, 0xff, 0xaa, 0xaa, 0xaa, 0xa1,
    0x55, 0x45, 0x45, 0x55, 0x51, 0x55, 0x54, 0x55, 0x2a, 0xaa, 0xaa, 0xaa,
    0xaa, 0xaa, 0xaa, 0xaa, 0x00, 0x00, 0x00, 0x00, 0x00, 0x00, 0x00, 0x00,
    0x00, 0x00, 0x00, 0x00, 0x00, 0x00, 0x00, 0x00, 0x03, 0xff, 0xff, 0xfe,
    0xaa, 0xaa, 0xaa, 0xa1, 0x55, 0x45, 0x45, 0x55, 0x51, 0x55, 0x54, 0x55,
    0x2a, 0xaa, 0xaa, 0xaa, 0xaa, 0xaa, 0xaa, 0xaa, 0x00, 0x00, 0x00, 0x00,
    0x00, 0x00, 0x00, 0x00, 0x00, 0x00, 0x00, 0x00, 0x00, 0x00, 0x00, 0x00,
    0x00, 0xff, 0xff, 0xfa, 0xaa, 0xaa, 0xaa, 0xa1, 0x55, 0x45, 0x45, 0x55,
    0x41, 0x55, 0x54, 0x55, 0x2a, 0xaa, 0xaa, 0xaa, 0xaa, 0xaa, 0xaa, 0xaa,
    0x00, 0x00, 0x00, 0x00, 0x00, 0x00, 0x00, 0x00, 0x00, 0x00, 0x00, 0x00,
    0x00, 0x00, 0x00, 0x00, 0x00, 0xff, 0xff, 0xfa, 0xaa, 0xaa, 0xaa, 0xa1,
    0x50, 0x05, 0x45, 0x45, 0x00, 0x00, 0x54, 0x55, 0x2a, 0xaa, 0xaa, 0xaa,
    0xaa, 0xaa, 0xaa, 0xaa, 0x00, 0x00, 0x00, 0x00, 0x00, 0x00, 0x00, 0x00,
    0x00, 0x00, 0x00, 0x00, 0x00, 0x00, 0x00, 0x00, 0x00, 0x3f, 0xff, 0xfa,
    0xaa, 0x80, 0x00, 0x01, 0x50, 0x05, 0x45, 0x45, 0x00, 0x00, 0x54, 0x55,
    0x2a, 0xaa, 0xaa, 0xaa, 0xaa, 0xaa, 0xaa, 0xaa, 0x00, 0x00, 0x00, 0x00,
    0x00, 0x00, 0x00, 0x00, 0x00, 0x00, 0x00, 0x00, 0x00, 0x00, 0x00, 0x00,
    0x00, 0x0f, 0xff, 0xfa, 0xaa, 0x00, 0x00, 0x01, 0x50, 0x05, 0x45, 0x45,
    0x51, 0x55, 0x54, 0x55, 0x00, 0x00, 0x00, 0x00, 0x00, 0x00, 0x00, 0x00,
    0x00, 0x00, 0x00, 0x00, 0x00, 0x00, 0x00, 0x00, 0x00, 0x00, 0x00, 0x00,
    0x00, 0x00, 0x00, 0x00, 0x00, 0x3f, 0xff, 0xfa, 0xaa, 0x00, 0x00, 0x01,
    0x50, 0x05, 0x45, 0x45, 0x51, 0x55, 0x54, 0x55, 0x00, 0x00, 0x00, 0x00,
    0x00, 0x00, 0x00, 0x00, 0x00, 0x00, 0x00, 0x00, 0x00, 0x00, 0x00, 0x00,
    0x00, 0x00, 0x00, 0x00, 0x00, 0x00, 0x00, 0x00, 0x00, 0x3f, 0xff, 0xfa,
    0xaa, 0x00, 0x00, 0x01, 0x50, 0x05, 0x45, 0x45, 0x51, 0x55, 0x54, 0x55,
    0x00, 0x00, 0x00, 0x00, 0x00, 0x00, 0x00, 0x00, 0xaa, 0xaa, 0xaa, 0xaa,
    0xaa, 0xaa, 0xaa, 0xaa, 0xaa, 0xaa, 0xaa, 0xaa, 0xaa, 0xaa, 0xaa, 0xaa,
    0xaa, 0xaa, 0xaa, 0xaa, 0xaa, 0xaa, 0xaa, 0xaa, 0xaa, 0xaa, 0xaa, 0xaa,
    0xaa, 0xaa, 0xaa, 0xaa, 0xaa, 0xaa, 0xaa, 0xaa, 0xaa, 0xaa, 0xaa, 0xaa,
    0x70, 0x70, 0x70, 0x44, 0x00, 0x2c, 0x04, 0x04, 0x04, 0x04, 0x04, 0x04,
    0x04, 0x04, 0x04, 0x04, 0x04, 0x04, 0x04, 0x04, 0x04, 0x04, 0x04, 0x04,
    0x46, 0x20, 0x2f, 0x4e, 0x80, 0x9e, 0x46, 0x34, 0x2f, 0x4e, 0x80, 0x9e,
    0x46, 0x48, 0x2f, 0x4e, 0x80, 0x9e, 0x46, 0x5c, 0x2f, 0x4e, 0x80, 0x9e,
    0x46, 0x70, 0x2f, 0x4e, 0x80, 0x9e, 0x41, 0xa8, 0x9e, 0x70, 0x70, 0x70,
    0x44, 0x00, 0x2c, 0x04, 0x04, 0x04, 0x04, 0x04, 0x04, 0x04, 0x04, 0x04,
    0x04, 0x04, 0x04, 0x04, 0x04, 0x04, 0x04, 0x04, 0x04, 0x4e, 0x00, 0x9c,
    0x0e, 0x0e, 0x0e, 0x0e, 0x0e, 0x0e, 0x0e, 0x0e, 0x0e, 0x0e, 0x0e, 0x0e,
    0x0e, 0x0e, 0x0e, 0x4e, 0x00, 0x80, 0x0e, 0x0e, 0x0e, 0x0e, 0x0e, 0x0e,
    0x0e, 0x0e, 0x0e, 0x0e, 0x0e, 0x0e, 0x0e, 0x0e, 0x0e, 0x0e, 0x0e, 0x0e,
    0x0e, 0x0e, 0x0e, 0x0e, 0x0e, 0x0e, 0x0e, 0x0e, 0x0e, 0x0e, 0x0e, 0x0e,
    0x0e, 0x41, 0xa8, 0x9e, 0x00, 0x2c, 0x28, 0x2c, 0x50, 0x2c, 0x78, 0x2c,
    0xa0, 0x2c, 0xc8, 0x2c, 0xf0, 0x2c, 0x18, 0x2d, 0x40, 0x2d, 0x68, 0x2d,
    0x90, 0x2d, 0xb8, 0x2d, 0xe0, 0x2d, 0x08, 0x2e, 0x30, 0x2e, 0x58, 0x2e,
    0x80, 0x2e, 0xa8, 0x2e, 0xd0, 0x2e, 0xf8, 0x2e, 0x20, 0x2f, 0x48, 0x2f,
    0x70, 0x2f, 0x98, 0x2f, 0x48, 0xa9, 0x28, 0x8d, 0x0a, 0xd4, 0x8d, 0x09,
    0xd4, 0x68, 0x40, 0x03, 0x30, 0xa3, 0x30, 0x43, 0x31, 0xe3, 0x31, 0x83,
    0x32, 0x23, 0x33, 0xc3, 0x33, 0x63, 0x34, 0x03, 0x35, 0xa3, 0x35, 0x43,
    0x36, 0xe3, 0x36, 0x83, 0x37, 0x23, 0x38, 0xc3, 0x38, 0x63, 0x39, 0x03,
    0x3a, 0xa3, 0x3a, 0x43, 0x3b, 0xe3, 0x3b, 0x83, 0x3c, 0x23, 0x3d, 0x00,
    0xa0, 0xa0, 0xa2, 0xb9, 0xa0, 0xb0, 0xa5, 0xb4, 0xa5, 0xb2, 0xa0, 0xac,
    0xa9, 0xa5, 0xb0, 0xa1, 0xa0, 0xa0, 0xa0, 0xa0, 0x00, 0xa0, 0xa0, 0xb7,
    0xa9, 0xb4, 0xa8, 0xa0, 0xa3, 0xa8, 0xb2, 0xa9, 0xb3, 0xa0, 0xa7, 0xb2,
    0xa1, 0xb9, 0xa0, 0xa0, 0xa0, 0x00, 0x91, 0xa0, 0xb0, 0xac, 0xa1, 0xb9,
    0xa5, 0xb2, 0xa0, 0xa0, 0x91, 0xa0, 0xaa, 0xaf, 0xb9, 0xb3, 0xb4, 0xa9,
    0xa3, 0xab, 0x00, 0xa0, 0xb0, 0xac, 0xb9, 0xb2, 0xa0, 0x91, 0xa0, 0xa0,
    0xa0, 0xa0, 0xa0, 0xa0, 0xb0, 0xac, 0xb9, 0xb2, 0xa0, 0x92, 0xa0, 0x00,
    0xa0, 0x90, 0x90, 0x90, 0x90, 0x90, 0x90, 0xa0, 0xac, 0xa1, 0xb3, 0xb4,
    0xa0, 0x90, 0x90, 0x90, 0x90, 0x90, 0x90, 0xa0, 0x00, 0xa0, 0x90, 0x90,
    0x90, 0x90, 0x90, 0x90, 0xa0, 0xa8, 0xa9, 0xa7, 0xa8, 0xa0, 0x90, 0x90,
    0x90, 0x90, 0x90, 0x90, 0xa0, 0x00, 0xa0, 0xa7, 0xa0, 0xa1, 0xa0, 0xad,
    0xa0, 0xa5, 0xa0, 0xa0, 0xa0, 0xaf, 0xa0, 0xb6, 0xa0, 0xa5, 0xa0, 0xb2,
    0xa0, 0xa0, 0x00, 0xb0, 0xac, 0xa1, 0xb9, 0xa5, 0xb2, 0x80, 0x91, 0x8c,
    0x80, 0x93, 0x80, 0xad, 0xa5, 0xae, 0x80, 0xa1, 0x8f, 0x90, 0xa0, 0x00,
    0xa0, 0xa0, 0xa0, 0xa0, 0xaf, 0xb5, 0xb4, 0xa0, 0xaf, 0xa6, 0xa0, 0xb4,
    0xa9, 0xad, 0xa5, 0xa0, 0xa0, 0xa0, 0xa0, 0xa0, 0x00, 0xa0, 0xa2, 0xa0,
    0xaf, 0xa0, 0xae, 0xa0, 0xb5, 0xa0, 0xb3, 0xa0, 0xa0, 0xac, 0xa0, 0xa9,
    0xa0, 0xa6, 0xa0, 0xa5, 0xa0, 0x00, 0xa0, 0xa3, 0xa1, 0xb6, 0xa5, 0x9a,
    0xa0, 0xa1, 0xa0, 0xa0, 0xac, 0xa5, 0xb6, 0xa5, 0xac, 0x9a, 0xa0, 0x91,
    0xa0, 0xa0, 0x00, 0xa0, 0xb3, 0xb0, 0xa1, 0xa3, 0xa5, 0xa2, 0xa1, 0xb2,
    0xa0, 0xb4, 0xaf, 0xa0, 0xb2, 0xa5, 0xb3, 0xb5, 0xad, 0xa5, 0xa0, 0x00,
    0xb0, 0xb2, 0xa5, 0xb3, 0xb3, 0xa0, 0xa2, 0xb5, 0xb4, 0xb4, 0xaf, 0xae,
    0xa0, 0xb4, 0xaf, 0xa0, 0xb0, 0xac, 0xa1, 0xb9, 0x70, 0x70, 0x70, 0xc6,
    0xbc, 0x07, 0x74, 0x00, 0x30, 0x74, 0x50, 0x30, 0x74, 0xa0, 0x30, 0x74,
    0xf0, 0x30, 0x74, 0x40, 0x31, 0x74, 0x90, 0x31, 0x74, 0xe0, 0x31, 0x74,
    0x30, 0x32, 0x74, 0x80, 0x32, 0x74, 0xd0, 0x32, 0x74, 0x20, 0x33, 0x74,
    0x70, 0x33, 0x74, 0xc0, 0x33, 0x74, 0x10, 0x34, 0x74, 0x60, 0x34, 0x74,
    0xb0, 0x34, 0x74, 0x00, 0x35, 0x74, 0x50, 0x35, 0x74, 0xa0, 0x35, 0x74,
    0xf0, 0x35, 0x74, 0x40, 0x36, 0x74, 0x90, 0x36, 0x74, 0xe0, 0x36, 0x54,
    0x30, 0x37, 0x41, 0xa0, 0x20, 0x00, 0x5e, 0xff, 0x01, 0x60, 0xff, 0x02,
    0x62, 0xff, 0x28, 0xfe, 0xff, 0x27, 0xfc, 0xff, 0x29, 0x00, 0x00, 0x2a,
    0x02, 0x00, 0x2b, 0x04, 0x00, 0x50, 0x9e, 0x00, 0x51, 0xa0, 0x00, 0x52,
    0xa2, 0x00, 0x78, 0x3e, 0x01, 0x79, 0x40, 0x01, 0x7a, 0x42, 0x01, 0xa6,
    0x99, 0xbd, 0x40, 0x8c, 0xa0, 0x00, 0x91, 0x84, 0x18, 0x69, 0x01, 0xa0,
    0x01, 0x91, 0x84, 0x69, 0x0f, 0xa0, 0x50, 0x91, 0x84, 0x69, 0x01, 0xa0,
    0x51, 0x91, 0x84, 0x60, 0xa2, 0xfd, 0x98, 0xe8, 0xe8, 0xe8, 0xdd, 0xf9,
    0xa0, 0xd0, 0xf8, 0x18, 0xa5, 0x82, 0x7d, 0xfa, 0xa0, 0x85, 0x84, 0xa5,
    0x83, 0x7d, 0xfb, 0xa0, 0x85, 0x85, 0x60, 0x85, 0x99, 0x91, 0x80, 0xa5,
    0xa3, 0x0a, 0xaa, 0xa5, 0xa2, 0x0a, 0x18, 0x7d, 0x6b, 0x9f, 0x85, 0x82,
    0xa9, 0x00, 0x7d, 0x6c, 0x9f, 0x85, 0x83, 0x20, 0x40, 0xa1, 0x20, 0x23,
    0xa1, 0xa5, 0x99, 0x60, 0xa5, 0x94, 0x6a, 0x6a, 0x29, 0x80, 0x85, 0x95,
    0xa5, 0x93, 0x6a, 0x29, 0x7f, 0x85, 0x96, 0xa5, 0x93, 0x6a, 0x6a, 0x29,
    0x80, 0x18, 0x65, 0x93, 0x69, 0x13, 0x85, 0x93, 0xa5, 0x94, 0x65, 0x95,
    0x65, 0x96, 0x85, 0x94, 0x60, 0xb1, 0x80, 0xc9, 0x07, 0xf0, 0x05, 0xa5,
    0x92, 0x20, 0x5b, 0xa1, 0x60, 0xa0, 0x28, 0x20, 0xa1, 0xa1, 0xa0, 0x29,
    0x20, 0xa1, 0xa1, 0xc6, 0x92, 0xa0, 0x2a, 0x20, 0xa1, 0xa1, 0xa0, 0x50,
    0x20, 0xa1, 0xa1, 0xa0, 0x51, 0x20, 0xa1, 0xa1, 0xa0, 0x52, 0x20, 0xa1,
    0xa1, 0xa0, 0x78, 0x20, 0xa1, 0xa1, 0xa0, 0x79, 0x20, 0xa1, 0xa1, 0xa0,
    0x7a, 0x20, 0xa1, 0xa1, 0xa9, 0x00, 0x85, 0xac, 0xa9, 0x0e, 0x85, 0xad,
    0xa9, 0x46, 0x85, 0xae, 0x60, 0xa5, 0x9f, 0xf0, 0x07, 0xa0, 0x29, 0xa9,
    0x05, 0x20, 0x5b, 0xa1, 0x6c, 0x88, 0x00, 0xa0, 0x00, 0x20, 0xa1, 0xa1,
    0xa0, 0x01, 0x20, 0xa1, 0xa1, 0xa0, 0x02, 0x20, 0xa1, 0xa1, 0xa0, 0x28,
    0x20, 0xa1, 0xa1, 0xa0, 0x29, 0x20, 0xa1, 0xa1, 0xc6, 0x92, 0xa0, 0x2a,
    0x20, 0xa1, 0xa1, 0xa0, 0x50, 0x20, 0xa1, 0xa1, 0xa0, 0x51, 0x20, 0xa1,
    0xa1, 0xa0, 0x52, 0x20, 0xa1, 0xa1, 0xa9, 0x00, 0x85, 0xac, 0xa9, 0x0e,
    0x85, 0xad, 0xa9, 0x46, 0x85, 0xae, 0x60, 0xa2, 0x01, 0xb1, 0x80, 0x29,
    0x0b, 0xd1, 0x80, 0xd0, 0x0a, 0x29, 0x08, 0xf0, 0x06, 0xa2, 0x00, 0xa9,
    0x1c, 0x85, 0x92, 0xe0, 0x00, 0x60, 0x28, 0x01, 0x2a, 0x51, 0x51, 0x28,
    0x01, 0x2a, 0x18, 0xa0, 0x29, 0x8a, 0x69, 0x01, 0x29, 0x03, 0x69, 0x0c,
    0x91, 0x80, 0x60, 0x18, 0x8a, 0x69, 0x03, 0x29, 0x03, 0x69, 0x0c, 0x20,
    0x5b, 0xa1, 0xa9, 0x00, 0xa0, 0x29, 0x20, 0x5b, 0xa1, 0x60, 0x18, 0x8a,
    0x69, 0x0c, 0xbc, 0x4a, 0xa2, 0x20, 0x5b, 0xa1, 0xa9, 0x00, 0xa0, 0x29,
    0x20, 0x5b, 0xa1, 0x60, 0xa0, 0x29, 0xb1, 0x80, 0x29, 0x03, 0xaa, 0xbc,
    0x4e, 0xa2, 0xb1, 0x80, 0xd0, 0x06, 0x20, 0x5f, 0xa2, 0x4c, 0xa8, 0xa2,
    0xbc, 0x4a, 0xa2, 0xb1, 0x80, 0xd0, 0x06, 0x20, 0x72, 0xa2, 0x4c, 0xa8,
    0xa2, 0x20, 0x52, 0xa2, 0x60, 0xb1, 0x80, 0xc9, 0x38, 0xd0, 0x02, 0xa2,
    0x00, 0xc9, 0x39, 0xd0, 0x02, 0xa2, 0x00, 0xc9, 0x3a, 0xd0, 0x02, 0xa2,
    0x00, 0x60, 0xa2, 0x01, 0xa0, 0x01, 0x20, 0xa9, 0xa2, 0xa0, 0x28, 0x20,
    0xa9, 0xa2, 0xa0, 0x2a, 0x20, 0xa9, 0xa2, 0xa0, 0x51, 0x20, 0xa9, 0xa2,
    0xe0, 0x00, 0x60, 0x20, 0xbe, 0xa2, 0xd0, 0x0a, 0xa9, 0x1c, 0x85, 0x92,
    0x20, 0xf7, 0xa1, 0x4c, 0xe9, 0xa2, 0x20, 0x84, 0xa2, 0x6c, 0x88, 0x00,
    0xad, 0x0a, 0xd2, 0x29, 0x0f, 0x69, 0x0a, 0x85, 0xaa, 0xa9, 0x0a, 0x85,
    0xa9, 0x85, 0xa8, 0x60, 0xa9, 0x0a, 0x85, 0xaa, 0x85, 0xa9, 0xa9, 0x00,
    0x85, 0xa8, 0x60, 0xa2, 0x00, 0xc9, 0x10, 0xd0, 0x02, 0xa2, 0x01, 0xc9,
    0x14, 0xd0, 0x02, 0xa2, 0x01, 0xc9, 0x02, 0xd0, 0x02, 0xa2, 0x01, 0xe0,
    0x01, 0x60, 0xa2, 0x01, 0xb1, 0x80, 0x29, 0x33, 0xd1, 0x80, 0xd0, 0x0c,
    0x09, 0x30, 0xd1, 0x80, 0xd0, 0x06, 0xa2, 0x00, 0xa9, 0x21, 0x85, 0x92,
    0xe0, 0x00, 0x60, 0x20, 0x1e, 0xa3, 0xf0, 0x03, 0x20, 0x33, 0xa2, 0x60,
    0x18, 0xa0, 0x29, 0x8a, 0x69, 0x03, 0x29, 0x03, 0x69, 0x34, 0x91, 0x80,
    0x60, 0x18, 0x8a, 0x69, 0x01, 0x29, 0x03, 0x69, 0x34, 0x20, 0x5b, 0xa1,
    0xa9, 0x00, 0xa0, 0x29, 0x20, 0x5b, 0xa1, 0x60, 0x18, 0x8a, 0x69, 0x34,
    0xbc, 0x4e, 0xa2, 0x20, 0x5b, 0xa1, 0xa9, 0x00, 0xa0, 0x29, 0x20, 0x5b,
    0xa1, 0x60, 0xa0, 0x29, 0xb1, 0x80, 0x29, 0x03, 0xaa, 0xbc, 0x4a, 0xa2,
    0xb1, 0x80, 0xd0, 0x06, 0x20, 0x4d, 0xa3, 0x4c, 0x96, 0xa3, 0xbc, 0x4e,
    0xa2, 0xb1, 0x80, 0xd0, 0x06, 0x20, 0x60, 0xa3, 0x4c, 0x96, 0xa3, 0x20,
    0x40, 0xa3, 0x60, 0x20, 0xbe, 0xa2, 0xd0, 0x0a, 0xa9, 0x21, 0x85, 0x92,
    0x20, 0xf7, 0xa1, 0x4c, 0xa9, 0xa3, 0x20, 0x72, 0xa3, 0x6c, 0x88, 0x00,
    0xa5, 0x9c, 0xd0, 0x04, 0xa9, 0x01, 0x85, 0x9c, 0xc9, 0x01, 0xd0, 0x0b,
    0xa0, 0x79, 0xb1, 0x80, 0xd0, 0x05, 0xa9, 0x13, 0x20, 0x5b, 0xa1, 0xa0,
    0x29, 0xa9, 0x00, 0x20, 0x5b, 0xa1, 0x20, 0xfc, 0xa2, 0x60, 0xa0, 0x29,
    0xa9, 0x15, 0x20, 0x5b, 0xa1, 0x60, 0xa0, 0x52, 0xb1, 0x80, 0xd0, 0x1b,
    0xa0, 0x2a, 0xb1, 0x80, 0xd0, 0x0f, 0xa9, 0x17, 0x20, 0x5b, 0xa1, 0xa0,
    0x29, 0xa9, 0x00, 0x20, 0x5b, 0xa1, 0x4c, 0xf4, 0xa3, 0x20, 0xce, 0xa3,
    0x4c, 0xfa, 0xa3, 0x20, 0xce, 0xa3, 0x60, 0xa0, 0x50, 0xb1, 0x80, 0xd0,
    0x1b, 0xa0, 0x28, 0xb1, 0x80, 0xd0, 0x0f, 0xa9, 0x17, 0x20, 0x5b, 0xa1,
    0xa0, 0x29, 0xa9, 0x00, 0x20, 0x5b, 0xa1, 0x4c, 0x19, 0xa4, 0x20, 0xd6,
    0xa3, 0x4c, 0x1f, 0xa4, 0x20, 0xd6, 0xa3, 0x60, 0xa0, 0x51, 0xb1, 0x80,
    0x20, 0x07, 0xa3, 0xd0, 0x06, 0x20, 0xfb, 0xa3, 0x4c, 0x4b, 0xa4, 0xc9,
    0x38, 0xd0, 0x0a, 0xa9, 0x1c, 0x85, 0x92, 0x20, 0xad, 0xa1, 0x4c, 0x4b,
    0xa4, 0x20, 0x37, 0xa3, 0xd0, 0x06, 0x20, 0xad, 0xa1, 0x4c, 0x4b, 0xa4,
    0x20, 0xce, 0xa3, 0x60, 0xa0, 0x51, 0xb1, 0x80, 0xc9, 0x00, 0xd0, 0x0f,
    0xa9, 0x17, 0x20, 0x5b, 0xa1, 0xa0, 0x29, 0xa9, 0x00, 0x20, 0x5b, 0xa1,
    0x4c, 0x73, 0xa4, 0xc9, 0x03, 0xd0, 0x06, 0x20, 0xac, 0xa3, 0x4c, 0x73,
    0xa4, 0x20, 0xec, 0xa2, 0x20, 0x20, 0xa4, 0x6c, 0x88, 0x00, 0xa0, 0x52,
    0xb1, 0x80, 0xd0, 0x12, 0xa0, 0x2a, 0xb1, 0x80, 0xd0, 0x0c, 0xa9, 0x17,
    0x20, 0x5b, 0xa1, 0xa0, 0x29, 0xa9, 0x00, 0x20, 0x5b, 0xa1, 0x60, 0xa0,
    0x50, 0xb1, 0x80, 0xd0, 0x1b, 0xa0, 0x28, 0xb1, 0x80, 0xd0, 0x0f, 0xa9,
    0x17, 0x20, 0x5b, 0xa1, 0xa0, 0x29, 0xa9, 0x00, 0x20, 0x5b, 0xa1, 0x4c,
    0xad, 0xa4, 0x20, 0x76, 0xa4, 0x4c, 0xb3, 0xa4, 0x20, 0x76, 0xa4, 0x60,
    0xa0, 0x51, 0xb1, 0x80, 0x20, 0x07, 0xa3, 0xd0, 0x03, 0x20, 0x8f, 0xa4,
    0x60, 0xa0, 0x51, 0xb1, 0x80, 0xd0, 0x12, 0xa9, 0x17, 0x20, 0x5b, 0xa1,
    0xa0, 0x29, 0xa9, 0x00, 0x20, 0x5b, 0xa1, 0x20, 0xec, 0xa2, 0x4c, 0xdc,
    0xa4, 0x20, 0xb4, 0xa4, 0x6c, 0x88, 0x00, 0xa2, 0x01, 0xb1, 0x80, 0xc9,
    0x00, 0xd0, 0x02, 0xa2, 0x00, 0xc9, 0x01, 0xd0, 0x06, 0xa2, 0x41, 0x86,
    0xab, 0xa2, 0x00, 0xe0, 0x00, 0x60, 0x01, 0x28, 0x2a, 0x51, 0x20, 0xdf,
    0xa4, 0xd0, 0x05, 0xa9, 0x3b, 0x20, 0x5b, 0xa1, 0x60, 0xa5, 0xa1, 0xf0,
    0x0b, 0xa9, 0xa6, 0x8d, 0x05, 0xd2, 0xad, 0x0a, 0xd2, 0x8d, 0x04, 0xd2,
    0x60, 0xa2, 0x01, 0xb1, 0x80, 0xc9, 0x00, 0xd0, 0x02, 0xa2, 0x00, 0xc9,
    0x01, 0xd0, 0x02, 0xa2, 0x00, 0xe0, 0x00, 0x60, 0x20, 0x15, 0xa5, 0xd0,
    0x04, 0xa9, 0x01, 0x85, 0xa0, 0x60, 0xa5, 0xa0, 0xd0, 0x14, 0xa0, 0x01,
    0x20, 0x28, 0xa5, 0xa0, 0x28, 0x20, 0x28, 0xa5, 0xa0, 0x2a, 0x20, 0x28,
    0xa5, 0xa0, 0x51, 0x20, 0x28, 0xa5, 0x60, 0xe6, 0xb4, 0xa5, 0xb5, 0xc9,
    0xc8, 0x90, 0x08, 0xa9, 0x11, 0x20, 0x5b, 0xa1, 0x4c, 0x7a, 0xa5, 0xa5,
    0x9b, 0xd0, 0x08, 0xa9, 0x14, 0x20, 0x5b, 0xa1, 0x4c, 0x7a, 0xa5, 0x20,
    0x32, 0xa5, 0xad, 0x0a, 0xd2, 0x25, 0xb3, 0xc9, 0x04, 0xb0, 0x07, 0xaa,
    0xbc, 0xf6, 0xa4, 0x20, 0xfa, 0xa4, 0x6c, 0x88, 0x00, 0xa5, 0xc8, 0xc9,
    0x09, 0xf0, 0x07, 0xe6, 0xc8, 0xa9, 0x80, 0x8d, 0xd0, 0x07, 0x60, 0xad,
    0xd1, 0x07, 0xc5, 0xcd, 0xf0, 0x03, 0x20, 0x7d, 0xa5, 0xad, 0xd2, 0x07,
    0xc9, 0x04, 0xd0, 0x07, 0xc5, 0xce, 0xf0, 0x03, 0x20, 0x7d, 0xa5, 0x60,
    0xa5, 0xcd, 0x8d, 0xd1, 0x07, 0xa5, 0xce, 0x8d, 0xd2, 0x07, 0xa2, 0x05,
    0x18, 0xb5, 0xcb, 0x75, 0xc2, 0xc9, 0x0a, 0x90, 0x02, 0xe9, 0x0a, 0x95,
    0xcb, 0xca, 0x10, 0xf1, 0x20, 0x8b, 0xa5, 0x60, 0xa5, 0xc9, 0xf0, 0x0f,
    0xa2, 0x00, 0xb5, 0xcb, 0x18, 0x69, 0x90, 0x9d, 0xb6, 0x07, 0xe8, 0xe0,
    0x06, 0xd0, 0xf3, 0x60, 0x09, 0x09, 0x09, 0xa9, 0x08, 0x85, 0xa8, 0xa9,
    0x0f, 0x85, 0xa9, 0xa9, 0x0a, 0x85, 0xaa, 0x60, 0xad, 0xd3, 0x07, 0xd0,
    0x1f, 0xad, 0xd4, 0x07, 0xd0, 0x1a, 0xad, 0xd5, 0x07, 0xd0, 0x07, 0xa9,
    0x02, 0x85, 0xa7, 0x4c, 0x0c, 0xa6, 0xa9, 0x32, 0x18, 0x6d, 0xd5, 0x07,
    0x85, 0xaa, 0xa9, 0x0a, 0x85, 0xa8, 0x85, 0xa9, 0x60, 0xa2, 0x02, 0x18,
    0xbd, 0xd3, 0x07, 0x7d, 0xd8, 0xa5, 0xc9, 0x0a, 0x90, 0x02, 0xe9, 0x0a,
    0x9d, 0xd3, 0x07, 0xca, 0x10, 0xee, 0x20, 0xe8, 0xa5, 0x60, 0xa2, 0x00,
    0xbd, 0xd3, 0x07, 0x18, 0x69, 0x90, 0x9d, 0xb2, 0x07, 0xe8, 0xe0, 0x03,
    0xd0, 0xf2, 0x60, 0x20, 0x0d, 0xa6, 0x20, 0x26, 0xa6, 0xee, 0xd7, 0x07,
    0xad, 0xd7, 0x07, 0xcd, 0x01, 0x21, 0xd0, 0x04, 0xa9, 0x0f, 0x85, 0xb3,
    0x60, 0xc6, 0xa5, 0xd0, 0x11, 0x20, 0xdb, 0xa5, 0xa9, 0x00, 0x85, 0xa4,
    0xa9, 0xa8, 0x8d, 0xa4, 0x20, 0xa9, 0x07, 0x8d, 0xa5, 0x20, 0x60, 0xad,
    0xd6, 0x07, 0x18, 0x69, 0x01, 0x8d, 0xd6, 0x07, 0xc9, 0x3c, 0xd0, 0x16,
    0xa9, 0x00, 0x8d, 0xd6, 0x07, 0xa5, 0xb6, 0xd0, 0x0d, 0xa5, 0xa4, 0xd0,
    0x06, 0x20, 0x37, 0xa6, 0x4c, 0x86, 0xa6, 0x20, 0x4d, 0xa6, 0x60, 0x00,
    0x01, 0xa2, 0x01, 0x18, 0xbd, 0xd8, 0x07, 0x7d, 0x87, 0xa6, 0xc9, 0x0a,
    0x90, 0x02, 0xe9, 0x0a, 0x9d, 0xd8, 0x07, 0xca, 0x10, 0xee, 0x60, 0xa2,
    0x00, 0xbd, 0xd8, 0x07, 0x18, 0x69, 0x50, 0x9d, 0xaf, 0x07, 0xe8, 0xe0,
    0x02, 0xd0, 0xf2, 0x60, 0xa2, 0x00, 0xbd, 0xda, 0x07, 0x18, 0x69, 0x50,
    0x9d, 0xa9, 0x07, 0xe8, 0xe0, 0x02, 0xd0, 0xf2, 0x60, 0xa2, 0x00, 0xb5,
    0xc6, 0x18, 0x69, 0x90, 0x9d, 0xac, 0x07, 0xe8, 0xe0, 0x02, 0xd0, 0xf3,
    0x60, 0xa9, 0x01, 0x85, 0x9f, 0xa2, 0x00, 0xbd, 0xdc, 0x07, 0x95, 0xc5,
    0xe8, 0xe0, 0x03, 0xd0, 0xf6, 0x20, 0xc1, 0xa6, 0xa9, 0xbc, 0x8d, 0xa9,
    0x07, 0x8d, 0xaa, 0x07, 0x20, 0xdb, 0xa5, 0xa9, 0x06, 0x85, 0xc0, 0x60,
    0xad, 0xd8, 0x07, 0xcd, 0xda, 0x07, 0xd0, 0x0b, 0xad, 0xd9, 0x07, 0xcd,
    0xdb, 0x07, 0xd0, 0x03, 0x20, 0xd1, 0xa6, 0x60, 0x48, 0xa9, 0x00, 0x8d,
    0xdf, 0x07, 0x68, 0x60, 0x48, 0xa9, 0x01, 0x8d, 0xdf, 0x07, 0x68, 0x60,
    0xa9, 0x00, 0x8d, 0xdf, 0x07, 0x60, 0xa9, 0x01, 0x8d, 0xdf, 0x07, 0x60,
    0x48, 0x8a, 0x48, 0x98, 0x48, 0xa9, 0x64, 0x85, 0xaa, 0xa9, 0x0a, 0x85,
    0xa8, 0x85, 0xa9, 0x20, 0xa4, 0xa5, 0x20, 0x89, 0xa6, 0x20, 0x9f, 0xa6,
    0x20, 0xf4, 0xa6, 0x68, 0xa8, 0x68, 0xaa, 0x68, 0x20, 0x10, 0xa7, 0x60,
    0x48, 0xa9, 0x41, 0x85, 0xab, 0xa9, 0x4b, 0x8d, 0x02, 0xd2, 0x68, 0x20,
    0x10, 0xa7, 0x60, 0x48, 0xa9, 0x41, 0x85, 0xab, 0xa9, 0xcc, 0x8d, 0x02,
    0xd2, 0x68, 0x20, 0x10, 0xa7, 0x60, 0xa5, 0xbf, 0x25, 0xb8, 0xf0, 0x06,
    0xad, 0x85, 0x02, 0x4c, 0x75, 0xa7, 0xad, 0x84, 0x02, 0x8d, 0xe0, 0x07,
    0x60, 0xad, 0x0a, 0xd2, 0x29, 0x03, 0xd0, 0x0b, 0x20, 0x10, 0xa7, 0x20,
    0xfc, 0xa2, 0xa9, 0x11, 0x20, 0x5b, 0xa1, 0x60, 0xc0, 0x28, 0xd0, 0x0b,
    0xa0, 0x27, 0xb1, 0x80, 0xd0, 0x03, 0x20, 0x79, 0xa7, 0xa0, 0x28, 0xc0,
    0x2a, 0xd0, 0x0b, 0xa0, 0x2b, 0xb1, 0x80, 0xd0, 0x03, 0x20, 0x79, 0xa7,
    0xa0, 0x2a, 0x60, 0x20, 0x08, 0xa7, 0xb1, 0x80, 0xd0, 0x03, 0x20, 0x57,
    0xa7, 0xc9, 0x01, 0xd0, 0x03, 0x20, 0x48, 0xa7, 0xc9, 0x14, 0xd0, 0x03,
    0x20, 0x24, 0xa7, 0xc9, 0x05, 0xd0, 0x0b, 0xa9, 0x02, 0x85, 0xa7, 0xa9,
    0x01, 0x85, 0xba, 0x20, 0x10, 0xa7, 0xc9, 0x10, 0xd0, 0x03, 0x20, 0x8c,
    0xa7, 0x60, 0x20, 0xab, 0xa7, 0xad, 0xdf, 0x07, 0xf0, 0x22, 0x20, 0x66,
    0xa7, 0xad, 0xe0, 0x07, 0xd0, 0x0b, 0xa9, 0x00, 0x20, 0x5b, 0xa1, 0x20,
    0x18, 0xa7, 0x4c, 0x04, 0xa8, 0xa9, 0x39, 0x20, 0x5b, 0xa1, 0xa0, 0x29,
    0xa9, 0x00, 0x20, 0x5b, 0xa1, 0x20, 0x1e, 0xa7, 0x60, 0x48, 0xa9, 0x00,
    0x85, 0xaf, 0xa0, 0x2a, 0x20, 0xda, 0xa7, 0xad, 0xdf, 0x07, 0xf0, 0x02,
    0xe6, 0xb0, 0x68, 0x60, 0x48, 0xa9, 0x01, 0x85, 0xaf, 0xa0, 0x28, 0x20,
    0xda, 0xa7, 0xad, 0xdf, 0x07, 0xf0, 0x02, 0xc6, 0xb0, 0x68, 0x60, 0x48,
    0xa0, 0x01, 0x20, 0xda, 0xa7, 0xad, 0xdf, 0x07, 0xf0, 0x02, 0xc6, 0xb1,
    0x68, 0x60, 0x48, 0xa0, 0x51, 0x20, 0xda, 0xa7, 0xad, 0xdf, 0x07, 0xf0,
    0x02, 0xe6, 0xb1, 0x68, 0x60, 0xc9, 0x0b, 0xd0, 0x03, 0x20, 0x18, 0xa8,
    0xc9, 0x0d, 0xd0, 0x03, 0x20, 0x3a, 0xa8, 0xc9, 0x07, 0xd0, 0x03, 0x20,
    0x05, 0xa8, 0xc9, 0x0e, 0xd0, 0x03, 0x20, 0x2b, 0xa8, 0xc9, 0x06, 0xd0,
    0x03, 0x20, 0x05, 0xa8, 0xc9, 0x05, 0xd0, 0x03, 0x20, 0x05, 0xa8, 0xc9,
    0x09, 0xd0, 0x03, 0x20, 0x18, 0xa8, 0xc9, 0x0a, 0xd0, 0x03, 0x20, 0x18,
    0xa8, 0x60, 0xa5, 0xbd, 0xf0, 0x05, 0xa5, 0x9a, 0x4c, 0x9c, 0xa8, 0xa5,
    0xbf, 0x25, 0xb8, 0xf0, 0x06, 0xad, 0x79, 0x02, 0x4c, 0x9a, 0xa8, 0xad,
    0x78, 0x02, 0x85, 0x9a, 0x20, 0x49, 0xa8, 0xa9, 0x00, 0x85, 0xa6, 0x6c,
    0x88, 0x00, 0xa5, 0xab, 0xc9, 0x40, 0xf0, 0x0a, 0x18, 0x69, 0x01, 0x29,
    0x4f, 0x8d, 0x03, 0xd2, 0x85, 0xab, 0x60, 0x1f, 0x00, 0x1e, 0x1f, 0x1d,
    0x1e, 0x1c, 0x1d, 0x1b, 0x1c, 0x24, 0x14, 0x23, 0x24, 0x22, 0x23, 0x21,
    0x22, 0x20, 0x21, 0x28, 0x38, 0x27, 0x28, 0x26, 0x27, 0x25, 0x26, 0xa0,
    0x29, 0xb1, 0x80, 0xa0, 0x00, 0xd9, 0xb7, 0xa8, 0xd0, 0x03, 0xbe, 0xb8,
    0xa8, 0xc8, 0xc8, 0xc0, 0x14, 0xd0, 0xf2, 0x8a, 0xa0, 0x29, 0x20, 0x5b,
    0xa1, 0x6c, 0x88, 0x00, 0xa5, 0xa5, 0xd0, 0x1a, 0xa0, 0x29, 0xb1, 0x80,
    0xa0, 0x00, 0xd9, 0xcb, 0xa8, 0xd0, 0x03, 0xbe, 0xcc, 0xa8, 0xc8, 0xc8,
    0xc0, 0x08, 0xd0, 0xf2, 0x8a, 0xa0, 0x29, 0x20, 0x5b, 0xa1, 0x6c, 0x88,
    0x00, 0xa9, 0x2e, 0xa0, 0x00, 0x91, 0x84, 0x18, 0x69, 0x01, 0xa0, 0x01,
    0x91, 0x84, 0x69, 0x0f, 0xa0, 0x50, 0x91, 0x84, 0x69, 0x01, 0xa0, 0x51,
    0x91, 0x84, 0x60, 0xa5, 0xa3, 0x0a, 0xaa, 0xa5, 0xa2, 0x0a, 0x18, 0x7d,
    0x6b, 0x9f, 0x85, 0x82, 0xa9, 0x00, 0x7d, 0x6c, 0x9f, 0x85, 0x83, 0x20,
    0x40, 0xa1, 0x20, 0x11, 0xa9, 0x60, 0xa0, 0x29, 0xee, 0xe1, 0x07, 0xad,
    0xe1, 0x07, 0x29, 0x01, 0xd0, 0x0f, 0xb1, 0x80, 0x20, 0x5b, 0xa1, 0xc9,
    0x25, 0xd0, 0x03, 0x20, 0xf0, 0xa8, 0x4c, 0x64, 0xa9, 0x20, 0x2b, 0xa9,
    0x6c, 0x88, 0x00, 0xa5, 0x9c, 0xd0, 0x04, 0xa9, 0x01, 0x85, 0x9c, 0xc9,
    0x01, 0xd0, 0x0b, 0xa0, 0x79, 0xb1, 0x80, 0xd0, 0x05, 0xa9, 0x17, 0x20,
    0x5b, 0xa1, 0xa0, 0x29, 0xa9, 0x00, 0x20, 0x5b, 0xa1, 0x20, 0xec, 0xa2,
    0x60, 0xa0, 0x52, 0xb1, 0x80, 0xd0, 0x12, 0xa0, 0x2a, 0xb1, 0x80, 0xd0,
    0x0c, 0xa9, 0x13, 0x20, 0x5b, 0xa1, 0xa0, 0x29, 0xa9, 0x00, 0x20, 0x5b,
    0xa1, 0x60, 0xa0, 0x50, 0xb1, 0x80, 0xd0, 0x1b, 0xa0, 0x28, 0xb1, 0x80,
    0xd0, 0x0f, 0xa9, 0x13, 0x20, 0x5b, 0xa1, 0xa0, 0x29, 0xa9, 0x00, 0x20,
    0x5b, 0xa1, 0x4c, 0xc0, 0xa9, 0x20, 0x89, 0xa9, 0x4c, 0xc6, 0xa9, 0x20,
    0x89, 0xa9, 0x60, 0xa0, 0x51, 0xb1, 0x80, 0x20, 0x07, 0xa3, 0xd0, 0x03,
    0x20, 0xa2, 0xa9, 0x60, 0xa0, 0x51, 0xb1, 0x80, 0xd0, 0x12, 0xa9, 0x13,
    0x20, 0x5b, 0xa1, 0xa0, 0x29, 0xa9, 0x00, 0x20, 0x5b, 0xa1, 0x20, 0xfc,
    0xa2, 0x4c, 0xef, 0xa9, 0x20, 0xc7, 0xa9, 0x6c, 0x88, 0x00, 0xa0, 0x29,
    0xa9, 0x11, 0x20, 0x5b, 0xa1, 0x60, 0xa0, 0x52, 0xb1, 0x80, 0xd0, 0x1b,
    0xa0, 0x2a, 0xb1, 0x80, 0xd0, 0x0f, 0xa9, 0x13, 0x20, 0x5b, 0xa1, 0xa0,
    0x29, 0xa9, 0x00, 0x20, 0x5b, 0xa1, 0x4c, 0x18, 0xaa, 0x20, 0xf2, 0xa9,
    0x4c, 0x1e, 0xaa, 0x20, 0xf2, 0xa9, 0x60, 0xa0, 0x50, 0xb1, 0x80, 0xd0,
    0x1b, 0xa0, 0x28, 0xb1, 0x80, 0xd0, 0x0f, 0xa9, 0x13, 0x20, 0x5b, 0xa1,
    0xa0, 0x29, 0xa9, 0x00, 0x20, 0x5b, 0xa1, 0x4c, 0x3d, 0xaa, 0x20, 0xfa,
    0xa9, 0x4c, 0x43, 0xaa, 0x20, 0xfa, 0xa9, 0x60, 0xa0, 0x51, 0xb1, 0x80,
    0x20, 0x07, 0xa3, 0xd0, 0x06, 0x20, 0x1f, 0xaa, 0x4c, 0x6f, 0xaa, 0xc9,
    0x38, 0xd0, 0x0a, 0xa9, 0x1c, 0x85, 0x92, 0x20, 0xad, 0xa1, 0x4c, 0x6f,
    0xaa, 0x20, 0x37, 0xa3, 0xd0, 0x06, 0x20, 0xad, 0xa1, 0x4c, 0x6f, 0xaa,
    0x20, 0xf2, 0xa9, 0x60, 0xa0, 0x51, 0xb1, 0x80, 0xc9, 0x00, 0xd0, 0x0f,
    0xa9, 0x13, 0x20, 0x5b, 0xa1, 0xa0, 0x29, 0xa9, 0x00, 0x20, 0x5b, 0xa1,
    0x4c, 0x97, 0xaa, 0xc9, 0x03, 0xd0, 0x06, 0x20, 0x67, 0xa9, 0x4c, 0x97,
    0xaa, 0x20, 0xfc, 0xa2, 0x20, 0x44, 0xaa, 0x6c, 0x88, 0x00, 0xa2, 0x00,
    0xa9, 0x00, 0x9d, 0x00, 0x2b, 0x9d, 0x08, 0x2b, 0x9d, 0x80, 0x2b, 0x9d,
    0x88, 0x2b, 0xe8, 0xe8, 0xe0, 0x08, 0xd0, 0xee, 0x60, 0xad, 0xd0, 0x07,
    0xd0, 0xfb, 0x60, 0xad, 0xd0, 0x07, 0xc9, 0x01, 0xd0, 0x06, 0x20, 0x9a,
    0xaa, 0x4c, 0xe6, 0xaa, 0xa2, 0x00, 0xad, 0x0a, 0xd2, 0x9d, 0x00, 0x2b,
    0xad, 0x0a, 0xd2, 0x9d, 0x08, 0x2b, 0xad, 0x0a, 0xd2, 0x9d, 0x80, 0x2b,
    0xad, 0x0a, 0xd2, 0x9d, 0x88, 0x2b, 0xe8, 0xe8, 0xe8, 0xe8, 0xe0, 0x08,
    0xd0, 0xe0, 0xce, 0xd0, 0x07, 0x60, 0xad, 0x00, 0x24, 0x48, 0xa2, 0x00,
    0xbd, 0x01, 0x24, 0x9d, 0x00, 0x24, 0xe8, 0xe0, 0x07, 0xd0, 0xf5, 0x68,
    0x8d, 0x07, 0x24, 0x60, 0x05, 0xc0, 0xff, 0x07, 0x00, 0x00, 0x08, 0x00,
    0x00, 0x0a, 0x40, 0x00, 0x03, 0xc0, 0xff, 0x09, 0x00, 0x00, 0x0a, 0x00,
    0x00, 0x10, 0x40, 0x00, 0xad, 0xe3, 0x07, 0x4a, 0x49, 0xff, 0x38, 0x65,
    0xb0, 0x8d, 0xea, 0x07, 0xad, 0xe7, 0x07, 0x4a, 0x49, 0xff, 0x38, 0x65,
    0xb1, 0x8d, 0xeb, 0x07, 0x60, 0x18, 0xb9, 0xa0, 0x20, 0x6d, 0xec, 0x07,
    0x99, 0xa0, 0x20, 0xb9, 0xa1, 0x20, 0x69, 0x00, 0x99, 0xa1, 0x20, 0x60,
    0x38, 0xb9, 0xa0, 0x20, 0xed, 0xec, 0x07, 0x99, 0xa0, 0x20, 0xb9, 0xa1,
    0x20, 0xe9, 0x00, 0x99, 0xa1, 0x20, 0x60, 0xc9, 0x01, 0xd0, 0x06, 0x20,
    0x31, 0xab, 0x4c, 0x68, 0xab, 0xc9, 0xff, 0xd0, 0x03, 0x20, 0x44, 0xab,
    0x60, 0xa2, 0x18, 0xa0, 0x07, 0xa9, 0x01, 0x8d, 0xec, 0x07, 0xad, 0xed,
    0x07, 0x20, 0x57, 0xab, 0xa9, 0x50, 0x8d, 0xec, 0x07, 0xad, 0xee, 0x07,
    0x20, 0x57, 0xab, 0xc8, 0xc8, 0xc8, 0xca, 0xd0, 0xe4, 0x60, 0xad, 0xe6,
    0x07, 0x18, 0x6d, 0xe8, 0x07, 0x8d, 0xe6, 0x07, 0xad, 0xe7, 0x07, 0x8d,
    0xef, 0x07, 0x6d, 0xe9, 0x07, 0x8d, 0xe7, 0x07, 0x38, 0xed, 0xef, 0x07,
    0x8d, 0xee, 0x07, 0xad, 0xe6, 0x07, 0x18, 0x2a, 0x2a, 0x2a, 0x2a, 0x29,
    0x07, 0x8d, 0x05, 0xd4, 0x60, 0xad, 0xe2, 0x07, 0x18, 0x6d, 0xe4, 0x07,
    0x8d, 0xe2, 0x07, 0xad, 0xe3, 0x07, 0x8d, 0xf0, 0x07, 0x6d, 0xe5, 0x07,
    0x8d, 0xe3, 0x07, 0x38, 0xed, 0xf0, 0x07, 0x8d, 0xed, 0x07, 0xad, 0xe2,
    0x07, 0x18, 0x2a, 0x2a, 0x2a, 0x29, 0x03, 0x49, 0x03, 0x8d, 0x04, 0xd4,
    0x60, 0xa5, 0xf8, 0x10, 0x0d, 0x24, 0xf8, 0x70, 0x09, 0xad, 0x0a, 0xd2,
    0xa8, 0xad, 0x0a, 0xd2, 0x91, 0xf7, 0x60, 0xa5, 0xfa, 0x10, 0x21, 0x24,
    0xfa, 0x50, 0x1d, 0xad, 0xf3, 0x07, 0xf0, 0x10, 0xa0, 0x00, 0xb1, 0xf9,
    0xc8, 0x51, 0xf9, 0xcd, 0xf1, 0x07, 0xf0, 0x01, 0x88, 0x8c, 0xf2, 0x07,
    0xa9, 0x00, 0x8d, 0xf1, 0x07, 0x0a, 0x85, 0xfa, 0x60, 0xa2, 0x00, 0xad,
    0xe6, 0x07, 0xd0, 0x21, 0xad, 0xe7, 0x07, 0xc9, 0x00, 0xd0, 0x0b, 0xac,
    0xe9, 0x07, 0xf0, 0x06, 0x8e, 0xe8, 0x07, 0x8e, 0xe9, 0x07, 0xc9, 0x15,
    0xd0, 0x0b, 0xac, 0xe9, 0x07, 0xd0, 0x06, 0x8e, 0xe8, 0x07, 0x8e, 0xe9,
    0x07, 0xad, 0xe2, 0x07, 0xd0, 0x21, 0xad, 0xe3, 0x07, 0xc9, 0x00, 0xd0,
    0x0b, 0xac, 0xe5, 0x07, 0xf0, 0x06, 0x8e, 0xe4, 0x07, 0x8e, 0xe5, 0x07,
    0xc9, 0x28, 0xd0, 0x0b, 0xac, 0xe5, 0x07, 0xd0, 0x06, 0x8e, 0xe4, 0x07,
    0x8e, 0xe5, 0x07, 0x60, 0xb9, 0x01, 0xab, 0x8d, 0xe8, 0x07, 0xb9, 0x02,
    0xab, 0x8d, 0xe9, 0x07, 0x60, 0xad, 0xeb, 0x07, 0xc9, 0x0b, 0x30, 0x0a,
    0xa9, 0x40, 0x8d, 0xe8, 0x07, 0xa9, 0x00, 0x8d, 0xe9, 0x07, 0xad, 0xeb,
    0x07, 0xc9, 0x05, 0x10, 0x0a, 0xa9, 0xc0, 0x8d, 0xe8, 0x07, 0xa9, 0xff,
    0x8d, 0xe9, 0x07, 0x60, 0xb9, 0x0d, 0xab, 0x8d, 0xe4, 0x07, 0xb9, 0x0e,
    0xab, 0x8d, 0xe5, 0x07, 0x60, 0xad, 0xea, 0x07, 0xc9, 0x11, 0x30, 0x0a,
    0xa9, 0x40, 0x8d, 0xe4, 0x07, 0xa9, 0x00, 0x8d, 0xe5, 0x07, 0xad, 0xea,
    0x07, 0xc9, 0x03, 0x10, 0x0a, 0xa9, 0xc0, 0x8d, 0xe4, 0x07, 0xa9, 0xff,
    0x8d, 0xe5, 0x07, 0x60, 0xa0, 0x09, 0xa2, 0x04, 0xad, 0xeb, 0x07, 0xd9,
    0x00, 0xab, 0xd0, 0x03, 0x20, 0x68, 0xac, 0x88, 0x88, 0x88, 0xca, 0xd0,
    0xef, 0x20, 0x75, 0xac, 0xa0, 0x09, 0xa2, 0x04, 0xad, 0xea, 0x07, 0xd9,
    0x0c, 0xab, 0xd0, 0x03, 0x20, 0x98, 0xac, 0x88, 0x88, 0x88, 0xca, 0xd0,
    0xef, 0x20, 0xa5, 0xac, 0x60, 0xa5, 0xc1, 0xf0, 0x05, 0xa5, 0xa5, 0xd0,
    0x01, 0x60, 0x20, 0x18, 0xab, 0x20, 0xc8, 0xac, 0x20, 0x19, 0xac, 0x20,
    0xb5, 0xab, 0x20, 0x8a, 0xab, 0x20, 0x69, 0xab, 0x60, 0x18, 0xa5, 0x80,
    0x69, 0x01, 0x85, 0x80, 0xa5, 0x81, 0x69, 0x00, 0x85, 0x81, 0x60, 0xa5,
    0xfa, 0x10, 0x21, 0x24, 0xfa, 0x50, 0x1d, 0xa0, 0x00, 0xb1, 0xf9, 0x8d,
    0xf3, 0x07, 0x49, 0xff, 0x91, 0xf9, 0xb1, 0xf9, 0xcd, 0xf3, 0x07, 0xd0,
    0x08, 0xb1, 0xf9, 0xcd, 0xf3, 0x07, 0xd0, 0x01, 0xc8, 0x8c, 0xf3, 0x07,
    0x60, 0xf0, 0x02, 0xa9, 0x28, 0x18, 0x69, 0x00, 0x69, 0x27, 0x85, 0x80,
    0xa9, 0x2c, 0x69, 0x00, 0x85, 0x81, 0x60, 0xa2, 0x00, 0xbd, 0x6b, 0x9f,
    0x85, 0x82, 0xbd, 0x6c, 0x9f, 0x85, 0x83, 0xa0, 0x00, 0xa9, 0x7c, 0x91,
    0x82, 0xc8, 0xc0, 0xa0, 0xd0, 0xf9, 0xe8, 0xe8, 0xe0, 0x2c, 0xd0, 0xe5,
    0x60, 0xa9, 0x00, 0x85, 0xa2, 0xa2, 0x07, 0xa9, 0x00, 0x8d, 0xf4, 0x07,
    0xbd, 0xa0, 0x20, 0x85, 0x84, 0xbd, 0xa1, 0x20, 0x85, 0x85, 0xad, 0x0a,
    0xd2, 0x29, 0x3f, 0xc9, 0x30, 0xb0, 0xf7, 0xa8, 0xee, 0xf4, 0x07, 0xd0,
    0x04, 0xa9, 0x00, 0x91, 0x84, 0xb1, 0x84, 0xc9, 0x7c, 0xf0, 0xdd, 0xa9,
    0x7c, 0x91, 0x84, 0xe8, 0xe8, 0xe8, 0xe0, 0x4f, 0xd0, 0xcd, 0xa9, 0xff,
    0x85, 0xa3, 0xc6, 0xa3, 0xd0, 0xfc, 0xe6, 0xa2, 0xa5, 0xa2, 0xc9, 0x30,
    0xd0, 0xbb, 0x60, 0xa2, 0x00, 0xa9, 0x4a, 0x9d, 0xc3, 0x3d, 0xe8, 0xe0,
    0xa0, 0xd0, 0xf8, 0xa2, 0x00, 0xa9, 0x4a, 0x9d, 0x00, 0x30, 0xe8, 0xe0,
    0x03, 0xd0, 0xf8, 0x60, 0xa9, 0x78, 0x8d, 0xf5, 0x07, 0xa9, 0x00, 0x85,
    0xa3, 0x20, 0x49, 0xad, 0xad, 0x0a, 0xd2, 0x85, 0xa2, 0xa9, 0x27, 0x38,
    0xe5, 0xa2, 0x90, 0xf4, 0x8d, 0xf6, 0x07, 0xee, 0xf6, 0x07, 0xa5, 0x80,
    0x18, 0x65, 0xa2, 0x85, 0x80, 0xa5, 0x81, 0x69, 0x00, 0x85, 0x81, 0xa0,
    0x29, 0xb1, 0x80, 0x20, 0x5b, 0xa1, 0xa5, 0x80, 0x18, 0x6d, 0xf6, 0x07,
    0x85, 0x80, 0xa5, 0x81, 0x69, 0x00, 0x85, 0x81, 0xe6, 0xa3, 0xa5, 0xa3,
    0xc9, 0x16, 0xd0, 0xc4, 0xce, 0xf5, 0x07, 0xd0, 0xb8, 0x60, 0xad, 0xf7,
    0x07, 0xf0, 0x22, 0xa9, 0xaa, 0x8d, 0x05, 0xd2, 0xad, 0x0a, 0xd2, 0x29,
    0x0f, 0x8d, 0x04, 0xd2, 0xad, 0xe0, 0x2b, 0x48, 0xa2, 0x00, 0xbd, 0xe1,
    0x2b, 0x9d, 0xe0, 0x2b, 0xe8, 0xe0, 0x07, 0xd0, 0xf5, 0x68, 0x8d, 0xe7,
    0x2b, 0x60, 0x20, 0xdc, 0xad, 0xa9, 0x00, 0x85, 0xa3, 0x20, 0x49, 0xad,
    0xa9, 0x00, 0x85, 0xa2, 0xa0, 0x29, 0xb1, 0x80, 0x20, 0x5b, 0xa1, 0x20,
    0x15, 0xad, 0xe6, 0xa2, 0xa5, 0xa2, 0xc9, 0x28, 0xd0, 0xee, 0xe6, 0xa3,
    0xa5, 0xa3, 0xc9, 0x16, 0xd0, 0xe2, 0x20, 0xc3, 0xad, 0x60, 0xa5, 0x9a,
    0xc9, 0x0f, 0xf0, 0x42, 0xa9, 0x00, 0x8d, 0xf8, 0x07, 0x8d, 0xf9, 0x07,
    0xa5, 0xaf, 0xd0, 0x1b, 0xbd, 0x00, 0x8f, 0x99, 0x60, 0x2a, 0xbd, 0x08,
    0x8f, 0x99, 0x68, 0x2a, 0xbd, 0x80, 0x8f, 0x99, 0xe0, 0x2a, 0xbd, 0x88,
    0x8f, 0x99, 0xe8, 0x2a, 0x4c, 0xc3, 0xae, 0xbd, 0x00, 0x8e, 0x99, 0x60,
    0x2a, 0xbd, 0x08, 0x8e, 0x99, 0x68, 0x2a, 0xbd, 0x80, 0x8e, 0x99, 0xe0,
    0x2a, 0xbd, 0x88, 0x8e, 0x99, 0xe8, 0x2a, 0x4c, 0x2a, 0xaf, 0xe0, 0x00,
    0xd0, 0x20, 0xa9, 0x00, 0x8d, 0xf9, 0x07, 0xad, 0x0a, 0xd2, 0x29, 0x03,
    0xd0, 0x05, 0xa9, 0x01, 0x8d, 0xf9, 0x07, 0xad, 0x0a, 0xd2, 0x29, 0x0f,
    0xd0, 0x08, 0xa9, 0x01, 0x4d, 0xf8, 0x07, 0x8d, 0xf8, 0x07, 0xad, 0xf9,
    0x07, 0xf0, 0x0f, 0xbd, 0x00, 0x8d, 0x99, 0x60, 0x2a, 0xbd, 0x08, 0x8d,
    0x99, 0x68, 0x2a, 0x4c, 0x0a, 0xaf, 0xb9, 0x10, 0x2a, 0x99, 0x60, 0x2a,
    0xb9, 0x18, 0x2a, 0x99, 0x68, 0x2a, 0xad, 0xf8, 0x07, 0xf0, 0x0f, 0xbd,
    0x80, 0x8d, 0x99, 0xe0, 0x2a, 0xbd, 0x88, 0x8d, 0x99, 0xe8, 0x2a, 0x4c,
    0x2a, 0xaf, 0xb9, 0x90, 0x2a, 0x99, 0xe0, 0x2a, 0xb9, 0x98, 0x2a, 0x99,
    0xe8, 0x2a, 0x60, 0xad, 0xfa, 0x07, 0x0a, 0xaa, 0xa0, 0x00, 0xbd, 0x00,
    0x9a, 0x99, 0x40, 0x2a, 0xbd, 0x08, 0x9a, 0x99, 0x48, 0x2a, 0xbd, 0x80,
    0x9a, 0x99, 0xc0, 0x2a, 0xbd, 0x88, 0x9a, 0x99, 0xc8, 0x2a, 0xbd, 0x00,
    0x98, 0x99, 0x00, 0x2a, 0xbd, 0x08, 0x98, 0x99, 0x08, 0x2a, 0xbd, 0x80,
    0x98, 0x99, 0x80, 0x2a, 0xbd, 0x88, 0x98, 0x99, 0x88, 0x2a, 0xbd, 0x00,
    0x9b, 0x99, 0x00, 0x29, 0xbd, 0x08, 0x9b, 0x99, 0x08, 0x29, 0xbd, 0x80,
    0x9b, 0x99, 0x80, 0x29, 0xbd, 0x88, 0x9b, 0x99, 0x88, 0x29, 0xbd, 0x00,
    0x99, 0x99, 0x20, 0x2b, 0xbd, 0x08, 0x99, 0x99, 0x28, 0x2b, 0xbd, 0x80,
    0x99, 0x99, 0xa0, 0x2b, 0xbd, 0x88, 0x99, 0x99, 0xa8, 0x2b, 0x20, 0x7e,
    0xae, 0xc8, 0xe8, 0xc0, 0x08, 0xd0, 0x97, 0x60, 0xa5, 0xc0, 0xf0, 0x0a,
    0xad, 0xc8, 0x02, 0x09, 0x0f, 0xc6, 0xc0, 0x4c, 0xaf, 0xaf, 0xad, 0xc8,
    0x02, 0x29, 0xf0, 0x06, 0xfa, 0x0e, 0xf1, 0x07, 0x8d, 0xc8, 0x02, 0x60,
    0xee, 0xfb, 0x07, 0xad, 0xfb, 0x07, 0x29, 0x07, 0xd0, 0x2a, 0xa5, 0xaa,
    0x8d, 0x00, 0xd2, 0xa5, 0xa8, 0x0a, 0x0a, 0x0a, 0x0a, 0x18, 0x65, 0xa9,
    0x8d, 0x01, 0xd2, 0x46, 0xa9, 0xa5, 0xae, 0x8d, 0x06, 0xd2, 0xa5, 0xac,
    0x0a, 0x0a, 0x0a, 0x0a, 0x18, 0x65, 0xad, 0x8d, 0x07, 0xd2, 0xa5, 0xad,
    0xf0, 0x02, 0xc6, 0xad, 0x20, 0xf3, 0xab, 0x60, 0xa2, 0x07, 0xbd, 0x70,
    0x2a, 0x9d, 0x10, 0x29, 0x9d, 0x18, 0x29, 0x9d, 0x90, 0x29, 0x9d, 0x98,
    0x29, 0xca, 0x10, 0xee, 0x60, 0xa9, 0xa6, 0x8d, 0x05, 0xd2, 0xad, 0x0a,
    0xd2, 0x29, 0x07, 0x18, 0x69, 0x0a, 0x8d, 0x04, 0xd2, 0xad, 0xfa, 0x07,
    0x29, 0x1f, 0xaa, 0xa0, 0x00, 0xbd, 0x60, 0x2b, 0x99, 0x10, 0x29, 0x99,
    0x18, 0x29, 0x99, 0x90, 0x29, 0x99, 0x98, 0x29, 0xe8, 0xc8, 0xc0, 0x08,
    0xd0, 0xeb, 0x60, 0xa5, 0x9c, 0xc9, 0x01, 0xd0, 0x06, 0x20, 0x05, 0xb0,
    0x4c, 0x4f, 0xb0, 0xc9, 0x02, 0xd0, 0x0c, 0x20, 0xf0, 0xaf, 0xa9, 0x00,
    0x8d, 0x05, 0xd2, 0xa9, 0x03, 0x85, 0x9c, 0x60, 0x20, 0x23, 0xad, 0xee,
    0xfc, 0x07, 0xa9, 0x01, 0x2d, 0xfc, 0x07, 0xd0, 0x11, 0xad, 0xfa, 0x07,
    0x18, 0x69, 0x08, 0x29, 0x3f, 0x8d, 0xfa, 0x07, 0x20, 0x2b, 0xaf, 0x20,
    0x33, 0xb0, 0x60, 0xa5, 0xb6, 0x49, 0x01, 0x25, 0x9c, 0xc9, 0x01, 0xd0,
    0x1f, 0xa5, 0x9d, 0x18, 0x69, 0x01, 0x85, 0x9d, 0xc9, 0x3c, 0xd0, 0x14,
    0xa9, 0x00, 0x85, 0x9d, 0xa5, 0x9e, 0x18, 0x69, 0x01, 0x85, 0x9e, 0xcd,
    0x01, 0x21, 0xd0, 0x04, 0xa9, 0x02, 0x85, 0x9c, 0x60, 0x20, 0x9c, 0xaf,
    0x20, 0x33, 0xb0, 0x20, 0x50, 0xb0, 0x20, 0xf9, 0xac, 0x20, 0x2a, 0xae,
    0x20, 0x6f, 0xb0, 0x20, 0x63, 0xa6, 0x20, 0xb8, 0xaf, 0xad, 0xd0, 0x07,
    0xf0, 0x03, 0x20, 0xb7, 0xaa, 0x20, 0xe1, 0xab, 0xad, 0xf2, 0x07, 0xf0,
    0x03, 0x20, 0x60, 0x9f, 0x60, 0xa0, 0x29, 0xb1, 0x80, 0x0a, 0xaa, 0xbd,
    0x81, 0x8c, 0xf0, 0x0a, 0x85, 0x87, 0xbd, 0x80, 0x8c, 0x85, 0x86, 0x6c,
    0x86, 0x00, 0x60, 0x60, 0xa2, 0x01, 0x20, 0x7c, 0xa1, 0xa0, 0x00, 0xd9,
    0x1c, 0x21, 0xb0, 0x03, 0xbe, 0x18, 0x21, 0xc8, 0xc0, 0x04, 0xd0, 0xf3,
    0x8a, 0xa0, 0x29, 0x91, 0x80, 0x60, 0xa9, 0x01, 0x85, 0xa3, 0x20, 0x49,
    0xad, 0xa9, 0x00, 0x85, 0xa2, 0x20, 0xdc, 0xb0, 0x20, 0x15, 0xad, 0xe6,
    0xa2, 0xa5, 0xa2, 0xc9, 0x28, 0xd0, 0xf2, 0xe6, 0xa3, 0xa5, 0xa3, 0xc9,
    0x16, 0xd0, 0xe6, 0x60, 0x14, 0x0a, 0x05, 0x02, 0x00, 0xa4, 0xb7, 0xf0,
    0x08, 0xa2, 0x10, 0xca, 0xd0, 0xfd, 0x88, 0xd0, 0xf8, 0x60, 0xa2, 0x00,
    0xa9, 0x00, 0x9d, 0x00, 0xd2, 0xe8, 0xe0, 0x09, 0xd0, 0xf8, 0x60, 0xa0,
    0x00, 0xa2, 0x00, 0xca, 0xd0, 0xfd, 0x88, 0xd0, 0xf8, 0x60, 0x20, 0x37,
    0xb1, 0x20, 0x37, 0xb1, 0x20, 0x37, 0xb1, 0x20, 0x37, 0xb1, 0x60, 0xa0,
    0x00, 0xa2, 0x00, 0xad, 0xfc, 0x02, 0xc9, 0x21, 0xd0, 0x04, 0xa0, 0x01,
    0xa2, 0x01, 0xca, 0xd0, 0xf2, 0x88, 0xd0, 0xed, 0x60, 0xad, 0xa4, 0x20,
    0x8d, 0xfd, 0x07, 0xad, 0xa5, 0x20, 0x8d, 0xfe, 0x07, 0xa9, 0x7f, 0x8d,
    0xa4, 0x20, 0xa9, 0xa0, 0x8d, 0xa5, 0x20, 0x20, 0x4f, 0xb1, 0xad, 0xfd,
    0x07, 0x8d, 0xa4, 0x20, 0xad, 0xfe, 0x07, 0x8d, 0xa5, 0x20, 0x20, 0x4f,
    0xb1, 0x20, 0x4f, 0xb1, 0x20, 0x4f, 0xb1, 0xad, 0xfc, 0x02, 0xc9, 0x21,
    0xd0, 0xcb, 0x60, 0xad, 0xfc, 0x02, 0xc9, 0x21, 0xd0, 0x18, 0xa9, 0x00,
    0x8d, 0xfc, 0x02, 0xa9, 0x01, 0x85, 0xb6, 0x20, 0x2a, 0xb1, 0x20, 0x65,
    0xb1, 0xa9, 0x00, 0x85, 0xb6, 0xa9, 0x00, 0x8d, 0xfc, 0x02, 0xad, 0xfc,
    0x02, 0xc9, 0x1c, 0xd0, 0x0d, 0xa5, 0xa5, 0xd0, 0x04, 0xa9, 0x02, 0x85,
    0xa7, 0xa9, 0x00, 0x8d, 0xfc, 0x02, 0xad, 0x1f, 0xd0, 0xc9, 0x06, 0xd0,
    0x03, 0x6c, 0x8e, 0x00, 0x60, 0xa5, 0xa0, 0xd0, 0x0b, 0xa5, 0xa1, 0xf0,
    0x07, 0xa9, 0x00, 0x85, 0x9b, 0x8d, 0x05, 0xd2, 0xa5, 0xa0, 0x85, 0xa1,
    0xa9, 0x00, 0x85, 0xa0, 0xa5, 0xb4, 0x85, 0xb5, 0xa9, 0x00, 0x85, 0xb4,
    0x60, 0x20, 0x66, 0xa7, 0xa5, 0xa6, 0xc9, 0x10, 0xd0, 0x0e, 0xad, 0xe0,
    0x07, 0xd0, 0x09, 0xad, 0xd7, 0x07, 0xf0, 0x04, 0xa9, 0x02, 0x85, 0xa7,
    0x60, 0x20, 0x9b, 0xb1, 0x20, 0xc4, 0xa5, 0x60, 0xa9, 0x10, 0xc5, 0xa6,
    0xf0, 0x02, 0xe6, 0xa6, 0x20, 0xf9, 0xb1, 0xad, 0x78, 0x02, 0xc9, 0x0f,
    0xf0, 0x04, 0xa9, 0x01, 0x85, 0x4d, 0x20, 0xd9, 0xb1, 0x60, 0xa9, 0x01,
    0x85, 0xa3, 0x20, 0x49, 0xad, 0x20, 0x18, 0xb2, 0xa9, 0x00, 0x85, 0xa2,
    0x20, 0xc5, 0xb0, 0xa0, 0x00, 0xb1, 0x80, 0xaa, 0xbd, 0x00, 0x8c, 0xf0,
    0x02, 0x91, 0x80, 0x18, 0xa5, 0x80, 0x69, 0x01, 0x85, 0x80, 0xa5, 0x81,
    0x69, 0x00, 0x85, 0x81, 0xe6, 0xa2, 0xa5, 0xa2, 0xc9, 0x28, 0xd0, 0xdc,
    0x20, 0xa6, 0xa8, 0x20, 0x05, 0xa5, 0x20, 0x1d, 0xb1, 0xe6, 0xa3, 0xa5,
    0xa3, 0xc9, 0x16, 0xd0, 0xc7, 0x20, 0x11, 0xb2, 0xe6, 0xf8, 0x60, 0x00,
    0x00, 0x01, 0xa2, 0x00, 0xa9, 0x00, 0x9d, 0xff, 0x07, 0xe8, 0xe0, 0x03,
    0xd0, 0xf8, 0xad, 0x02, 0x08, 0xf0, 0x1a, 0xa2, 0x02, 0x18, 0xbd, 0xff,
    0x07, 0x7d, 0x7b, 0xb2, 0xc9, 0x0a, 0x90, 0x02, 0xe9, 0x0a, 0x9d, 0xff,
    0x07, 0xca, 0x10, 0xee, 0xce, 0x02, 0x08, 0xd0, 0xe6, 0x60, 0x02, 0x00,
    0x03, 0x00, 0x04, 0x00, 0x11, 0x00, 0x06, 0x00, 0x07, 0x00, 0x08, 0x00,
    0x12, 0x00, 0x0a, 0x00, 0x0b, 0x00, 0x0c, 0x00, 0x13, 0x00, 0x0e, 0x00,
    0x0f, 0x00, 0x10, 0x00, 0x14, 0x00, 0x05, 0x01, 0x09, 0x01, 0x0d, 0x01,
    0x15, 0x01, 0xa5, 0xc9, 0xc5, 0xb2, 0xf0, 0x24, 0x85, 0xb2, 0x0a, 0xaa,
    0xbd, 0xa9, 0xb2, 0x85, 0xc1, 0x18, 0xa9, 0x28, 0x7d, 0xfe, 0x84, 0x85,
    0x8c, 0xa9, 0x85, 0x7d, 0xff, 0x84, 0x85, 0x8d, 0xa0, 0x00, 0xb1, 0x8c,
    0x99, 0x00, 0x21, 0xc8, 0xc0, 0xf0, 0xd0, 0xf6, 0xa6, 0xca, 0xbd, 0x04,
    0x21, 0x85, 0x93, 0xa9, 0x00, 0x85, 0x94, 0xa2, 0x00, 0xbd, 0x13, 0x21,
    0x9d, 0xc4, 0x02, 0xe8, 0xe0, 0x05, 0xd0, 0xf5, 0x60, 0xa9, 0x00, 0x85,
    0xa0, 0x85, 0xa1, 0x85, 0xa6, 0x85, 0xa7, 0x85, 0x9c, 0x85, 0x9d, 0x85,
    0x9e, 0x85, 0x9f, 0x85, 0xb4, 0x8d, 0xd7, 0x07, 0x8d, 0xd6, 0x07, 0x85,
    0xba, 0x85, 0xb6, 0x20, 0xf0, 0xaf, 0xa6, 0xca, 0xbd, 0x18, 0xb1, 0x85,
    0xb7, 0xbd, 0x0e, 0x21, 0x8d, 0x03, 0x08, 0x8d, 0x02, 0x08, 0x20, 0x7e,
    0xb2, 0xa2, 0x00, 0xbd, 0xff, 0x07, 0x9d, 0xd3, 0x07, 0xe8, 0xe0, 0x03,
    0xd0, 0xf5, 0x20, 0x26, 0xa6, 0xa6, 0xca, 0xbd, 0x09, 0x21, 0x8d, 0x02,
    0x08, 0x20, 0x7e, 0xb2, 0xa2, 0x00, 0xbd, 0x00, 0x08, 0x9d, 0xda, 0x07,
    0xe8, 0xe0, 0x02, 0xd0, 0xf5, 0x20, 0xb0, 0xa6, 0xad, 0x02, 0x21, 0x8d,
    0x02, 0x08, 0x20, 0x7e, 0xb2, 0xa2, 0x00, 0xbd, 0xff, 0x07, 0x95, 0xc5,
    0xe8, 0xe0, 0x03, 0xd0, 0xf6, 0xad, 0x03, 0x21, 0x8d, 0x02, 0x08, 0x20,
    0x7e, 0xb2, 0xa2, 0x00, 0xbd, 0xff, 0x07, 0x9d, 0xdc, 0x07, 0xe8, 0xe0,
    0x03, 0xd0, 0xf5, 0x20, 0xc1, 0xa6, 0xa2, 0x00, 0xa9, 0x00, 0x9d, 0xd8,
    0x07, 0xe8, 0xe0, 0x02, 0xd0, 0xf8, 0x20, 0x9f, 0xa6, 0xa9, 0x01, 0x85,
    0x9b, 0x85, 0xa4, 0xa9, 0x04, 0x85, 0xa5, 0xa5, 0xba, 0xd0, 0x0c, 0xa5,
    0xbf, 0x49, 0x01, 0x25, 0xb9, 0xf0, 0x04, 0xa9, 0x06, 0x85, 0xa5, 0xa9,
    0x03, 0x8d, 0x0f, 0xd2, 0x8d, 0x32, 0x02, 0xa9, 0x7f, 0x85, 0xb3, 0x60,
    0xa9, 0x4b, 0x8d, 0x02, 0xd2, 0xa9, 0x00, 0x8d, 0x03, 0xd2, 0xa9, 0x40,
    0x85, 0xab, 0x60, 0xa9, 0x16, 0x8d, 0xa4, 0x20, 0xa9, 0xa0, 0x8d, 0xa5,
    0x20, 0x20, 0x42, 0xb1, 0x60, 0xa0, 0x00, 0xa2, 0x80, 0xa5, 0xc1, 0xd0,
    0x07, 0xa5, 0xb8, 0x49, 0x01, 0x4c, 0x06, 0xb4, 0xa5, 0xb8, 0x25, 0xbf,
    0xf0, 0x06, 0xad, 0x85, 0x02, 0x4c, 0x13, 0xb4, 0xad, 0x84, 0x02, 0x8d,
    0xe0, 0x07, 0xd0, 0x04, 0xa0, 0x01, 0xa2, 0x01, 0xca, 0xd0, 0xda, 0x88,
    0xd0, 0xd5, 0x60, 0xa9, 0x14, 0x8d, 0x04, 0x08, 0xad, 0xa4, 0x20, 0x8d,
    0xfd, 0x07, 0xad, 0xa5, 0x20, 0x8d, 0xfe, 0x07, 0xa9, 0x40, 0x8d, 0xa4,
    0x20, 0xa9, 0xa0, 0x8d, 0xa5, 0x20, 0x20, 0xf5, 0xb3, 0xad, 0xfd, 0x07,
    0x8d, 0xa4, 0x20, 0xad, 0xfe, 0x07, 0x8d, 0xa5, 0x20, 0x20, 0xf5, 0xb3,
    0x20, 0xf5, 0xb3, 0x20, 0xf5, 0xb3, 0xce, 0x04, 0x08, 0xd0, 0x05, 0xa9,
    0x00, 0x8d, 0xe0, 0x07, 0xad, 0xe0, 0x07, 0xd0, 0xc3, 0x60, 0xa5, 0xc9,
    0x0a, 0xaa, 0xbd, 0xa9, 0xb2, 0x85, 0xc1, 0xf0, 0x10, 0xa9, 0x55, 0x8d,
    0xa4, 0x20, 0xa9, 0xa0, 0x8d, 0xa5, 0x20, 0x20, 0x7d, 0xa5, 0x4c, 0x8b,
    0xb4, 0xa9, 0xbc, 0x8d, 0xa4, 0x20, 0xa9, 0x07, 0x8d, 0xa5, 0x20, 0x60,
    0xad, 0xd7, 0x07, 0xcd, 0x03, 0x08, 0xd0, 0x03, 0x20, 0x23, 0xb4, 0xa5,
    0xbb, 0xf0, 0x06, 0x20, 0xe7, 0xb3, 0x4c, 0xa8, 0xb4, 0xa5, 0xc9, 0xf0,
    0x03, 0x20, 0x66, 0xb4, 0xa9, 0x01, 0x8d, 0xf7, 0x07, 0x20, 0x2a, 0xb1,
    0x20, 0x79, 0xad, 0x20, 0x5b, 0xad, 0xa5, 0xbb, 0xf0, 0x03, 0x20, 0x42,
    0xb1, 0x60, 0x00, 0x2c, 0x28, 0x2c, 0x50, 0x2c, 0x78, 0x2c, 0xa0, 0x2c,
    0xc8, 0x2c, 0xf0, 0x2c, 0x18, 0x2d, 0x40, 0x2d, 0x68, 0x2d, 0x90, 0x2d,
    0xb8, 0x2d, 0xe0, 0x2d, 0x08, 0x2e, 0x30, 0x2e, 0x58, 0x2e, 0x80, 0x2e,
    0xa8, 0x2e, 0xd0, 0x2e, 0xf8, 0x2e, 0x20, 0x2f, 0x48, 0x2f, 0x70, 0x2f,
    0x98, 0x2f, 0xad, 0x07, 0x08, 0x0a, 0xa8, 0x18, 0xb9, 0xbe, 0xb4, 0x6d,
    0x06, 0x08, 0x85, 0x8a, 0xb9, 0xbf, 0xb4, 0x69, 0x00, 0x85, 0x8b, 0x60,
    0x20, 0xee, 0xb4, 0xad, 0x05, 0x08, 0xa0, 0x00, 0x91, 0x8a, 0x60, 0xd8,
    0xff, 0xd9, 0xff, 0x01, 0x00, 0x29, 0x00, 0x28, 0x00, 0x27, 0x00, 0xff,
    0xff, 0xd7, 0xff, 0xa0, 0x00, 0x0a, 0xaa, 0xbd, 0x0f, 0xb5, 0x8d, 0x0c,
    0x08, 0xbd, 0x10, 0xb5, 0x8d, 0x0d, 0x08, 0xce, 0x0b, 0x08, 0x30, 0x17,
    0xad, 0x05, 0x08, 0x91, 0x8a, 0x18, 0xa5, 0x8a, 0x6d, 0x0c, 0x08, 0x85,
    0x8a, 0xa5, 0x8b, 0x6d, 0x0d, 0x08, 0x85, 0x8b, 0x4c, 0x2f, 0xb5, 0x60,
    0x20, 0xee, 0xb4, 0xad, 0x08, 0x08, 0x8d, 0x0b, 0x08, 0xad, 0x09, 0x08,
    0x20, 0x1f, 0xb5, 0x60, 0x20, 0xee, 0xb4, 0xad, 0x09, 0x08, 0x8d, 0x0b,
    0x08, 0xce, 0x0b, 0x08, 0x30, 0x1e, 0xac, 0x08, 0x08, 0x88, 0x30, 0x08,
    0xad, 0x05, 0x08, 0x91, 0x8a, 0x4c, 0x6d, 0xb5, 0x18, 0xa5, 0x8a, 0x69,
    0x28, 0x85, 0x8a, 0xa5, 0x8b, 0x69, 0x00, 0x85, 0x8b, 0x4c, 0x65, 0xb5,
    0x60, 0x20, 0x5c, 0xb5, 0xad, 0x0a, 0x08, 0x8d, 0x05, 0x08, 0xee, 0x06,
    0x08, 0xee, 0x07, 0x08, 0xce, 0x08, 0x08, 0xce, 0x08, 0x08, 0xce, 0x09,
    0x08, 0xce, 0x09, 0x08, 0x20, 0x5c, 0xb5, 0x60, 0x20, 0xee, 0xb4, 0xad,
    0x08, 0x08, 0x8d, 0x0b, 0x08, 0xce, 0x0b, 0x08, 0xa9, 0x02, 0x20, 0x1f,
    0xb5, 0xad, 0x09, 0x08, 0x8d, 0x0b, 0x08, 0xce, 0x0b, 0x08, 0xa9, 0x04,
    0x20, 0x1f, 0xb5, 0xad, 0x08, 0x08, 0x8d, 0x0b, 0x08, 0xce, 0x0b, 0x08,
    0xa9, 0x06, 0x20, 0x1f, 0xb5, 0xad, 0x09, 0x08, 0x8d, 0x0b, 0x08, 0xce,
    0x0b, 0x08, 0xa9, 0x00, 0x20, 0x1f, 0xb5, 0x60, 0xc8, 0xc8, 0xc8, 0x8c,
    0x0e, 0x08, 0x60, 0xc8, 0xc8, 0x20, 0xe4, 0xb5, 0x60, 0xc8, 0x20, 0xeb,
    0xb5, 0x60, 0xa0, 0x00, 0x8c, 0x0e, 0x08, 0xac, 0x0e, 0x08, 0xb9, 0x20,
    0x21, 0xc9, 0xff, 0xf0, 0x68, 0x29, 0x3f, 0x8d, 0x05, 0x08, 0xc9, 0x25,
    0xd0, 0x0a, 0xb9, 0x21, 0x21, 0x85, 0xb0, 0xb9, 0x22, 0x21, 0x85, 0xb1,
    0xb9, 0x21, 0x21, 0x8d, 0x06, 0x08, 0xb9, 0x22, 0x21, 0x8d, 0x07, 0x08,
    0xb9, 0x23, 0x21, 0x8d, 0x08, 0x08, 0xb9, 0x24, 0x21, 0x8d, 0x09, 0x08,
    0xb9, 0x25, 0x21, 0x8d, 0x0a, 0x08, 0xb9, 0x20, 0x21, 0x29, 0xc0, 0xd0,
    0x09, 0x20, 0xe4, 0xb5, 0x20, 0x04, 0xb5, 0x4c, 0x6a, 0xb6, 0xc9, 0x40,
    0xd0, 0x09, 0x20, 0xeb, 0xb5, 0x20, 0x4c, 0xb5, 0x4c, 0x6a, 0xb6, 0xc9,
    0x80, 0xd0, 0x09, 0x20, 0xf1, 0xb5, 0x20, 0x89, 0xb5, 0x4c, 0x6a, 0xb6,
    0xc9, 0xc0, 0xd0, 0x06, 0x20, 0xeb, 0xb5, 0x20, 0xa8, 0xb5, 0x4c, 0xfb,
    0xb5, 0x60, 0xa5, 0xb9, 0x18, 0x69, 0x51, 0x8d, 0x5c, 0x2f, 0xa5, 0xbf,
    0x18, 0x69, 0x51, 0x8d, 0x66, 0x2f, 0x60, 0xa9, 0x07, 0x8d, 0x05, 0x08,
    0xa9, 0x00, 0x8d, 0x06, 0x08, 0xa9, 0x02, 0x8d, 0x07, 0x08, 0xa9, 0x28,
    0x8d, 0x08, 0x08, 0xa9, 0x16, 0x8d, 0x09, 0x08, 0x20, 0xa8, 0xb5, 0x60,
    0xa2, 0x00, 0xa9, 0x80, 0x9d, 0x28, 0x2c, 0x9d, 0x68, 0x2d, 0x9d, 0xa8,
    0x2e, 0xe8, 0xe0, 0x50, 0xd0, 0xf2, 0xa2, 0x00, 0xbd, 0x00, 0x92, 0x09,
    0x80, 0x9d, 0x50, 0x2c, 0xbd, 0x00, 0x93, 0x09, 0x80, 0x9d, 0x90, 0x2d,
    0xe8, 0xe0, 0x10, 0xd0, 0xeb, 0xa2, 0x00, 0xbd, 0x10, 0x92, 0x09, 0x80,
    0x9d, 0x78, 0x2c, 0xbd, 0x10, 0x93, 0x09, 0x80, 0x9d, 0xb8, 0x2d, 0xe8,
    0xe0, 0xf0, 0xd0, 0xeb, 0xad, 0x0f, 0x08, 0x05, 0xbd, 0xf0, 0x2a, 0xa2,
    0x00, 0xbd, 0x98, 0x9f, 0x9d, 0x20, 0x2f, 0xe8, 0xe0, 0x14, 0xd0, 0xf5,
    0xa2, 0x00, 0xbd, 0xad, 0x9f, 0x9d, 0x34, 0x2f, 0xe8, 0xe0, 0x14, 0xd0,
    0xf5, 0xa2, 0x00, 0xbd, 0x94, 0xa0, 0x9d, 0x48, 0x2f, 0xe8, 0xe0, 0x14,
    0xd0, 0xf5, 0x4c, 0x34, 0xb7, 0xa2, 0x00, 0xbd, 0xd7, 0x9f, 0x9d, 0x20,
    0x2f, 0xe8, 0xe0, 0x14, 0xd0, 0xf5, 0xa2, 0x00, 0xbd, 0x80, 0x07, 0x9d,
    0x34, 0x2f, 0xe8, 0xe0, 0x14, 0xd0, 0xf5, 0xa2, 0x00, 0xbd, 0x94, 0x07,
    0x9d, 0x48, 0x2f, 0xe8, 0xe0, 0x14, 0xd0, 0xf5, 0xa2, 0x00, 0xbd, 0x6a,
    0xa0, 0x9d, 0x70, 0x2f, 0xe8, 0xe0, 0x14, 0xd0, 0xf5, 0xa2, 0x00, 0xbd,
    0xc2, 0x9f, 0x9d, 0x5c, 0x2f, 0xe8, 0xe0, 0x14, 0xd0, 0xf5, 0x20, 0x6e,
    0xb6, 0xa9, 0x03, 0x8d, 0x05, 0x08, 0xa9, 0x00, 0x8d, 0x06, 0x08, 0x8d,
    0x07, 0x08, 0xa9, 0x28, 0x8d, 0x08, 0x08, 0xa9, 0x13, 0x8d, 0x09, 0x08,
    0x20, 0xa8, 0xb5, 0xa9, 0x00, 0x8d, 0x0f, 0x08, 0x60, 0x00, 0x00, 0x00,
    0x00, 0x00, 0x00, 0x00, 0x00, 0x00, 0x00, 0x00, 0x00, 0x00, 0x00, 0x00,
    0x00, 0x00, 0x00, 0x00, 0x00, 0x20, 0x4e, 0xbd, 0x49, 0x9a, 0x45, 0xb2,
    0x41, 0x02, 0x3e, 0x87, 0x3a, 0x3e, 0x37, 0x24, 0x34, 0x37, 0x31, 0x74,
    0x2e, 0xd9, 0x2b, 0x63, 0x29, 0x10, 0x27, 0xde, 0x24, 0xcd, 0x22, 0xd9,
    0x20, 0x01, 0x1f, 0x43, 0x1d, 0x9f, 0x1b, 0x12, 0x1a, 0x9b, 0x18, 0x3a,
    0x17, 0xec, 0x15, 0xb1, 0x14, 0x88, 0x13, 0x6f, 0x12, 0x66, 0x11, 0x6c,
    0x10, 0x80, 0x0f, 0xa1, 0x0e, 0xcf, 0x0d, 0x09, 0x0d, 0x4d, 0x0c, 0x9d,
    0x0b, 0xf6, 0x0a, 0x58, 0x0a, 0xc4, 0x09, 0x37, 0x09, 0xb3, 0x08, 0x36,
    0x08, 0xc0, 0x07, 0x50, 0x07, 0xe7, 0x06, 0x84, 0x06, 0x26, 0x06, 0xce,
    0x05, 0x7b, 0x05, 0x2c, 0x05, 0xe2, 0x04, 0x00, 0x00, 0xad, 0x11, 0x08,
    0xc9, 0xa0, 0xd0, 0x33, 0xae, 0x10, 0x08, 0xee, 0x10, 0x08, 0xee, 0x10,
    0x08, 0xbd, 0x01, 0x94, 0x0a, 0xa8, 0xb9, 0x71, 0xb7, 0x8d, 0x00, 0xd2,
    0xb9, 0x72, 0xb7, 0x8d, 0x02, 0xd2, 0xbd, 0x00, 0x94, 0x0a, 0xa8, 0xb9,
    0x71, 0xb7, 0x8d, 0x04, 0xd2, 0xb9, 0x72, 0xb7, 0x8d, 0x06, 0xd2, 0xad,
    0x10, 0x08, 0xd0, 0x03, 0xee, 0x12, 0x08, 0x18, 0xad, 0x11, 0x08, 0x69,
    0x03, 0x8d, 0x07, 0xd2, 0xad, 0x11, 0x08, 0x49, 0x07, 0x69, 0x04, 0x8d,
    0x03, 0xd2, 0xad, 0x11, 0x08, 0x18, 0x69, 0x01, 0x29, 0xa7, 0x8d, 0x11,
    0x08, 0xa5, 0xbd, 0xf0, 0x0c, 0xad, 0x12, 0x08, 0xc9, 0x02, 0xd0, 0x05,
    0xa9, 0x01, 0x8d, 0x13, 0x08, 0x60, 0xa2, 0x07, 0xbd, 0x30, 0x24, 0x1d,
    0x00, 0x24, 0x9d, 0x48, 0x24, 0xbd, 0x38, 0x24, 0x1d, 0x00, 0x24, 0x9d,
    0x50, 0x24, 0xca, 0x10, 0xeb, 0x60, 0xad, 0x15, 0x08, 0xd0, 0x08, 0xa9,
    0x01, 0x8d, 0x15, 0x08, 0x4c, 0x8a, 0xb8, 0xee, 0xfc, 0x07, 0xa9, 0x01,
    0x2d, 0xfc, 0x07, 0xd0, 0x06, 0x20, 0xea, 0xaa, 0x20, 0x52, 0xb8, 0x20,
    0xe9, 0xb7, 0x60, 0xad, 0x1f, 0xd0, 0xc9, 0x03, 0xd0, 0x47, 0xa9, 0x00,
    0x8d, 0x12, 0x08, 0xee, 0x16, 0x08, 0xad, 0x16, 0x08, 0xc9, 0x04, 0xd0,
    0x05, 0xa9, 0x01, 0x8d, 0x16, 0x08, 0xad, 0x16, 0x08, 0xc9, 0x01, 0xd0,
    0x08, 0xa9, 0x00, 0x85, 0xb9, 0xa9, 0x00, 0x85, 0xbf, 0xad, 0x16, 0x08,
    0xc9, 0x02, 0xd0, 0x08, 0xa9, 0x01, 0x85, 0xb9, 0xa9, 0x00, 0x85, 0xbf,
    0xad, 0x16, 0x08, 0xc9, 0x03, 0xd0, 0x08, 0xa9, 0x01, 0x85, 0xb9, 0xa9,
    0x01, 0x85, 0xbf, 0x20, 0x6e, 0xb6, 0x20, 0x42, 0xb1, 0x60, 0xad, 0x78,
    0x02, 0xc9, 0x0d, 0xd0, 0x08, 0xa9, 0x00, 0xc5, 0xca, 0xf0, 0x02, 0xc6,
    0xca, 0xad, 0x78, 0x02, 0xc9, 0x0e, 0xd0, 0x12, 0xa9, 0x04, 0xc5, 0xca,
    0xf0, 0x02, 0xe6, 0xca, 0xa5, 0xca, 0xc9, 0x03, 0xd0, 0x04, 0xa9, 0x01,
    0x85, 0xc9, 0xad, 0x78, 0x02, 0xc9, 0x0b, 0xd0, 0x0a, 0xa5, 0xc9, 0xc9,
    0x05, 0x90, 0x04, 0xe9, 0x04, 0x85, 0xc9, 0xad, 0x78, 0x02, 0xc9, 0x07,
    0xd0, 0x10, 0xa5, 0xca, 0xc9, 0x03, 0xb0, 0x0a, 0xa5, 0xc9, 0xc9, 0x0d,
    0xb0, 0x04, 0x69, 0x04, 0x85, 0xc9, 0xa5, 0xca, 0x18, 0x69, 0x51, 0x8d,
    0x81, 0x2f, 0xa5, 0xc9, 0x18, 0x69, 0x60, 0x8d, 0x77, 0x2f, 0xad, 0x78,
    0x02, 0xc9, 0x0f, 0xf0, 0x08, 0xa9, 0x00, 0x8d, 0x12, 0x08, 0x20, 0x37,
    0xb1, 0x60, 0xa9, 0x00, 0x85, 0xbe, 0xa9, 0xa8, 0x8d, 0x30, 0x02, 0xa9,
    0x9e, 0x8d, 0x31, 0x02, 0x60, 0x20, 0x8b, 0xb8, 0x20, 0xda, 0xb8, 0xad,
    0x1f, 0xd0, 0xc9, 0x06, 0xd0, 0x03, 0x20, 0x4a, 0xb9, 0xa5, 0xbe, 0xd0,
    0x0c, 0xad, 0x84, 0x02, 0xd0, 0x07, 0x85, 0xbd, 0xa9, 0x01, 0x8d, 0x13,
    0x08, 0xad, 0x13, 0x08, 0xf0, 0xdb, 0x60, 0xa2, 0x00, 0xbd, 0x58, 0x24,
    0x9d, 0x00, 0x24, 0xe8, 0xe0, 0x08, 0xd0, 0xf5, 0xa9, 0x01, 0x85, 0xc9,
    0x85, 0xbd, 0xa9, 0x3f, 0x8d, 0xfc, 0x02, 0x20, 0x59, 0xb9, 0xa9, 0x01,
    0x8d, 0xf7, 0x07, 0xa9, 0x00, 0x8d, 0x14, 0x08, 0x20, 0x2a, 0xb1, 0xa5,
    0xbd, 0xf0, 0x08, 0xa9, 0x00, 0x85, 0xca, 0xa9, 0x01, 0x85, 0xc9, 0xa5,
    0xc9, 0x18, 0x69, 0xa0, 0x8d, 0xcc, 0x07, 0xa5, 0xca, 0x18, 0x69, 0x91,
    0x8d, 0xce, 0x07, 0xa9, 0xbc, 0x8d, 0xa4, 0x20, 0xa9, 0x07, 0x8d, 0xa5,
    0x20, 0xa9, 0xa0, 0x8d, 0x30, 0x02, 0xa9, 0x20, 0x8d, 0x31, 0x02, 0xa9,
    0x00, 0x8d, 0xfc, 0x02, 0xa9, 0x02, 0x85, 0xa7, 0x60, 0x94, 0x96, 0x0c,
    0x9e, 0x00, 0x20, 0x9c, 0xb6, 0xa9, 0x00, 0x8d, 0x13, 0x08, 0xa9, 0x24,
    0x8d, 0xf4, 0x02, 0xa5, 0xbe, 0xf0, 0x0d, 0xa9, 0xe1, 0x8d, 0x30, 0x02,
    0xa9, 0x9e, 0x8d, 0x31, 0x02, 0x4c, 0x0e, 0xba, 0xa9, 0xa8, 0x8d, 0x30,
    0x02, 0xa9, 0x9e, 0x8d, 0x31, 0x02, 0xa2, 0x00, 0xbd, 0xe1, 0xb9, 0x9d,
    0xc4, 0x02, 0xe8, 0xe0, 0x05, 0xd0, 0xf5, 0xa9, 0x00, 0x8d, 0x15, 0x08,
    0xa9, 0x01, 0x8d, 0x14, 0x08, 0xad, 0x15, 0x08, 0xf0, 0xfb, 0xa9, 0x00,
    0x8d, 0x10, 0x08, 0x8d, 0x12, 0x08, 0x8d, 0x01, 0xd2, 0x8d, 0x05, 0xd2,
    0xa9, 0xa0, 0x8d, 0x11, 0x08, 0xa9, 0x03, 0x8d, 0x32, 0x02, 0x8d, 0x0f,
    0xd2, 0xa9, 0x78, 0x8d, 0x08, 0xd2, 0x60, 0xa9, 0xc0, 0x8d, 0x0e, 0xd4,
    0xad, 0x14, 0x08, 0xc9, 0x01, 0xd0, 0x00, 0x20, 0x6a, 0xb8, 0xa9, 0x00,
    0xad, 0x15, 0x08, 0xf0, 0xfb, 0xa9, 0x00, 0x8d, 0x10, 0x08, 0x8d, 0x12,
    0x08, 0x8d, 0x01, 0xd2, 0x8d, 0x05, 0xd2, 0xa9, 0xa0, 0x8d, 0x11, 0x08,
    0xa9, 0x03, 0x8d, 0x32, 0x02, 0x8d, 0x0f, 0xd2, 0xa9, 0x78, 0x8d, 0x08,
    0xd2, 0x60, 0xa9, 0xc0, 0x8d, 0x0e, 0xd4, 0xad, 0x14, 0x08, 0xc9, 0x01,
    0xd0, 0x00, 0x20, 0x6a, 0xb8, 0xa9, 0x00, 0xad, 0x15, 0x08, 0xf0, 0xfb,
    0xa9, 0x00, 0x8d, 0x10, 0x08, 0x8d, 0x12, 0x08, 0x8d, 0x01, 0xd2, 0x8d,
    0x05, 0xd2, 0xa9, 0xa0, 0x8d, 0x11, 0x08, 0xa9, 0x03, 0x8d, 0x32, 0x02,
    0x8d, 0x0f, 0xd2, 0xa9, 0x78, 0x8d, 0x08, 0xd2, 0x60, 0xa9, 0xc0, 0x8d,
    0x0e, 0xd4, 0xad, 0x14, 0x08, 0xc9, 0x01, 0xd0, 0x07, 0x20, 0x6a, 0xb8,
    0xa9, 0x00, 0x85, 0x4d, 0xad, 0x14, 0x08, 0xc9, 0x00, 0xd0, 0x03, 0x20,
    0x99, 0xb0, 0x4c, 0x62, 0xe4, 0x20, 0xd2, 0xb2, 0x20, 0xf6, 0xb0, 0x20,
    0x7f, 0xb6, 0x20, 0xf6, 0xb5, 0x20, 0x15, 0xb3, 0xa9, 0x00, 0x8d, 0xe8,
    0x07, 0x8d, 0xe9, 0x07, 0x8d, 0xe4, 0x07, 0x8d, 0xe5, 0x07, 0xa9, 0x24,
    0x8d, 0xf4, 0x02, 0xa9, 0xa0, 0x8d, 0x30, 0x02, 0xa9, 0x20, 0x8d, 0x31,
    0x02, 0x20, 0x52, 0xae, 0xa9, 0x00, 0x8d, 0xf7, 0x07, 0x20, 0x2a, 0xb1,
    0x20, 0xd8, 0xb3, 0x60, 0xa9, 0x00, 0x85, 0xb8, 0x85, 0xbb, 0xa2, 0x00,
    0xa9, 0x00, 0x95, 0xcb, 0xe8, 0xe0, 0x06, 0xd0, 0xf9, 0xa2, 0x00, 0xa9,
    0x00, 0x95, 0xc2, 0xe8, 0xe0, 0x06, 0xd0, 0xf9, 0xa9, 0x03, 0x85, 0xc8,
    0xa2, 0x00, 0xb5, 0xc8, 0x95, 0xd7, 0xe8, 0xe0, 0x09, 0xd0, 0xf7, 0xa2,
    0x00, 0xb5, 0xc8, 0x95, 0xe6, 0xe8, 0xe0, 0x09, 0xd0, 0xf7, 0xa2, 0x00,
    0xb5, 0xe0, 0x95, 0xd1, 0xe8, 0xe0, 0x06, 0xd0, 0xf7, 0x60, 0xc6, 0xc8,
    0xa5, 0xb8, 0xd0, 0x0e, 0xa2, 0x00, 0xb5, 0xc8, 0x95, 0xd7, 0xe8, 0xe0,
    0x0f, 0xd0, 0xf7, 0x4c, 0x75, 0xbb, 0xa2, 0x00, 0xb5, 0xc8, 0x95, 0xe6,
    0xe8, 0xe0, 0x0f, 0xd0, 0xf7, 0xa5, 0xb9, 0xf0, 0x13, 0xa5, 0xb8, 0xd0,
    0x09, 0xa5, 0xe6, 0xf0, 0x02, 0xe6, 0xb8, 0x4c, 0x8c, 0xbb, 0xa5, 0xd7,
    0xf0, 0x02, 0xc6, 0xb8, 0xa5, 0xb8, 0xd0, 0x0e, 0xa2, 0x00, 0xb5, 0xd7,
    0x95, 0xc8, 0xe8, 0xe0, 0x0f, 0xd0, 0xf7, 0x4c, 0xa9, 0xbb, 0xa2, 0x00,
    0xb5, 0xe6, 0x95, 0xc8, 0xe8, 0xe0, 0x0f, 0xd0, 0xf7, 0xa5, 0xc8, 0xd0,
    0x0c, 0xa9, 0x01, 0x85, 0xbb, 0xa9, 0x03, 0x85, 0xc8, 0xa9, 0x00, 0x85,
    0xb8, 0x60, 0xa9, 0xaa, 0x8d, 0x07, 0xd2, 0xa2, 0x0f, 0x8a, 0x18, 0x6d,
    0x17, 0x08, 0x8d, 0x06, 0xd2, 0xa0, 0x00, 0x88, 0xd0, 0xfd, 0xca, 0xd0,
    0xf0, 0xa9, 0x00, 0x8d, 0x07, 0xd2, 0x60, 0xa2, 0x00, 0xa9, 0x00, 0x85,
    0xbc, 0xb5, 0xd1, 0xdd, 0xb6, 0x07, 0xf0, 0x08, 0xa2, 0x05, 0xb0, 0x04,
    0xa9, 0x01, 0x85, 0xbc, 0xe8, 0xe0, 0x06, 0xd0, 0xec, 0xa5, 0xbc, 0xf0,
    0x0c, 0xa2, 0x00, 0xbd, 0xb6, 0x07, 0x95, 0xd1, 0xe8, 0xe0, 0x06, 0xd0,
    0xf6, 0x60, 0xa2, 0x00, 0xb5, 0xe0, 0x9d, 0x95, 0x07, 0xb5, 0xef, 0x9d,
    0xa1, 0x07, 0x18, 0xb5, 0xda, 0x69, 0x90, 0x9d, 0x81, 0x07, 0xb5, 0xe9,
    0x69, 0x90, 0x9d, 0x8d, 0x07, 0xe8, 0xe0, 0x06, 0xd0, 0xe2, 0x60, 0xa5,
    0xc9, 0x0a, 0xaa, 0xbd, 0xa8, 0xb2, 0xc9, 0x15, 0xd0, 0x0a, 0xa5, 0xca,
    0xc9, 0x04, 0xf0, 0x02, 0xe6, 0xca, 0xa9, 0x01, 0x85, 0xc9, 0x60, 0xa2,
    0x00, 0xa9, 0x00, 0x95, 0xc2, 0xe8, 0xe0, 0x06, 0xd0, 0xf9, 0xa5, 0xca,
    0x18, 0x69, 0x01, 0x85, 0xc7, 0xa9, 0x00, 0x85, 0xa7, 0x8d, 0x17, 0x08,
    0x20, 0x0d, 0xa6, 0x20, 0x26, 0xa6, 0x20, 0xa4, 0xa5, 0x20, 0xc4, 0xa5,
    0x20, 0xba, 0xbb, 0xee, 0x17, 0x08, 0xa5, 0xa7, 0xf0, 0xea, 0x20, 0x42,
    0xb1, 0xa9, 0x00, 0x85, 0xa8, 0x20, 0x23, 0xbc, 0x60, 0xa2, 0x7f, 0xa9,
    0x00, 0x95, 0x80, 0xca, 0xd0, 0xfb, 0xa2, 0x3b, 0xa9, 0x3f, 0x85, 0xfc,
    0xa9, 0x00, 0x85, 0xfb, 0xa0, 0x00, 0x91, 0xfb, 0xc8, 0xd0, 0xfb, 0xc6,
    0xfc, 0xca, 0xd0, 0xf4, 0x60, 0x20, 0xd7, 0xbb, 0x20, 0x56, 0xbb, 0xa5,
    0xbb, 0xf0, 0x09, 0xa9, 0x00, 0x85, 0xc9, 0x85, 0xca, 0x20, 0x02, 0xbc,
    0x60, 0xa9, 0x01, 0x85, 0xb6, 0xa5, 0xba, 0xf0, 0x06, 0x20, 0x3b, 0xbc,
    0x4c, 0xc4, 0xbc, 0xa5, 0xc1, 0xf0, 0x06, 0x20, 0x23, 0xbc, 0x4c, 0xc4,
    0xbc, 0x20, 0x95, 0xbc, 0xa5, 0xbd, 0xd0, 0x30, 0xa5, 0xb8, 0x18, 0x69,
    0x91, 0x8d, 0xc3, 0x07, 0xa5, 0xc8, 0x18, 0x69, 0x90, 0x8d, 0xc6, 0x07,
    0xa5, 0xc8, 0xc9, 0x01, 0xd0, 0x05, 0xa9, 0xa1, 0x4c, 0xe5, 0xbc, 0xa9,
    0xa5, 0x8d, 0xc9, 0x07, 0xa5, 0xc9, 0x18, 0x69, 0xa0, 0x8d, 0xcc, 0x07,
    0xa5, 0xca, 0x18, 0x69, 0x91, 0x8d, 0xce, 0x07, 0x60, 0x20, 0x32, 0xb2,
    0xa5, 0xa7, 0xf0, 0xf9, 0x20, 0x2a, 0xb1, 0x20, 0xa9, 0xbc, 0x20, 0xb1,
    0xaa, 0x60, 0xa9, 0x00, 0x8d, 0x19, 0x08, 0x8d, 0x1a, 0x08, 0x8d, 0x18,
    0x08, 0xad, 0x18, 0x08, 0xd0, 0x23, 0xae, 0x19, 0x08, 0xbd, 0xc0, 0x8b,
    0x8d, 0x18, 0x08, 0x29, 0x0f, 0x85, 0x9a, 0xd0, 0x05, 0xa9, 0x01, 0x8d,
    0x1a, 0x08, 0x4e, 0x18, 0x08, 0x4e, 0x18, 0x08, 0x4e, 0x18, 0x08, 0x4e,
    0x18, 0x08, 0xee, 0x19, 0x08, 0xad, 0x84, 0x02, 0xd0, 0x05, 0xa9, 0x01,
    0x8d, 0x1a, 0x08, 0xad, 0x1a, 0x08, 0xd0, 0x09, 0x20, 0x32, 0xb2, 0xce,
    0x18, 0x08, 0x4c, 0x15, 0xbd, 0x20, 0x2a, 0xb1, 0xa5, 0xba, 0xf0, 0x03,
    0x20, 0xa9, 0xbc, 0xa9, 0x00, 0x85, 0xc9, 0x60, 0xa5, 0xc9, 0xd0, 0x0c,
    0x20, 0xe6, 0xb9, 0x20, 0x7f, 0xb9, 0x20, 0x14, 0xbb, 0x4c, 0x87, 0xbd,
    0x20, 0xd9, 0xba, 0xa5, 0xbd, 0xf0, 0x06, 0x20, 0x0a, 0xbd, 0x4c, 0x84,
    0xbd, 0x20, 0xf9, 0xbc, 0x20, 0x8c, 0xb4, 0xa2, 0x00, 0xa9, 0x00, 0x9d,
    0x00, 0x24, 0xe8, 0xe0, 0x08, 0xd0, 0xf8, 0x60, 0xa2, 0x00, 0xbd, 0xec,
    0x9f, 0x9d, 0x80, 0x07, 0xbd, 0x01, 0xa0, 0x9d, 0x94, 0x07, 0xbd, 0x2b,
    0xa0, 0x9d, 0xbc, 0x07, 0xa9, 0x00, 0x9d, 0xa8, 0x07, 0xe8, 0xe0, 0x14,
    0xd0, 0xe4, 0xa9, 0xbc, 0x8d, 0xab, 0x07, 0x60, 0xa2, 0x00, 0xbd, 0x00,
    0x90, 0x9d, 0x00, 0x24, 0xbd, 0x00, 0x91, 0x9d, 0x00, 0x25, 0xbd, 0x00,
    0x94, 0x9d, 0x00, 0x28, 0xbd, 0x00, 0x95, 0x9d, 0x00, 0x29, 0xbd, 0x00,
    0x96, 0x9d, 0x00, 0x2a, 0xbd, 0x00, 0x97, 0x9d, 0x00, 0x2b, 0xe8, 0xd0,
    0xd9, 0x60, 0x20, 0x2a, 0xb1, 0xa9, 0x00, 0x8d, 0xe2, 0x07, 0x8d, 0xe3,
    0x07, 0x8d, 0xe6, 0x07, 0x8d, 0xe7, 0x07, 0x85, 0xc9, 0x85, 0xca, 0x8d,
    0xfa, 0x07, 0xa9, 0x01, 0x8d, 0x0f, 0x08, 0x85, 0xbd, 0x85, 0xbe, 0xa9,
    0xff, 0x85, 0xb2, 0x8d, 0x14, 0x08, 0xa2, 0x00, 0xa9, 0x00, 0x9d, 0xc4,
    0x02, 0xe8, 0xe0, 0x05, 0xd0, 0xf8, 0xa9, 0xdb, 0x85, 0x88, 0xa9, 0xb0,
    0x85, 0x89, 0xad, 0x1b, 0x08, 0xf0, 0x1d, 0xa2, 0x00, 0xa9, 0x90, 0x95,
    0xe0, 0x95, 0xef, 0x95, 0xd1, 0xe8, 0xe0, 0x06, 0xd0, 0xf5, 0xa9, 0x00,
    0x8d, 0x1b, 0x08, 0x85, 0xbf, 0x85, 0xb9, 0xa9, 0x01, 0x8d, 0x16, 0x08,
    0xa9, 0x00, 0x8d, 0xd0, 0x07, 0x20, 0x9a, 0xaa, 0xa2, 0x00, 0xbd, 0xa8,
    0xa0, 0x9d, 0xa0, 0x20, 0xe8, 0xe0, 0x51, 0xd0, 0xf5, 0x20, 0x5b, 0xad,
    0x20, 0x94, 0xbd, 0x20, 0xb8, 0xbd, 0xa9, 0x03, 0x8d, 0xf1, 0x07, 0x0a,
    0x85, 0xfa, 0xa9, 0x00, 0x8d, 0xf2, 0x07, 0xa0, 0xb9, 0xa2, 0xba, 0xa9,
    0x07, 0x20, 0x5c, 0xe4, 0x60, 0xa2, 0xff, 0x9a, 0x20, 0xe2, 0xbd, 0xa9,
    0x60, 0x8d, 0x00, 0x02, 0xa9, 0x9f, 0x8d, 0x01, 0x02, 0xa9, 0xc0, 0x8d,
    0x0e, 0xd4, 0x20, 0x64, 0xbd, 0xa9, 0x01, 0xd0, 0xf9, 0x20, 0x75, 0xbc,
    0xa9, 0x75, 0x85, 0x8e, 0xa9, 0xbe, 0x85, 0x8f, 0xa9, 0x01, 0x8d, 0x1b,
    0x08, 0x6c, 0x8e, 0x00, 0x00, 0x00, 0x00, 0x00, 0x00, 0x00, 0x00, 0x00,
    0x00, 0x00, 0x00, 0x00, 0x00, 0x00, 0x00, 0x00, 0x00, 0x00, 0x00, 0x00,
    0x00, 0x00, 0x00, 0x00, 0x00, 0x00, 0x00, 0x00, 0x00, 0x00, 0x00, 0x00,
    0x00, 0x00, 0x00, 0x00, 0x00, 0x00, 0x00, 0x00, 0x00, 0x00, 0x00, 0x00,
    0x00, 0x00, 0x00, 0x00, 0x00, 0x00, 0x00, 0x00, 0x00, 0x00, 0x00, 0x00,
    0x00, 0x00, 0x00, 0x00, 0x00, 0x00, 0x00, 0x00, 0x00, 0x00, 0x00, 0x00,
    0x00, 0x00, 0x00, 0x00, 0x00, 0x00, 0x00, 0x00, 0x00, 0x00, 0x00, 0x00,
    0x00, 0x00, 0x00, 0x00, 0x00, 0x00, 0x00, 0x00, 0x00, 0x00, 0x00, 0x00,
    0x20, 0x44, 0xae, 0x20, 0x3f, 0xbe, 0x20, 0x63, 0xbe, 0xa9, 0x03, 0x8d,
    0xf8, 0x07, 0x0a, 0x85, 0xfa, 0xa9, 0x00, 0x8d, 0xf9, 0x07, 0xa0, 0x2c,
    0xa2, 0xbb, 0xa9, 0x07, 0x20, 0x5c, 0xe4, 0x60, 0xa2, 0xff, 0x9a, 0x20,
    0x8d, 0xbe, 0xa9, 0x60, 0x8d, 0x00, 0x02, 0xa9, 0x9f, 0x8d, 0x01, 0x02,
    0xa9, 0xc0, 0x8d, 0x0e, 0xd4, 0x20, 0x0f, 0xbe, 0xa9, 0x01, 0xd0, 0xf9,
    0x20, 0xe2, 0xbc, 0xa9, 0x20, 0x85, 0x8e, 0xa9, 0xbf, 0x85, 0x8f, 0xa9,
    0x01, 0x8d, 0x21, 0x08, 0x6c, 0x8e, 0x00, 0x00, 0x00, 0x00, 0x00, 0x00,
    0x00, 0x00, 0x00, 0x00, 0x00, 0x00, 0x00, 0x00, 0x00, 0x00, 0x00, 0x00,
    0x00, 0x00, 0x00, 0x00, 0x00, 0x00, 0x00, 0x00, 0x00, 0x00, 0x00, 0x00,
    0x00, 0x00, 0x00, 0x00, 0x00, 0x00, 0x00, 0x00, 0x00, 0x00, 0x00, 0x00,
    0x00, 0x00, 0x00, 0x00, 0x00, 0x00, 0x00, 0x00, 0x89, 0xad, 0x7d, 0x08,
    0xf0, 0x22, 0xa2, 0x00, 0xa9, 0x90, 0x9d, 0xce, 0x07, 0x9d, 0xdd, 0x07,
    0x9d, 0xbf, 0x07, 0xe8, 0xe0, 0x06, 0xd0, 0xf2, 0xa9, 0x00, 0x8d, 0x7d,
    0x08, 0x8d, 0xad, 0x07, 0x8d, 0xa7, 0x07, 0xa9, 0x01, 0x8d, 0x78, 0x08,
    0xa9, 0x00, 0x8d, 0x33, 0x08, 0x20, 0x01, 0xab, 0xa2, 0x00, 0xbd, 0xa8,
    0xa0, 0x9d, 0xa0, 0x20, 0xe8, 0xe0, 0x51, 0xd0, 0xf5, 0x20, 0xe5, 0xad,
    0x20, 0xf2, 0xbe, 0x20, 0x16, 0xbf, 0xa0, 0xb8, 0xa2, 0xbb, 0xa9, 0x07,
    0x20, 0x5c, 0xe4, 0x60, 0xa2, 0xff, 0x9a, 0x20, 0x40, 0xbf, 0xa9, 0x60,
    0x8d, 0x00, 0x02, 0xa9, 0x9f, 0x8d, 0x01, 0x02, 0xa9, 0xc0, 0x8d, 0x0e,
    0xd4, 0x20, 0xc0, 0xbe, 0xa9, 0x01, 0xd0, 0xf9, 0x20, 0xa1, 0xbd, 0xa9,
    0xd0, 0x85, 0x8e, 0xa9, 0xbf, 0x85, 0x8f, 0xa9, 0x01, 0x8d, 0x91, 0xbe,
    0x00, 0x04, 0x04, 0xb0};
