unsigned char miner2049_rom[16384] = {
    0x70, 0x70, 0xf0, 0xd7, 0x59, 0x80, 0x70, 0x86, 0x70, 0xf0, 0xc7, 0x00,
    0x08, 0xf0, 0x86, 0x86, 0x86, 0x86, 0x86, 0x86, 0x86, 0x86, 0x86, 0x70,
    0x82, 0x70, 0xf0, 0x57, 0x1f, 0x80, 0x41, 0x00, 0x15, 0x00, 0x55, 0x00,
    0x95, 0x00, 0xd5, 0x00, 0x00, 0x00, 0x00, 0x00, 0x15, 0x00, 0x55, 0x00,
    0x95, 0x00, 0xd5, 0x00, 0x00, 0x00, 0x00, 0x00, 0x30, 0x72, 0x65, 0x73,
    0x73, 0x00, 0xb3, 0xb4, 0xa1, 0xb2, 0xb4, 0x00, 0x26, 0x6f, 0x72, 0x00,
    0x61, 0x00, 0x11, 0x00, 0x2d, 0x69, 0x6e, 0x65, 0x72, 0x00, 0x27, 0x61,
    0x6d, 0x65, 0x00, 0x00, 0x00, 0x00, 0x00, 0x15, 0x00, 0x55, 0x00, 0x95,
    0x00, 0xd5, 0x00, 0x00, 0x00, 0x00, 0x00, 0x15, 0x00, 0x55, 0x00, 0x95,
    0x00, 0xd5, 0x00, 0x00, 0x00, 0x00, 0x00, 0x00, 0x00, 0x28, 0x29, 0x27,
    0x28, 0x00, 0x33, 0x23, 0x2f, 0x32, 0x25, 0x33, 0x1a, 0x00, 0x00, 0x00,
    0x00, 0x24, 0x21, 0x2e, 0x27, 0x25, 0x32, 0x32, 0x61, 0x64, 0x69, 0x6f,
    0x61, 0x63, 0x74, 0x69, 0x76, 0x65, 0x37, 0x61, 0x73, 0x74, 0x65, 0x2d,
    0x29, 0x2e, 0x25, 0x32, 0x00, 0x12, 0x10, 0x14, 0x19, 0x65, 0x72, 0x22,
    0x79, 0x22, 0x69, 0x6c, 0x6c, 0x00, 0x28, 0x6f, 0x67, 0x75, 0x65, 0x33,
    0x74, 0x61, 0x72, 0x72, 0x69, 0x6e, 0x67, 0x02, 0x22, 0x6f, 0x75, 0x6e,
    0x74, 0x79, 0x00, 0x22, 0x6f, 0x62, 0x02, 0x23, 0x6f, 0x70, 0x79, 0x72,
    0x69, 0x67, 0x68, 0x74, 0x00, 0x08, 0x23, 0x09, 0x11, 0x19, 0x18, 0x12,
    0x00, 0x22, 0x79, 0x22, 0x69, 0x67, 0x00, 0x26, 0x69, 0x76, 0x65, 0x00,
    0x33, 0x6f, 0x66, 0x74, 0x77, 0x61, 0x72, 0x65, 0x30, 0x0e, 0x2f, 0x0e,
    0x00, 0x22, 0x6f, 0x78, 0x00, 0x19, 0x10, 0x17, 0x18, 0x0d, 0x11, 0x18,
    0x15, 0x36, 0x61, 0x6e, 0x00, 0x2e, 0x75, 0x79, 0x73, 0x00, 0x23, 0x61,
    0x00, 0x19, 0x11, 0x14, 0x10, 0x19, 0x08, 0x12, 0x11, 0x13, 0x09, 0x00,
    0x17, 0x18, 0x12, 0x0d, 0x16, 0x18, 0x16, 0x11, 0x27, 0x61, 0x6d, 0x65,
    0x00, 0x2f, 0x76, 0x65, 0x72, 0x2d, 0x69, 0x6e, 0x65, 0x72, 0x34, 0x2e,
    0x34, 0x00, 0x23, 0x68, 0x61, 0x72, 0x67, 0x65, 0x1d, 0x00, 0x00, 0x00,
    0x10, 0x00, 0x34, 0x6f, 0x6e, 0x73, 0x00, 0x00, 0x00, 0x00, 0x00, 0x00,
    0x00, 0x00, 0xad, 0xa9, 0xae, 0xa5, 0xb2, 0x00, 0x91, 0x00, 0x00, 0x00,
    0x00, 0x00, 0x00, 0x00, 0x00, 0x00, 0x00, 0x00, 0x00, 0x00, 0x67, 0x72,
    0x65, 0x61, 0x74, 0x00, 0x73, 0x63, 0x6f, 0x72, 0x65, 0x41, 0x00, 0x00,
    0x00, 0x00, 0x00, 0x00, 0xe5, 0xee, 0xf4, 0xe5, 0xf2, 0x00, 0xf9, 0xef,
    0xf5, 0xf2, 0x00, 0xee, 0xe1, 0xed, 0xe5, 0xc1, 0x00, 0x00, 0x00, 0x00,
    0x00, 0x9e, 0x9e, 0x00, 0x00, 0x00, 0x00, 0x00, 0x00, 0x00, 0x00, 0x00,
    0x00, 0x9c, 0x9c, 0x00, 0x00, 0x00, 0x00, 0x00, 0x00, 0x00, 0x00, 0x00,
    0x00, 0x2d, 0x29, 0x2e, 0x25, 0x32, 0x00, 0x11, 0x00, 0x00, 0x00, 0x00,
    0x00, 0x00, 0x00, 0x00, 0x00, 0x00, 0x00, 0x00, 0x00, 0x00, 0x00, 0x70,
    0x72, 0x65, 0x70, 0x61, 0x72, 0x65, 0x00, 0x66, 0x6f, 0x72, 0x00, 0x00,
    0x00, 0x00, 0x00, 0x00, 0x00, 0x00, 0x00, 0x00, 0x00, 0x00, 0x00, 0x00,
    0xb3, 0xb4, 0xa1, 0xb4, 0xa9, 0xaf, 0xae, 0x00, 0x91, 0x00, 0x00, 0x00,
    0x00, 0x00, 0x00, 0x00, 0x00, 0x00, 0x00, 0x00, 0x00, 0x00, 0x00, 0x00,
    0x00, 0x00, 0x00, 0x00, 0x00, 0x00, 0x00, 0x00, 0x00, 0x00, 0x00, 0x00,
    0x00, 0x00, 0x00, 0x00, 0x00, 0xfa, 0xef, 0xee, 0xe5, 0x2c, 0x2a, 0x1b,
    0x00, 0x00, 0x2b, 0x0b, 0x0a, 0x2f, 0x00, 0x30, 0x35, 0x00, 0x29, 0x0d,
    0x1d, 0x36, 0x00, 0x23, 0x00, 0x00, 0x22, 0x38, 0x3a, 0x14, 0x00, 0x13,
    0x16, 0x00, 0x15, 0x12, 0x11, 0x0c, 0x00, 0x0e, 0x2e, 0x00, 0x2d, 0x0f,
    0x00, 0x32, 0x00, 0x25, 0x39, 0x00, 0x34, 0x37, 0x31, 0x19, 0x00, 0x10,
    0x17, 0x00, 0x18, 0x1c, 0x1e, 0x26, 0x28, 0x24, 0x00, 0x00, 0x27, 0x33,
    0x21, 0x3e, 0x3c, 0x3b, 0x3f, 0x3d, 0x1f, 0x09, 0x01, 0x02, 0x03, 0x04,
    0x05, 0x06, 0x07, 0x20, 0x08, 0x1a, 0x1a, 0x60, 0x60, 0x93, 0xc6, 0xf9,
    0x2c, 0x5f, 0x92, 0xc5, 0xf8, 0x2b, 0x5f, 0x92, 0x82, 0x82, 0x82, 0x82,
    0x82, 0x83, 0x83, 0x83, 0x83, 0x83, 0x84, 0x84, 0x84, 0x00, 0x18, 0x3c,
    0xff, 0x00, 0x00, 0x00, 0x00, 0x00, 0x00, 0x18, 0x18, 0x3c, 0x6e, 0x00,
    0x00, 0x6e, 0x7e, 0x3c, 0x00, 0x18, 0x3c, 0xff, 0x3c, 0x34, 0x3e, 0x34,
    0x38, 0x1c, 0x00, 0x00, 0x00, 0x00, 0x6e, 0x6e, 0x00, 0x00, 0x00, 0x00,
    0x00, 0x00, 0x00, 0x10, 0x10, 0x10, 0x10, 0x00, 0x00, 0x18, 0x18, 0x1c,
    0x00, 0x18, 0x3c, 0xff, 0x00, 0x00, 0x00, 0x00, 0x00, 0x00, 0x18, 0x18,
    0x3c, 0x6e, 0x00, 0x00, 0x7a, 0x7e, 0x3c, 0x00, 0x18, 0x3c, 0xff, 0x3c,
    0x34, 0x3e, 0x34, 0x38, 0x1c, 0x00, 0x00, 0x00, 0x00, 0x6e, 0x76, 0x00,
    0x00, 0x00, 0x00, 0x00, 0x00, 0x00, 0x10, 0x10, 0x08, 0x04, 0x00, 0x00,
    0x14, 0x14, 0x1e, 0x00, 0x18, 0x3c, 0xff, 0x00, 0x00, 0x00, 0x00, 0x00,
    0x00, 0x18, 0x18, 0x3c, 0x6e, 0x00, 0x00, 0x3e, 0x7e, 0x3c, 0x00, 0x18,
    0x3c, 0xff, 0x3c, 0x34, 0x3e, 0x34, 0x38, 0x1c, 0x00, 0x00, 0x00, 0x00,
    0x6e, 0x5e, 0x00, 0x00, 0x00, 0x00, 0x00, 0x00, 0x00, 0x10, 0x10, 0x20,
    0x40, 0x00, 0x00, 0x24, 0x24, 0x36, 0x00, 0x18, 0x3c, 0xff, 0x00, 0x00,
    0x00, 0x00, 0x00, 0x00, 0x18, 0x18, 0x3c, 0x76, 0x00, 0x00, 0x76, 0x7e,
    0x3c, 0x00, 0x18, 0x3c, 0xff, 0x3c, 0x2c, 0x7c, 0x2c, 0x1c, 0x38, 0x00,
    0x00, 0x00, 0x00, 0x76, 0x76, 0x00, 0x00, 0x00, 0x00, 0x00, 0x00, 0x00,
    0x08, 0x08, 0x08, 0x08, 0x00, 0x00, 0x18, 0x18, 0x38, 0x00, 0x18, 0x3c,
    0xff, 0x00, 0x00, 0x00, 0x00, 0x00, 0x00, 0x18, 0x18, 0x3c, 0x76, 0x00,
    0x00, 0x5e, 0x7e, 0x3c, 0x00, 0x18, 0x3c, 0xff, 0x3c, 0x2c, 0x7c, 0x2c,
    0x1c, 0x38, 0x00, 0x00, 0x00, 0x00, 0x76, 0x6e, 0x00, 0x00, 0x00, 0x00,
    0x00, 0x00, 0x00, 0x08, 0x08, 0x10, 0x20, 0x00, 0x00, 0x28, 0x28, 0x78,
    0x00, 0x18, 0x3c, 0xff, 0x00, 0x00, 0x00, 0x00, 0x00, 0x00, 0x18, 0x18,
    0x3c, 0x76, 0x00, 0x00, 0x7c, 0x7e, 0x3c, 0x00, 0x18, 0x3c, 0xff, 0x3c,
    0x2c, 0x7c, 0x2c, 0x1c, 0x38, 0x00, 0x00, 0x00, 0x00, 0x76, 0x7a, 0x00,
    0x00, 0x00, 0x00, 0x00, 0x00, 0x00, 0x08, 0x08, 0x04, 0x02, 0x00, 0x00,
    0x24, 0x24, 0x6c, 0x00, 0x18, 0x3c, 0xff, 0x00, 0x00, 0x00, 0x00, 0x00,
    0x00, 0x18, 0x18, 0x3c, 0x7e, 0x00, 0x00, 0x7e, 0x7e, 0x3c, 0x00, 0x18,
    0x3c, 0xff, 0x3c, 0x7e, 0x7e, 0x7e, 0x3c, 0x3c, 0x00, 0x00, 0x00, 0x00,
    0x7e, 0x7e, 0x00, 0x00, 0x00, 0x00, 0xc0, 0x80, 0x83, 0x81, 0x00, 0x00,
    0x00, 0x00, 0x00, 0x24, 0x26, 0x60, 0x00, 0x18, 0x3c, 0xff, 0x00, 0x00,
    0x00, 0x00, 0x00, 0x00, 0x18, 0x18, 0x3c, 0x7e, 0x00, 0x00, 0x7e, 0x7e,
    0x3c, 0x00, 0x18, 0x3c, 0xff, 0x3c, 0x7e, 0x7e, 0x7e, 0x3c, 0x3c, 0x00,
    0x00, 0x00, 0x00, 0x7e, 0x7e, 0x00, 0x00, 0x00, 0x00, 0x03, 0x01, 0xc1,
    0x81, 0x00, 0x00, 0x00, 0x00, 0x00, 0x24, 0x64, 0x06, 0x00, 0x00, 0x00,
    0x18, 0x3c, 0xff, 0x00, 0x00, 0x3e, 0x3e, 0x00, 0x00, 0x7e, 0x7f, 0x7f,
    0x7e, 0x66, 0x66, 0x60, 0x00, 0x00, 0x00, 0x18, 0x3c, 0xff, 0x7e, 0x3c,
    0x00, 0x00, 0x7e, 0x7e, 0x00, 0x00, 0x00, 0x00, 0x00, 0x01, 0x41, 0xc0,
    0x80, 0x00, 0x00, 0x00, 0x00, 0x00, 0x00, 0x00, 0x04, 0x26, 0x20, 0x60,
    0x00, 0x00, 0x00, 0x18, 0x3c, 0xff, 0x00, 0x00, 0x7c, 0x7c, 0x00, 0x00,
    0x7e, 0xfe, 0xfe, 0x7e, 0x66, 0x66, 0x06, 0x00, 0x00, 0x00, 0x18, 0x3c,
    0xff, 0x7e, 0x3c, 0x00, 0x00, 0x7e, 0x7e, 0x00, 0x00, 0x00, 0x00, 0x00,
    0x80, 0x82, 0x03, 0x01, 0x00, 0x00, 0x00, 0x00, 0x00, 0x00, 0x00, 0x20,
    0x64, 0x04, 0x06, 0x00, 0x00, 0x18, 0x3c, 0xff, 0x00, 0x00, 0x00, 0x00,
    0x00, 0x00, 0x18, 0x18, 0x3c, 0x6e, 0x00, 0x00, 0x7e, 0x7e, 0x38, 0x00,
    0x18, 0x3c, 0xff, 0x3c, 0x34, 0x3e, 0x3c, 0x30, 0x1c, 0x00, 0x00, 0x00,
    0x00, 0x5e, 0x3e, 0x00, 0x00, 0x00, 0x00, 0x01, 0x01, 0x02, 0x10, 0x20,
    0x40, 0x80, 0x80, 0x05, 0x57, 0x72, 0x20, 0x00, 0x18, 0x3c, 0xff, 0x00,
    0x00, 0x00, 0x00, 0x00, 0x00, 0x18, 0x18, 0x3c, 0x76, 0x00, 0x00, 0x7e,
    0x7e, 0x1c, 0x00, 0x18, 0x3c, 0xff, 0x3c, 0x2c, 0x7c, 0x3c, 0x0c, 0x38,
    0x00, 0x00, 0x00, 0x00, 0x7a, 0x7c, 0x00, 0x00, 0x00, 0x00, 0x80, 0x80,
    0x40, 0x08, 0x04, 0x02, 0x01, 0x01, 0xa0, 0xea, 0x4e, 0x04, 0x00, 0xef,
    0x86, 0x01, 0x87, 0x13, 0x87, 0x25, 0x87, 0x37, 0x87, 0x49, 0x87, 0x58,
    0x87, 0x66, 0x87, 0x73, 0x87, 0x88, 0x87, 0x97, 0x87, 0xa9, 0x87, 0xb8,
    0x87, 0xc4, 0x87, 0xdf, 0x87, 0x0c, 0x88, 0x39, 0x88, 0x56, 0x88, 0x71,
    0x88, 0x80, 0x88, 0x8b, 0x88, 0xb0, 0x88, 0xbb, 0x88, 0xd6, 0x88, 0xfd,
    0x88, 0x18, 0x89, 0x30, 0x89, 0x4e, 0x89, 0x6f, 0x89, 0xae, 0x89, 0xd2,
    0x89, 0xeb, 0x89, 0x0f, 0x8a, 0x24, 0x8a, 0x45, 0x8a, 0x56, 0x8a, 0xf4,
    0x8d, 0x19, 0x86, 0x19, 0x86, 0xcd, 0x8d, 0x31, 0x8e, 0x52, 0x8e, 0x19,
    0x86, 0x10, 0x8e, 0x92, 0x8e, 0x19, 0x86, 0x19, 0x86, 0x6e, 0x8e, 0x06,
    0x8f, 0x19, 0x86, 0x19, 0x86, 0xaf, 0x8e, 0x19, 0x86, 0x8d, 0x8f, 0xb2,
    0x8f, 0x12, 0x8f, 0x18, 0x90, 0x19, 0x86, 0x21, 0x90, 0xc4, 0x8f, 0x19,
    0x86, 0x8c, 0x90, 0x73, 0x90, 0x28, 0x90, 0xd0, 0x90, 0xf0, 0x90, 0xe9,
    0x90, 0xaf, 0x90, 0x2a, 0x91, 0x68, 0x91, 0x43, 0x91, 0x03, 0x91, 0xa9,
    0x91, 0xae, 0x91, 0x19, 0x86, 0x7f, 0x91, 0xe0, 0x91, 0x19, 0x86, 0x19,
    0x86, 0xc5, 0x91, 0x07, 0x86, 0x1a, 0x86, 0x30, 0x86, 0x43, 0x86, 0x5c,
    0x86, 0x72, 0x86, 0x88, 0x86, 0x9e, 0x86, 0xb1, 0x86, 0xca, 0x86, 0x19,
    0x86, 0x67, 0x8a, 0xbf, 0x8a, 0x17, 0x8b, 0x6f, 0x8b, 0xc7, 0x8b, 0x1f,
    0x8c, 0x77, 0x8c, 0xcf, 0x8c, 0x27, 0x8d, 0x7f, 0x8d, 0x18, 0x1e, 0x3e,
    0x39, 0x4f, 0x74, 0x3c, 0x18, 0x36, 0x33, 0x00, 0x00, 0x18, 0x1e, 0x3e,
    0x39, 0x4f, 0x74, 0x3c, 0x18, 0x6c, 0xcc, 0x00, 0x00, 0x18, 0x78, 0x7c,
    0x9c, 0xf2, 0x2e, 0x3c, 0x18, 0x6c, 0xcc, 0x00, 0x00, 0x18, 0x78, 0x7c,
    0x9c, 0xf2, 0x2e, 0x3c, 0x18, 0x36, 0x33, 0x00, 0x00, 0x18, 0x3c, 0x42,
    0x7e, 0x5a, 0x66, 0x3c, 0x18, 0x66, 0xc3, 0x00, 0x00, 0x18, 0x3c, 0x42,
    0x7e, 0x5a, 0x66, 0x3c, 0x18, 0x18, 0x66, 0x00, 0x00, 0x18, 0x3c, 0x42,
    0x7e, 0x5a, 0x66, 0x3c, 0x18, 0x66, 0xc3, 0x00, 0x00, 0x18, 0x3c, 0x42,
    0x7e, 0x5a, 0x66, 0x3c, 0x18, 0x18, 0x66, 0x00, 0x00, 0xee, 0xaa, 0xea,
    0xaa, 0xee, 0x00, 0x00, 0x00, 0x00, 0x00, 0x00, 0x00, 0xee, 0xaa, 0xea,
    0x2a, 0x2e, 0x00, 0x00, 0x00, 0x00, 0x00, 0x8d, 0x74, 0x08, 0x86, 0x48,
    0x40, 0x88, 0x40, 0x8c, 0x95, 0x19, 0x18, 0x8f, 0x59, 0x90, 0x96, 0x92,
    0x85, 0x00, 0x8a, 0x11, 0x44, 0x91, 0x0c, 0x94, 0x9b, 0x26, 0x78, 0x90,
    0x25, 0x3c, 0x8c, 0x59, 0x1c, 0x8d, 0x5a, 0x6e, 0x8e, 0xac, 0x36, 0x00,
    0x91, 0x3a, 0x04, 0x94, 0x6c, 0x80, 0x9f, 0x22, 0x20, 0x93, 0xaa, 0x54,
    0x9e, 0x3d, 0x8c, 0x9c, 0x42, 0x60, 0x00, 0x9b, 0x0a, 0x34, 0x88, 0x57,
    0x10, 0x8c, 0x23, 0x4c, 0xa1, 0x3c, 0x54, 0x97, 0x46, 0x90, 0x89, 0x8d,
    0x90, 0xa0, 0xa9, 0x20, 0x98, 0x63, 0x50, 0x00, 0x99, 0x88, 0x30, 0xa1,
    0x9e, 0x04, 0x90, 0x0b, 0x30, 0x92, 0x0a, 0x68, 0x9d, 0x3a, 0x78, 0x89,
    0x3d, 0x18, 0xa0, 0x0d, 0x4c, 0x00, 0x8c, 0x87, 0x88, 0x8a, 0x08, 0x78,
    0x99, 0x25, 0x3c, 0xa1, 0x0b, 0x10, 0x8d, 0x30, 0x1e, 0x86, 0x7d, 0x74,
    0x9b, 0x75, 0x10, 0x00, 0x9e, 0x79, 0x28, 0x93, 0x95, 0x60, 0x9c, 0x3e,
    0x38, 0x9a, 0x0a, 0x5c, 0x91, 0x46, 0x00, 0x94, 0x6e, 0x68, 0x9f, 0xa0,
    0x84, 0x00, 0x9b, 0x09, 0x29, 0xa1, 0x08, 0x72, 0x98, 0x42, 0x32, 0x89,
    0x61, 0x02, 0x8a, 0x5e, 0x34, 0x91, 0x34, 0x8b, 0x00, 0x93, 0xa9, 0x88,
    0x91, 0xa4, 0x11, 0x88, 0x86, 0x2c, 0x86, 0x12, 0x2c, 0x8e, 0x27, 0x2c,
    0x90, 0x3d, 0x2c, 0x99, 0x55, 0x2c, 0x8c, 0x70, 0x2c, 0x00, 0xa2, 0x6c,
    0x04, 0xa2, 0x6c, 0x10, 0xa2, 0x6c, 0x1c, 0xa2, 0x82, 0x04, 0xa2, 0x82,
    0x10, 0xa2, 0x82, 0x1c, 0xa3, 0x9c, 0x04, 0xa3, 0x9c, 0x10, 0xa3, 0x9c,
    0x1c, 0xa4, 0xb3, 0x04, 0xa4, 0xb3, 0x10, 0xa4, 0xb3, 0x1c, 0x00, 0x0b,
    0x05, 0x01, 0x08, 0xa8, 0xa8, 0x08, 0x88, 0x88, 0x08, 0x88, 0x88, 0x08,
    0x88, 0x88, 0x08, 0xa8, 0xa8, 0x0b, 0x05, 0x01, 0xa8, 0xa8, 0xa8, 0x08,
    0x88, 0x88, 0xa8, 0x88, 0x88, 0x80, 0x88, 0x88, 0xa8, 0xa8, 0xa8, 0x0b,
    0x05, 0x01, 0xa8, 0xa8, 0xa8, 0x08, 0x88, 0x88, 0xa8, 0x88, 0x88, 0x08,
    0x88, 0x88, 0xa8, 0xa8, 0xa8, 0x0b, 0x05, 0x01, 0x88, 0xa8, 0xa8, 0x88,
    0x88, 0x88, 0xa8, 0x88, 0x88, 0x08, 0x88, 0x88, 0x08, 0xa8, 0xa8, 0x0b,
    0x05, 0x01, 0xa8, 0xa8, 0xa8, 0x80, 0x88, 0x88, 0xa8, 0x88, 0x88, 0x08,
    0x88, 0x88, 0xa8, 0xa8, 0xa8, 0x07, 0x06, 0x01, 0x55, 0x20, 0xaa, 0x88,
    0x55, 0x08, 0x55, 0x20, 0xaa, 0x80, 0x14, 0x00, 0x04, 0x0b, 0x02, 0x28,
    0x28, 0xaa, 0xaa, 0xaa, 0xaa, 0xaa, 0xaa, 0xaa, 0xaa, 0xaa, 0x07, 0x05,
    0x01, 0x2a, 0xa0, 0xaa, 0xa8, 0x66, 0x64, 0x55, 0x54, 0x15, 0x50, 0x08,
    0x09, 0x05, 0x08, 0x00, 0x08, 0x00, 0x08, 0x01, 0x08, 0x01, 0x08, 0x04,
    0x48, 0x01, 0xaa, 0x81, 0xaa, 0x94, 0xaa, 0x80, 0x08, 0x06, 0x01, 0x00,
    0x50, 0x01, 0x40, 0x05, 0x00, 0xaa, 0xaa, 0xaa, 0xaa, 0x2a, 0xa8, 0x0c,
    0x05, 0x00, 0x88, 0xa8, 0xa8, 0x88, 0x88, 0x88, 0x88, 0x88, 0x88, 0x88,
    0x88, 0x88, 0x88, 0xa8, 0xa8, 0x08, 0x06, 0x03, 0x2a, 0xa8, 0xaa, 0xaa,
    0x15, 0x54, 0x15, 0x54, 0xaa, 0xaa, 0x2a, 0xa8, 0x04, 0x09, 0x01, 0x28,
    0x28, 0xaa, 0xaa, 0x55, 0x55, 0x55, 0x55, 0x55, 0x08, 0x0c, 0x04, 0x5a,
    0xa5, 0x16, 0x94, 0x05, 0x50, 0x01, 0x40, 0x01, 0x40, 0x02, 0xa8, 0x02,
    0x80, 0x01, 0x40, 0x01, 0x40, 0x01, 0x40, 0x01, 0x40, 0x01, 0x40, 0x05,
    0x15, 0x02, 0x2a, 0x00, 0x80, 0x80, 0x22, 0x00, 0x08, 0x00, 0x04, 0x00,
    0x04, 0x00, 0x04, 0x00, 0x04, 0x00, 0x04, 0x00, 0x04, 0x00, 0x04, 0x00,
    0x04, 0x00, 0x04, 0x00, 0x04, 0x00, 0x04, 0x00, 0x15, 0x00, 0x55, 0x40,
    0x55, 0x40, 0x55, 0x40, 0x15, 0x00, 0x04, 0x00, 0x0a, 0x0e, 0x02, 0x00,
    0xa0, 0x00, 0x2a, 0xaa, 0x80, 0x28, 0xa2, 0x80, 0x80, 0x50, 0x20, 0x00,
    0x50, 0x00, 0x00, 0x50, 0x00, 0x00, 0x50, 0x00, 0x00, 0x50, 0x00, 0x00,
    0x50, 0x00, 0x00, 0x50, 0x00, 0x00, 0x50, 0x00, 0x00, 0x50, 0x00, 0x00,
    0x50, 0x00, 0x00, 0x50, 0x00, 0x06, 0x0d, 0x02, 0x20, 0x80, 0xa0, 0xa0,
    0x80, 0x20, 0x80, 0x20, 0x2a, 0x80, 0x0a, 0x00, 0x20, 0x80, 0x80, 0x20,
    0x80, 0x20, 0x80, 0x20, 0x80, 0x20, 0x80, 0x20, 0x80, 0x20, 0x08, 0x0c,
    0x03, 0x02, 0xaa, 0x0a, 0xaa, 0x28, 0x5a, 0xa0, 0x50, 0x00, 0x50, 0x00,
    0x50, 0x00, 0x50, 0x00, 0x50, 0x00, 0x50, 0x00, 0x50, 0x00, 0x50, 0x00,
    0x50, 0x08, 0x06, 0x01, 0x2a, 0x80, 0x80, 0x20, 0x80, 0x20, 0x20, 0x80,
    0xaa, 0xa8, 0xaa, 0xaa, 0x08, 0x04, 0x01, 0x2a, 0xa8, 0x82, 0x82, 0x82,
    0x82, 0x28, 0x28, 0x08, 0x11, 0x04, 0x00, 0x20, 0x00, 0xa8, 0x16, 0xaa,
    0xaa, 0xaa, 0xaa, 0xaa, 0xaa, 0xaa, 0xaa, 0xa8, 0x14, 0x20, 0x14, 0x00,
    0x14, 0x00, 0x14, 0x00, 0x14, 0x00, 0x14, 0x00, 0x14, 0x00, 0x14, 0x00,
    0x14, 0x00, 0x14, 0x00, 0x08, 0x04, 0x02, 0x0a, 0xa0, 0x5a, 0xa5, 0x5a,
    0xa5, 0x0a, 0xa0, 0x08, 0x0c, 0x03, 0x02, 0x80, 0x22, 0x88, 0x22, 0x88,
    0x22, 0x88, 0x55, 0x55, 0x55, 0x55, 0xaa, 0xaa, 0x55, 0x55, 0x55, 0x55,
    0xaa, 0xaa, 0x55, 0x55, 0x55, 0x55, 0x0a, 0x0c, 0x03, 0x00, 0x02, 0x00,
    0x08, 0x0a, 0x80, 0x2a, 0x29, 0xa0, 0xa6, 0x0a, 0x80, 0x29, 0x12, 0x00,
    0x09, 0x40, 0x00, 0x01, 0x40, 0x00, 0x2a, 0xa8, 0x00, 0x2a, 0xa8, 0x00,
    0x0a, 0xa0, 0x00, 0x0a, 0xa0, 0x00, 0x0a, 0xa0, 0x00, 0x0b, 0x08, 0x02,
    0x05, 0x50, 0x00, 0x04, 0x10, 0x00, 0x10, 0x04, 0x28, 0x2a, 0xa8, 0xa0,
    0xaa, 0xaa, 0x80, 0xaa, 0xaa, 0x00, 0xaa, 0xaa, 0x00, 0x2a, 0xa8, 0x00,
    0x09, 0x07, 0x0b, 0xa8, 0x3f, 0xc0, 0x82, 0x30, 0x00, 0xa8, 0x30, 0x00,
    0x82, 0x3f, 0x00, 0x82, 0x30, 0x00, 0x82, 0x30, 0x00, 0xa8, 0x30, 0x00,
    0x09, 0x09, 0x02, 0x00, 0x01, 0x00, 0x00, 0x08, 0x00, 0x00, 0x08, 0x00,
    0x00, 0x08, 0x00, 0x00, 0x08, 0x00, 0x10, 0x08, 0x00, 0x44, 0x08, 0x00,
    0x41, 0x04, 0x00, 0x15, 0x55, 0x40, 0x0b, 0x0a, 0x03, 0xaa, 0xaa, 0xa8,
    0xaa, 0xaa, 0xa0, 0xaa, 0xaa, 0x80, 0xaa, 0xa0, 0x00, 0xa2, 0xa0, 0x00,
    0x02, 0xa0, 0x00, 0x02, 0xa0, 0x00, 0x02, 0xa0, 0x00, 0x2a, 0xaa, 0xa0,
    0xaa, 0xaa, 0xa8, 0x09, 0x14, 0x05, 0x10, 0x01, 0x00, 0x10, 0x01, 0x00,
    0x10, 0x41, 0x00, 0x10, 0x41, 0x00, 0x10, 0x41, 0x00, 0x10, 0x41, 0x00,
    0xa8, 0x4a, 0x80, 0x20, 0x42, 0x00, 0x22, 0xa2, 0x00, 0x20, 0x82, 0x00,
    0x20, 0x82, 0x00, 0x20, 0x82, 0x00, 0x0a, 0xa8, 0x00, 0x02, 0xa0, 0x00,
    0x00, 0x80, 0x00, 0x00, 0x80, 0x00, 0x00, 0x80, 0x00, 0x00, 0x80, 0x00,
    0x02, 0xa0, 0x00, 0x0a, 0xa8, 0x00, 0x09, 0x0b, 0x02, 0x2a, 0xaa, 0x00,
    0x88, 0x88, 0x80, 0x20, 0x82, 0x00, 0x02, 0xa0, 0x00, 0x02, 0xa0, 0x00,
    0x02, 0xa0, 0x00, 0x02, 0xa0, 0x00, 0x00, 0x80, 0x00, 0x00, 0x80, 0x00,
    0x00, 0x80, 0x00, 0x00, 0x80, 0x00, 0x07, 0x0b, 0x03, 0x2a, 0xa0, 0x02,
    0x00, 0x02, 0x00, 0x22, 0x20, 0x22, 0x20, 0xaa, 0xa8, 0xaa, 0xa8, 0xaa,
    0xa8, 0xaa, 0xa8, 0xaa, 0xa8, 0xaa, 0xa8, 0x0b, 0x0b, 0x05, 0xaa, 0xaa,
    0xa8, 0xaa, 0x9a, 0xa8, 0xaa, 0x56, 0xa8, 0xa9, 0x99, 0xa8, 0xa9, 0x9a,
    0xa8, 0xaa, 0x56, 0xa8, 0xaa, 0x99, 0xa8, 0xa9, 0x99, 0xa8, 0xaa, 0x56,
    0xa8, 0xaa, 0x9a, 0xa8, 0xaa, 0xaa, 0xa8, 0x07, 0x09, 0x02, 0x95, 0x58,
    0x25, 0x60, 0x0a, 0x80, 0x02, 0x00, 0x02, 0x00, 0x02, 0x00, 0x02, 0x00,
    0x0a, 0x80, 0x2a, 0xa0, 0x07, 0x0f, 0x03, 0x02, 0x00, 0x02, 0x00, 0x0a,
    0x80, 0x0a, 0x80, 0x0a, 0x80, 0x0a, 0x80, 0x0a, 0x80, 0x00, 0x00, 0x20,
    0x20, 0x20, 0x20, 0xa8, 0xa8, 0xa8, 0xa8, 0xa8, 0xa8, 0xa8, 0xa8, 0xa8,
    0xa8, 0x07, 0x07, 0x02, 0x20, 0x20, 0x20, 0x20, 0xa8, 0xa8, 0xa8, 0xa8,
    0xa8, 0xa8, 0xa8, 0xa8, 0xa8, 0xa8, 0x05, 0x07, 0x01, 0x02, 0x00, 0x02,
    0x00, 0x0a, 0x80, 0x0a, 0x80, 0x0a, 0x80, 0x0a, 0x80, 0x0a, 0x80, 0x3d,
    0x26, 0x01, 0x00, 0x04, 0x02, 0x32, 0x01, 0x07, 0x32, 0x00, 0x99, 0x26,
    0x03, 0x00, 0x03, 0x02, 0x22, 0xff, 0x05, 0x3c, 0x00, 0x00, 0x00, 0x00,
    0x00, 0x00, 0x00, 0x00, 0x00, 0x00, 0x00, 0x00, 0x00, 0x00, 0x00, 0x00,
    0x00, 0x00, 0x00, 0x00, 0x00, 0x00, 0x00, 0x41, 0x8a, 0x00, 0x00, 0x02,
    0xfe, 0x34, 0x01, 0x08, 0x28, 0x00, 0x00, 0x00, 0x00, 0x00, 0x00, 0x00,
    0x00, 0x00, 0x00, 0x00, 0x00, 0x00, 0x00, 0x00, 0x00, 0x00, 0x00, 0x00,
    0x00, 0x00, 0x00, 0x00, 0xaf, 0xb5, 0x03, 0x00, 0x03, 0x02, 0x7f, 0xff,
    0x05, 0x46, 0x00, 0x41, 0x11, 0x02, 0x00, 0x02, 0x02, 0x2b, 0x01, 0x05,
    0x1e, 0x00, 0xa7, 0x11, 0x01, 0x00, 0x04, 0xfe, 0x24, 0xff, 0x06, 0x14,
    0x00, 0x00, 0x00, 0x00, 0x00, 0x00, 0x00, 0x00, 0x00, 0x00, 0x00, 0x00,
    0xaa, 0x48, 0x00, 0x00, 0x02, 0x02, 0x04, 0x01, 0x06, 0x38, 0x00, 0x00,
    0x00, 0x00, 0x00, 0x00, 0x00, 0x00, 0x00, 0x00, 0x00, 0x00, 0x00, 0x00,
    0x00, 0x00, 0x00, 0x00, 0x00, 0x00, 0x00, 0x00, 0x00, 0x4b, 0xb5, 0x03,
    0x00, 0x04, 0x02, 0x13, 0x01, 0x07, 0x2c, 0x00, 0xc3, 0xb5, 0x00, 0x00,
    0x03, 0xfe, 0x45, 0xff, 0x05, 0x54, 0x00, 0x4b, 0x28, 0x01, 0x00, 0x04,
    0xfe, 0x20, 0x01, 0x05, 0x1e, 0x00, 0x96, 0x28, 0x03, 0x00, 0x02, 0x02,
    0x12, 0xff, 0x08, 0x1e, 0x00, 0x36, 0x43, 0x00, 0x00, 0x03, 0xfe, 0x1f,
    0x01, 0x06, 0x46, 0x00, 0xa4, 0x45, 0x02, 0x00, 0x02, 0xfe, 0x20, 0x01,
    0x05, 0x5a, 0x00, 0x51, 0x77, 0x00, 0x00, 0x04, 0x02, 0x11, 0x01, 0x08,
    0x1e, 0x00, 0x91, 0x73, 0x03, 0x00, 0x02, 0xfe, 0x2d, 0x01, 0x06, 0x50,
    0x00, 0x45, 0xb5, 0x01, 0x00, 0x03, 0x02, 0x84, 0x01, 0x07, 0x0a, 0x00,
    0x00, 0x00, 0x00, 0x00, 0x00, 0x00, 0x00, 0x00, 0x00, 0x00, 0x00, 0x3c,
    0x11, 0x00, 0x00, 0x04, 0xfe, 0x3c, 0x01, 0x05, 0x28, 0x00, 0xbb, 0x11,
    0x03, 0x00, 0x03, 0x02, 0x3b, 0xff, 0x08, 0x05, 0x00, 0x6f, 0x50, 0x01,
    0x00, 0x02, 0xfe, 0x0b, 0x01, 0x07, 0x46, 0x00, 0xa7, 0x48, 0x02, 0x00,
    0x03, 0x02, 0x08, 0xff, 0x06, 0x64, 0x00, 0x00, 0x00, 0x00, 0x00, 0x00,
    0x00, 0x00, 0x00, 0x00, 0x00, 0x00, 0xb5, 0x86, 0x01, 0x00, 0x03, 0xfe,
    0x07, 0xff, 0x05, 0x82, 0x00, 0x62, 0xa3, 0x01, 0x00, 0x03, 0x02, 0x10,
    0x01, 0x07, 0x1e, 0x00, 0xc7, 0xb5, 0x02, 0x00, 0x04, 0xfe, 0x97, 0xff,
    0x05, 0x3c, 0x00, 0x38, 0x13, 0x01, 0x00, 0x02, 0xfe, 0x40, 0x01, 0x05,
    0x28, 0x00, 0xc4, 0x13, 0x03, 0x00, 0x03, 0x02, 0x44, 0xff, 0x07, 0x50,
    0x00, 0x36, 0x4e, 0x00, 0x00, 0x03, 0x02, 0x08, 0x01, 0x06, 0x3c, 0x00,
    0x00, 0x00, 0x00, 0x00, 0x00, 0x00, 0x00, 0x00, 0x00, 0x00, 0x00, 0x00,
    0x00, 0x00, 0x00, 0x00, 0x00, 0x00, 0x00, 0x00, 0x00, 0x00, 0x00, 0x00,
    0x00, 0x00, 0x00, 0x00, 0x00, 0x00, 0x00, 0x00, 0x00, 0x40, 0xb5, 0x01,
    0x00, 0x04, 0xfe, 0x40, 0x01, 0x05, 0x14, 0x00, 0x81, 0xb5, 0x03, 0x00,
    0x03, 0x02, 0x47, 0x01, 0x07, 0x1e, 0x00, 0x34, 0x13, 0x01, 0x00, 0x03,
    0xfe, 0x10, 0x01, 0x05, 0x3c, 0x00, 0xb8, 0x13, 0x03, 0x00, 0x02, 0x02,
    0x10, 0x01, 0x07, 0x1e, 0x00, 0x00, 0x00, 0x00, 0x00, 0x00, 0x00, 0x00,
    0x00, 0x00, 0x00, 0x00, 0x00, 0x00, 0x00, 0x00, 0x00, 0x00, 0x00, 0x00,
    0x00, 0x00, 0x00, 0x65, 0x71, 0x00, 0x00, 0x04, 0xfe, 0x04, 0x01, 0x06,
    0x0a, 0x00, 0x00, 0x00, 0x00, 0x00, 0x00, 0x00, 0x00, 0x00, 0x00, 0x00,
    0x00, 0x00, 0x00, 0x00, 0x00, 0x00, 0x00, 0x00, 0x00, 0x00, 0x00, 0x00,
    0xc6, 0x9b, 0x01, 0x00, 0x05, 0x02, 0x05, 0x01, 0x06, 0xfe, 0x00, 0x80,
    0x28, 0x00, 0x00, 0x03, 0xfe, 0x0d, 0x01, 0x06, 0x05, 0x00, 0x00, 0x00,
    0x00, 0x00, 0x00, 0x00, 0x00, 0x00, 0x00, 0x00, 0x00, 0x00, 0x00, 0x00,
    0x00, 0x00, 0x00, 0x00, 0x00, 0x00, 0x00, 0x00, 0x00, 0x00, 0x00, 0x00,
    0x00, 0x00, 0x00, 0x00, 0x00, 0x00, 0x00, 0x4c, 0x86, 0x02, 0x00, 0x02,
    0x02, 0x14, 0xff, 0x06, 0x1e, 0x00, 0x00, 0x00, 0x00, 0x00, 0x00, 0x00,
    0x00, 0x00, 0x00, 0x00, 0x00, 0x4f, 0xb5, 0x01, 0x00, 0x04, 0xfe, 0x31,
    0x01, 0x05, 0x5a, 0x00, 0x38, 0xb5, 0x02, 0x00, 0x03, 0x02, 0x47, 0x01,
    0x08, 0xc8, 0x00, 0x33, 0x14, 0x00, 0x00, 0x03, 0x02, 0x57, 0x01, 0x03,
    0x1e, 0x00, 0xc6, 0x14, 0x02, 0x00, 0x04, 0xfe, 0x46, 0xff, 0x02, 0x3c,
    0x00, 0x00, 0x00, 0x00, 0x00, 0x00, 0x00, 0x00, 0x00, 0x00, 0x00, 0x00,
    0x32, 0x50, 0x00, 0x00, 0x02, 0x02, 0x2a, 0x01, 0x04, 0x5a, 0x00, 0x00,
    0x00, 0x00, 0x00, 0x00, 0x00, 0x00, 0x00, 0x00, 0x00, 0x00, 0x38, 0x6e,
    0x00, 0x00, 0x04, 0x02, 0x20, 0x01, 0x05, 0x78, 0x00, 0x00, 0x00, 0x00,
    0x00, 0x00, 0x00, 0x00, 0x00, 0x00, 0x00, 0x00, 0x50, 0x9c, 0x02, 0x00,
    0x05, 0xfe, 0x19, 0xff, 0x01, 0x96, 0x00, 0x32, 0x10, 0x00, 0x00, 0x02,
    0x02, 0x12, 0x01, 0x03, 0x01, 0x00, 0x44, 0x28, 0x02, 0x00, 0x03, 0xfe,
    0x12, 0xff, 0x03, 0x02, 0x00, 0x32, 0x40, 0x00, 0x00, 0x04, 0x02, 0x12,
    0x01, 0x03, 0x03, 0x00, 0x44, 0x58, 0x02, 0x00, 0x02, 0xfe, 0x12, 0xff,
    0x03, 0x04, 0x00, 0x32, 0x70, 0x00, 0x00, 0x03, 0x02, 0x12, 0x01, 0x03,
    0x05, 0x00, 0x44, 0x88, 0x02, 0x00, 0x04, 0xfe, 0x12, 0xff, 0x03, 0x06,
    0x00, 0x34, 0xb5, 0x00, 0x00, 0x03, 0x02, 0x11, 0x01, 0x06, 0x04, 0x00,
    0xbc, 0xb5, 0x02, 0x00, 0x03, 0xfe, 0x60, 0xff, 0x08, 0x04, 0x00, 0x31,
    0x18, 0x00, 0x00, 0x02, 0x02, 0x4b, 0x01, 0x07, 0x03, 0x00, 0xc4, 0x18,
    0x02, 0x00, 0x04, 0xfe, 0x28, 0xff, 0x06, 0x02, 0x00, 0x7d, 0x42, 0x02,
    0x00, 0x02, 0x02, 0x4b, 0xff, 0x08, 0x03, 0x00, 0x9d, 0x42, 0x00, 0x00,
    0x04, 0xfe, 0x2c, 0x01, 0x07, 0x03, 0x00, 0x7e, 0x6c, 0x02, 0x00, 0x02,
    0x02, 0x16, 0xff, 0x0a, 0x05, 0x00, 0x9c, 0x6c, 0x00, 0x00, 0x04, 0xfe,
    0x2a, 0x01, 0x09, 0x06, 0x00, 0x00, 0x00, 0x00, 0x00, 0x00, 0x00, 0x00,
    0x00, 0x00, 0x00, 0x00, 0x00, 0x12, 0x0c, 0x48, 0x11, 0x50, 0x70, 0x12,
    0x48, 0x95, 0x00, 0x10, 0x54, 0x58, 0x0d, 0x1c, 0x7d, 0x08, 0x4c, 0xb4,
    0x04, 0x0c, 0xb8, 0x00, 0x24, 0x08, 0x30, 0x12, 0x00, 0x94, 0x0c, 0x1c,
    0xb5, 0x0d, 0x6c, 0xad, 0x02, 0x08, 0x82, 0x00, 0x1c, 0x5c, 0x35, 0x04,
    0x18, 0xb0, 0x35, 0x04, 0x14, 0x7e, 0x5d, 0x04, 0x19, 0x64, 0x7b, 0x03,
    0x23, 0xa8, 0x7f, 0x02, 0x1c, 0x52, 0x99, 0x04, 0x0d, 0x9e, 0xb2, 0x03,
    0x00, 0x00, 0x28, 0x00, 0x1b, 0x07, 0x00, 0x35, 0x07, 0x28, 0x35, 0x14,
    0x50, 0x35, 0x08, 0x00, 0x67, 0x0a, 0x2c, 0x6a, 0x10, 0x60, 0x69, 0x09,
    0x0e, 0x9e, 0x19, 0x3b, 0x9c, 0x02, 0x7d, 0x52, 0x00, 0x15, 0x3a, 0x20,
    0x01, 0x15, 0x62, 0x20, 0x01, 0x15, 0x89, 0x20, 0x01, 0x15, 0xba, 0x20,
    0x01, 0x2d, 0x32, 0x3a, 0x01, 0x32, 0x3e, 0x6c, 0x02, 0x2e, 0xaa, 0x6e,
    0x02, 0x1e, 0x75, 0xa1, 0x02, 0x00, 0x35, 0xa8, 0x20, 0xff, 0x32, 0x5f,
    0x55, 0x01, 0x1a, 0xc8, 0x06, 0x00, 0x1d, 0xc8, 0x20, 0xff, 0x17, 0xad,
    0x3d, 0x01, 0x33, 0xc2, 0x54, 0x00, 0x23, 0xc2, 0x87, 0xff, 0x00, 0x00,
    0x24, 0x08, 0x32, 0x0a, 0x04, 0x4d, 0x0c, 0x37, 0x61, 0x0a, 0x74, 0x4f,
    0x0b, 0x0d, 0x81, 0x06, 0x3f, 0x90, 0x0d, 0x62, 0x7d, 0x07, 0x04, 0x9d,
    0x06, 0x24, 0xa2, 0x07, 0x57, 0xa2, 0x06, 0x7d, 0xa1, 0x00, 0x16, 0x52,
    0x37, 0x03, 0x2f, 0x42, 0x52, 0x03, 0x1c, 0x5f, 0x86, 0x03, 0x1d, 0x36,
    0xa2, 0x01, 0x29, 0xa6, 0x54, 0x01, 0x1f, 0xb4, 0x82, 0x03, 0x18, 0x99,
    0xa7, 0x01, 0x00, 0x00, 0x00, 0x22, 0x0c, 0x1b, 0x0a, 0x00, 0x3c, 0x07,
    0x00, 0x4e, 0x02, 0x0c, 0x85, 0x03, 0x10, 0x6a, 0x05, 0x15, 0x9f, 0x04,
    0x2f, 0x3d, 0x04, 0x35, 0x67, 0x04, 0x28, 0x74, 0x05, 0x34, 0x81, 0x05,
    0x30, 0x93, 0x06, 0x32, 0xad, 0x02, 0x4e, 0x32, 0x05, 0x3e, 0x5a, 0x04,
    0x4f, 0x86, 0x03, 0x54, 0xb4, 0x04, 0x64, 0x40, 0x05, 0x55, 0x4d, 0x07,
    0x79, 0x3c, 0x04, 0x6f, 0x52, 0x04, 0x85, 0x5b, 0x04, 0x79, 0x68, 0x04,
    0x63, 0x73, 0x03, 0x79, 0x7c, 0x03, 0x6b, 0x8b, 0x04, 0x7e, 0x90, 0x05,
    0x83, 0x9d, 0x04, 0x68, 0xa9, 0x00, 0x1c, 0x46, 0x20, 0x04, 0x1c, 0xb6,
    0x20, 0x04, 0x6c, 0x32, 0x53, 0x03, 0x00, 0x00, 0x24, 0x08, 0x1d, 0x02,
    0x08, 0x29, 0x02, 0x08, 0x35, 0x02, 0x08, 0x41, 0x02, 0x08, 0x4e, 0x04,
    0x06, 0x58, 0x03, 0x16, 0x6d, 0x03, 0x07, 0x78, 0x02, 0x07, 0x85, 0x03,
    0x11, 0x91, 0x02, 0x10, 0xa7, 0x02, 0x21, 0x54, 0x03, 0x25, 0x61, 0x03,
    0x31, 0x7a, 0x03, 0x22, 0x87, 0x04, 0x26, 0x9e, 0x02, 0x26, 0xaa, 0x04,
    0x49, 0x59, 0x02, 0x39, 0x69, 0x03, 0x4d, 0x79, 0x02, 0x4f, 0x87, 0x02,
    0x4f, 0x94, 0x02, 0x3e, 0xa0, 0x03, 0x4b, 0xaa, 0x03, 0x39, 0xb5, 0x02,
    0x65, 0x99, 0x02, 0x80, 0x71, 0x02, 0x7b, 0x9f, 0x02, 0x98, 0x29, 0x02,
    0x8f, 0x3f, 0x02, 0x8e, 0x4b, 0x03, 0x8e, 0x58, 0x02, 0x90, 0x67, 0x02,
    0x8c, 0x7b, 0x02, 0x94, 0x88, 0x03, 0x88, 0x96, 0x02, 0x91, 0xa4, 0x02,
    0x86, 0xb0, 0x02, 0x4d, 0x32, 0x02, 0x4d, 0x44, 0x00, 0x3c, 0x43, 0x08,
    0x01, 0x27, 0x58, 0x08, 0x01, 0x15, 0x6a, 0x08, 0x01, 0x15, 0x7d, 0x08,
    0x00, 0x15, 0x90, 0x08, 0xff, 0x27, 0xa2, 0x08, 0xff, 0x3c, 0xb7, 0x08,
    0xff, 0x12, 0x7d, 0x1d, 0x00, 0x15, 0x7d, 0x2f, 0x00, 0x00, 0x02, 0x0e,
    0x59, 0x65, 0x25, 0x01, 0x03, 0x08, 0x98, 0x34, 0x13, 0xff, 0x01, 0x0c,
    0x53, 0xb4, 0x22, 0x01, 0x00, 0x00, 0x06, 0x04, 0x1d, 0x04, 0x0c, 0x49,
    0x02, 0x11, 0x98, 0x02, 0x00, 0xa5, 0x02, 0x00, 0xb3, 0x02, 0x21, 0x89,
    0x03, 0x35, 0x7b, 0x04, 0x49, 0x6c, 0x02, 0x53, 0x5d, 0x02, 0x55, 0x4f,
    0x02, 0x57, 0x40, 0x03, 0x3c, 0x3b, 0x02, 0x54, 0x26, 0x05, 0x3f, 0x1d,
    0x04, 0x69, 0x1d, 0x03, 0x68, 0x34, 0x03, 0x6f, 0x4e, 0x02, 0x79, 0x5e,
    0x03, 0x68, 0x70, 0x02, 0x55, 0x8c, 0x02, 0x6d, 0x8c, 0x03, 0x87, 0x98,
    0x02, 0x98, 0xa5, 0x02, 0x98, 0xb5, 0x05, 0x84, 0x77, 0x05, 0x8c, 0x2e,
    0x06, 0x88, 0x1d, 0x00, 0x27, 0x3e, 0x22, 0x02, 0x44, 0xbe, 0x33, 0x04,
    0x00, 0x04, 0x06, 0x1a, 0x57, 0x6c, 0x01, 0x00, 0x03, 0x4f, 0x93, 0x00,
    0x03, 0x4f, 0xa7, 0x00, 0x07, 0x08, 0x32, 0x07, 0x04, 0x61, 0x07, 0x08,
    0x90, 0x05, 0x50, 0x32, 0x02, 0x47, 0x41, 0x04, 0x57, 0x51, 0x05, 0x39,
    0x5f, 0x03, 0x39, 0x8e, 0x02, 0x3e, 0xac, 0x03, 0x75, 0xa9, 0x04, 0x90,
    0xa6, 0x04, 0x68, 0x8d, 0x04, 0x6c, 0x7f, 0x04, 0x8c, 0x84, 0x02, 0x96,
    0x75, 0x02, 0x8d, 0x69, 0x02, 0x81, 0x5d, 0x02, 0x94, 0x59, 0x02, 0x81,
    0x4e, 0x02, 0x74, 0x45, 0x02, 0x94, 0x33, 0x09, 0x7c, 0x1e, 0x00, 0x03,
    0x04, 0x20, 0x28, 0x50, 0x01, 0x04, 0x05, 0x1f, 0x68, 0x15, 0x01, 0x03,
    0x05, 0x21, 0x97, 0x13, 0x01, 0x04, 0x05, 0x27, 0xb8, 0x4b, 0x01, 0x00,
    0x2d, 0x40, 0x1d, 0x01, 0x2e, 0x6b, 0x4a, 0x01, 0x33, 0xbf, 0x09, 0xff,
    0x33, 0x8e, 0x3c, 0x01, 0x15, 0xb1, 0x09, 0x01, 0x26, 0xc4, 0x1e, 0x00,
    0x26, 0xc4, 0x44, 0xff, 0x27, 0xa0, 0x6a, 0x01, 0x19, 0xc5, 0x91, 0x00,
    0x00, 0x28, 0x00, 0x1e, 0x05, 0x00, 0x3c, 0x0f, 0x38, 0x3c, 0x0d, 0x00,
    0x5a, 0x05, 0x8c, 0x5a, 0x0d, 0x00, 0x78, 0x03, 0x80, 0x6c, 0x0a, 0x00,
    0xa6, 0x02, 0x7e, 0x5a, 0x08, 0x80, 0xa0, 0x00, 0x19, 0x3a, 0x23, 0x03,
    0x19, 0x6a, 0x23, 0x03, 0x19, 0x7a, 0x41, 0x03, 0x0d, 0xc6, 0x23, 0x03,
    0x22, 0xc6, 0x38, 0x81, 0x41, 0xbe, 0x5f, 0x03, 0x00, 0x01, 0x33, 0x02,
    0xae, 0x69, 0x01, 0x00, 0x1e, 0x8c, 0x09, 0x00, 0x1e, 0x34, 0x27, 0x00,
    0x1e, 0x98, 0x27, 0x01, 0x12, 0xb4, 0x45, 0x00, 0x2e, 0x34, 0x63, 0x00,
    0x00, 0x07, 0x00, 0x1a, 0x07, 0x00, 0x32, 0x07, 0x00, 0x4a, 0x07, 0x00,
    0x62, 0x07, 0x00, 0x7a, 0x07, 0x00, 0x92, 0x07, 0x84, 0x1a, 0x06, 0x82,
    0x32, 0x05, 0x82, 0x4a, 0x05, 0x81, 0x62, 0x06, 0x84, 0x7a, 0x07, 0x84,
    0x92, 0x00, 0x13, 0xc2, 0x1f, 0x03, 0x13, 0xbc, 0x37, 0x01, 0x13, 0xb8,
    0x4f, 0x03, 0x13, 0xbb, 0x67, 0x01, 0x13, 0xc2, 0x7f, 0x03, 0x28, 0xc6,
    0x97, 0x02, 0x00, 0x01, 0x04, 0x81, 0x21, 0x66, 0xff, 0x01, 0x04, 0x7f,
    0x39, 0x64, 0xff, 0x01, 0x04, 0x7f, 0x51, 0x64, 0xff, 0x01, 0x04, 0x7e,
    0x69, 0x63, 0xff, 0x01, 0x04, 0x81, 0x81, 0x66, 0xff, 0x01, 0x04, 0x81,
    0x99, 0x66, 0xff, 0x00, 0x9e, 0x4e, 0x0c, 0x00, 0x86, 0x4e, 0x24, 0x00,
    0x6e, 0x4e, 0x3c, 0x00, 0x56, 0x4e, 0x54, 0x00, 0x3e, 0x4e, 0x6c, 0x00,
    0x26, 0x4e, 0x84, 0x00, 0x00, 0x15, 0x00, 0x22, 0x15, 0x00, 0x4c, 0x0b,
    0x02, 0x7c, 0x0b, 0x02, 0x92, 0x0b, 0x02, 0xa8, 0x02, 0x2c, 0x87, 0x02,
    0x2c, 0x9d, 0x02, 0x2b, 0xb4, 0x07, 0x38, 0x76, 0x0d, 0x6c, 0x22, 0x0d,
    0x6c, 0x4c, 0x0d, 0x6c, 0x76, 0x07, 0x7a, 0x8e, 0x00, 0x2c, 0xbc, 0x93,
    0x02, 0x00, 0x2a, 0x3e, 0x0d, 0x01, 0x73, 0x66, 0x37, 0x00, 0x49, 0x66,
    0x61, 0x00, 0x6c, 0xbc, 0x0d, 0x00, 0x42, 0xbc, 0x37, 0x00, 0x18, 0xbc,
    0x61, 0x00, 0x00, 0x28, 0x00, 0x24, 0x05, 0x00, 0x45, 0x1e, 0x24, 0x45,
    0x04, 0x00, 0x76, 0x1f, 0x19, 0x70, 0x08, 0x75, 0x94, 0x1a, 0x00, 0x94,
    0x02, 0x00, 0x94, 0x00, 0x1c, 0xc2, 0x29, 0x02, 0x2c, 0x32, 0x4a, 0x04,
    0x1f, 0xbb, 0x75, 0x03, 0x26, 0x32, 0x99, 0x02, 0x00, 0xa9, 0x00, 0x8d,
    0x0e, 0xd4, 0x8c, 0x04, 0x02, 0x8e, 0x05, 0x02, 0x8c, 0x22, 0x02, 0x8e,
    0x23, 0x02, 0xa9, 0x10, 0x8d, 0x02, 0x02, 0xa9, 0x92, 0x8d, 0x03, 0x02,
    0x8d, 0x0f, 0xd4, 0x60, 0x48, 0x8a, 0x48, 0x98, 0x48, 0x6c, 0x04, 0x02,
    0xa0, 0x00, 0xb1, 0x6c, 0x29, 0x40, 0xd0, 0x18, 0xb1, 0x62, 0xa6, 0xcb,
    0xf0, 0x09, 0x4a, 0x29, 0x0f, 0xaa, 0xbd, 0x42, 0x92, 0xf0, 0x0a, 0x85,
    0xe0, 0x98, 0x91, 0x6c, 0xa9, 0x40, 0x91, 0x6c, 0x60, 0x6c, 0xfa, 0xbf,
    0x68, 0xa8, 0x68, 0xaa, 0x68, 0x40, 0xff, 0x21, 0x32, 0x02, 0x00, 0x30,
    0x35, 0x33, 0x1c, 0x1b, 0x1d, 0x18, 0x03, 0x1a, 0x1e, 0x1f, 0x8c, 0x06,
    0x02, 0x8e, 0x07, 0x02, 0x8c, 0x00, 0x02, 0x8e, 0x01, 0x02, 0x60, 0xa5,
    0xe0, 0xc9, 0xff, 0xf0, 0x17, 0x29, 0x3f, 0xa8, 0xb9, 0xf5, 0x81, 0x38,
    0xe9, 0x10, 0xd0, 0x02, 0xa9, 0x0a, 0xc9, 0x0b, 0xb0, 0x06, 0xa0, 0xff,
    0x84, 0xe0, 0xa8, 0x60, 0xa0, 0x00, 0x60, 0x20, 0x5f, 0x92, 0xf0, 0xfa,
    0x84, 0x05, 0xa9, 0x00, 0x4c, 0x40, 0x93, 0xa9, 0x00, 0x8d, 0x0e, 0xd4,
    0xa8, 0x91, 0x10, 0x91, 0x50, 0x99, 0x00, 0xd4, 0xc8, 0xd0, 0xf6, 0xa9,
    0x40, 0x91, 0x6c, 0xa9, 0xff, 0x85, 0xe0, 0xa5, 0xcc, 0x8d, 0x09, 0xd4,
    0xa5, 0xcb, 0xf0, 0x08, 0xa9, 0x04, 0x91, 0x4e, 0xa9, 0x02, 0xd0, 0x02,
    0xa9, 0x03, 0x91, 0x6e, 0x60, 0x20, 0x8b, 0x92, 0xa5, 0xf9, 0x18, 0x69,
    0x11, 0x8d, 0xdf, 0x08, 0xa2, 0x1b, 0xbd, 0x4c, 0x97, 0x95, 0xaf, 0xca,
    0xd0, 0xf8, 0x20, 0xbf, 0x93, 0x20, 0xf2, 0x93, 0x20, 0x1a, 0x94, 0xa2,
    0x1c, 0x86, 0xbf, 0xa2, 0x3e, 0xbd, 0x2f, 0x96, 0x9d, 0xff, 0x03, 0xca,
    0xd0, 0xf7, 0xa2, 0x96, 0xa0, 0x0f, 0x20, 0x52, 0x92, 0xa2, 0x04, 0x8e,
    0x07, 0xd4, 0xa0, 0x00, 0xa9, 0x30, 0x91, 0x10, 0xa9, 0xc8, 0x91, 0x16,
    0xa0, 0xad, 0xa2, 0x94, 0x20, 0xf1, 0x91, 0xa9, 0xc0, 0x8d, 0x0e, 0xd4,
    0xa5, 0xb0, 0xc5, 0xb2, 0xd0, 0xfa, 0xa2, 0x04, 0xa5, 0xbc, 0x48, 0x20,
    0x7f, 0x92, 0xa5, 0xcb, 0xf0, 0x07, 0xa5, 0xe0, 0xc9, 0x03, 0x4c, 0x2e,
    0x93, 0xad, 0x1f, 0xd0, 0x29, 0x01, 0xf0, 0x0c, 0xa0, 0x00, 0xb1, 0x30,
    0x29, 0x01, 0xd0, 0x15, 0xa9, 0xff, 0x85, 0xe0, 0xa5, 0xc6, 0xf0, 0x08,
    0xa9, 0x05, 0x85, 0xc6, 0xd0, 0x0d, 0xa9, 0x01, 0x85, 0xe2, 0x4c, 0x68,
    0x97, 0xa5, 0xc6, 0xf0, 0x02, 0xc6, 0xc6, 0xa5, 0xc8, 0xf0, 0xef, 0xa5,
    0xcb, 0xf0, 0x07, 0xa5, 0xe0, 0xc9, 0x02, 0x4c, 0x5f, 0x93, 0xad, 0x1f,
    0xd0, 0x29, 0x02, 0xd0, 0x19, 0xa9, 0xff, 0x85, 0xe0, 0xa5, 0xc5, 0xd0,
    0x0d, 0xa9, 0x01, 0x38, 0xe5, 0xf9, 0x85, 0xf9, 0x18, 0x69, 0x11, 0x8d,
    0xdf, 0x08, 0xa9, 0xff, 0x85, 0xc5, 0xa5, 0xc5, 0xf0, 0x02, 0xc6, 0xc5,
    0x68, 0xc5, 0xbc, 0xf0, 0x1d, 0xca, 0xd0, 0x1d, 0xa5, 0xb0, 0x18, 0x69,
    0x02, 0x29, 0x0f, 0x85, 0xc2, 0x20, 0x1a, 0x94, 0xa9, 0x20, 0x38, 0xe5,
    0xbf, 0x85, 0xbf, 0xa5, 0xc2, 0x85, 0xb2, 0x4c, 0x08, 0x93, 0x4c, 0x12,
    0x93, 0x4c, 0x10, 0x93, 0x8d, 0x04, 0xd4, 0xa2, 0xe4, 0x4a, 0xf0, 0x08,
    0xa2, 0xd5, 0xc9, 0x05, 0x90, 0x02, 0xa2, 0x06, 0x8e, 0x33, 0x04, 0x8e,
    0x03, 0x04, 0x60, 0xa2, 0x04, 0x86, 0xb4, 0xa2, 0x00, 0x86, 0xb3, 0xa2,
    0xfc, 0xa0, 0x00, 0x20, 0xda, 0x93, 0xa2, 0x1c, 0x86, 0xb4, 0xa2, 0x00,
    0x86, 0xb3, 0xa2, 0xfc, 0xa0, 0x00, 0x86, 0xb6, 0x84, 0xb5, 0xa9, 0x00,
    0xa8, 0x91, 0xb3, 0xe6, 0xb3, 0xd0, 0x02, 0xe6, 0xb4, 0xe6, 0xb5, 0xd0,
    0xf4, 0xe6, 0xb6, 0xd0, 0xf0, 0x60, 0xa5, 0xcc, 0x85, 0xb4, 0xa9, 0xa8,
    0x85, 0xb3, 0xa2, 0x16, 0x20, 0x0b, 0x94, 0xa2, 0x6e, 0x20, 0x0b, 0x94,
    0xa2, 0x96, 0x20, 0x0b, 0x94, 0xa2, 0xee, 0xa0, 0x06, 0xb1, 0xb3, 0x9d,
    0x80, 0x06, 0x9d, 0x80, 0x1e, 0xca, 0x88, 0xd0, 0xf4, 0x60, 0xa2, 0x80,
    0x86, 0xc0, 0xa6, 0xbf, 0xe8, 0xe8, 0xe8, 0x86, 0xc1, 0xa0, 0x7f, 0xa9,
    0x0f, 0x38, 0xe5, 0xc2, 0xaa, 0x20, 0x8a, 0x94, 0xa5, 0xc2, 0xf0, 0x05,
    0x20, 0x88, 0x94, 0xf0, 0x03, 0x20, 0x93, 0x94, 0x20, 0x88, 0x94, 0x20,
    0x79, 0x94, 0xa5, 0xc2, 0xc9, 0x08, 0x90, 0x05, 0x20, 0x93, 0x94, 0xf0,
    0x03, 0x20, 0x88, 0x94, 0x20, 0x88, 0x94, 0xc6, 0xc1, 0xa2, 0x00, 0x86,
    0xc0, 0xa0, 0x79, 0xa6, 0xc2, 0xe8, 0x20, 0x8a, 0x94, 0xa5, 0xc2, 0xc9,
    0x0a, 0x90, 0x05, 0x20, 0x93, 0x94, 0xf0, 0x03, 0x20, 0x88, 0x94, 0x20,
    0x88, 0x94, 0x20, 0x79, 0x94, 0xa2, 0x10, 0xd0, 0x11, 0xa2, 0x05, 0x86,
    0xb1, 0x20, 0x93, 0x94, 0x20, 0x88, 0x94, 0xc6, 0xb1, 0xd0, 0xf6, 0x60,
    0xa2, 0x08, 0xa9, 0x00, 0x91, 0xc0, 0x88, 0xca, 0xd0, 0xfa, 0x60, 0xa2,
    0x08, 0xa5, 0xcb, 0xd0, 0x0a, 0xbd, 0xa8, 0xe0, 0x91, 0xc0, 0x88, 0xca,
    0xd0, 0xf7, 0x60, 0xbd, 0xa8, 0xf8, 0x91, 0xc0, 0x88, 0xca, 0xd0, 0xf7,
    0x60, 0x20, 0x18, 0x92, 0xa9, 0x80, 0x8d, 0x03, 0xd4, 0xa9, 0x00, 0x8d,
    0x02, 0xd4, 0xa9, 0x2a, 0x8d, 0x00, 0xd4, 0xa9, 0x02, 0x91, 0x4a, 0xa5,
    0xb2, 0xc5, 0xb0, 0xf0, 0x19, 0x85, 0xb0, 0xa9, 0x20, 0x38, 0xe5, 0xbf,
    0x8d, 0x07, 0xd4, 0xa6, 0xb0, 0xd0, 0x0b, 0xc6, 0xb8, 0x10, 0x04, 0xa2,
    0x09, 0x86, 0xb8, 0x20, 0x79, 0x95, 0xa5, 0xb0, 0x20, 0xa8, 0x93, 0xc6,
    0xc3, 0xd0, 0x27, 0xa9, 0x04, 0x85, 0xc3, 0xa5, 0xba, 0x29, 0x0f, 0xc9,
    0x02, 0xf0, 0x06, 0xc9, 0x0c, 0xd0, 0x10, 0xf0, 0x07, 0xa5, 0xba, 0x18,
    0x69, 0x10, 0x85, 0xba, 0xa9, 0x00, 0x38, 0xe5, 0xbb, 0x85, 0xbb, 0xa5,
    0xba, 0x18, 0x65, 0xbb, 0x85, 0xba, 0xa5, 0xb9, 0xc6, 0xbd, 0xd0, 0x0d,
    0xa2, 0x0e, 0x86, 0xbd, 0x38, 0xe9, 0x01, 0xb0, 0x02, 0xa9, 0x0e, 0x85,
    0xb9, 0x85, 0xc4, 0xc6, 0xbc, 0xd0, 0x0e, 0xa2, 0x1e, 0x86, 0xbc, 0xa9,
    0x02, 0x38, 0xe5, 0xbe, 0x85, 0xbe, 0x8d, 0x01, 0xd4, 0xc6, 0xc7, 0xd0,
    0x06, 0xa9, 0x3c, 0x85, 0xc7, 0xc6, 0xc8, 0xc6, 0xc9, 0xd0, 0x18, 0xa9,
    0x0b, 0x85, 0xc9, 0xa6, 0xca, 0xca, 0xe0, 0x5f, 0xd0, 0x02, 0xa2, 0x6f,
    0x8a, 0xa0, 0x00, 0x85, 0xca, 0x91, 0x52, 0xa9, 0xc8, 0x91, 0x50, 0x4c,
    0x3c, 0x92, 0xa0, 0x00, 0x91, 0x12, 0x18, 0x69, 0x10, 0x91, 0x14, 0xa2,
    0x04, 0x86, 0xb4, 0xa2, 0x06, 0x86, 0xb3, 0xa2, 0x08, 0x86, 0xb5, 0x18,
    0x60, 0xa9, 0x70, 0x18, 0x65, 0xb0, 0x20, 0x62, 0x95, 0xa9, 0x09, 0x65,
    0xb8, 0xaa, 0xa0, 0x23, 0xa5, 0xb0, 0xc9, 0x08, 0x90, 0x04, 0xa9, 0x00,
    0xf0, 0x03, 0xbd, 0x16, 0x97, 0x91, 0xb3, 0xa5, 0x11, 0xc8, 0xc8, 0xc8,
    0x91, 0xb3, 0x88, 0x88, 0x88, 0x98, 0x38, 0xe9, 0x05, 0xa8, 0xca, 0xc0,
    0x0f, 0xd0, 0x02, 0xca, 0xca, 0xc6, 0xb5, 0xd0, 0xe1, 0xa6, 0xb8, 0xbd,
    0x1a, 0x97, 0xa0, 0x00, 0x91, 0x36, 0xbd, 0x1b, 0x97, 0x91, 0x38, 0xbd,
    0x1f, 0x97, 0x91, 0x34, 0x91, 0x3a, 0x60, 0xa9, 0x10, 0x38, 0xe5, 0xb0,
    0x29, 0x0f, 0x18, 0x69, 0x68, 0x20, 0x62, 0x95, 0xa9, 0x0e, 0x65, 0xb8,
    0xaa, 0xa5, 0xb0, 0xd0, 0x01, 0xe8, 0xa0, 0x00, 0xc9, 0x0a, 0x90, 0x04,
    0xa9, 0x00, 0xf0, 0x03, 0xbd, 0x16, 0x97, 0x91, 0xb3, 0x98, 0x18, 0x69,
    0x05, 0xa8, 0xca, 0xc0, 0x14, 0xd0, 0x02, 0xca, 0xca, 0xc6, 0xb5, 0xd0,
    0xeb, 0x8a, 0x18, 0x69, 0x06, 0xaa, 0xbd, 0x16, 0x97, 0xa0, 0x00, 0x91,
    0x36, 0xbd, 0x15, 0x97, 0x91, 0x38, 0x60, 0x48, 0x8a, 0x48, 0x98, 0x48,
    0xa0, 0x00, 0x8d, 0x0a, 0xd4, 0xa5, 0xb7, 0xf0, 0x0b, 0xa5, 0xb0, 0xd0,
    0x07, 0xa6, 0xb8, 0xbd, 0x1b, 0x97, 0x91, 0x3a, 0x8d, 0x0a, 0xd4, 0xa2,
    0x0c, 0x4c, 0x00, 0x04, 0x8d, 0x0a, 0xd4, 0xe4, 0xb1, 0xa9, 0x00, 0x8d,
    0x16, 0xd0, 0xa9, 0x00, 0x8d, 0x17, 0xd0, 0xa9, 0x00, 0x8d, 0x18, 0xd0,
    0xa9, 0x00, 0x8d, 0x19, 0xd0, 0xa9, 0x00, 0x8d, 0x16, 0xd0, 0xa9, 0x00,
    0x8d, 0x17, 0xd0, 0xa9, 0x00, 0x8d, 0x18, 0xd0, 0xa9, 0x00, 0x8d, 0x19,
    0xd0, 0x01, 0xb1, 0x01, 0xb1, 0x01, 0xb1, 0xe4, 0xb1, 0xca, 0xf0, 0x03,
    0x4c, 0x05, 0x04, 0x4c, 0x6e, 0x96, 0xa6, 0xb7, 0xd0, 0x14, 0xa5, 0xba,
    0x91, 0x3e, 0xa2, 0x96, 0xa0, 0x90, 0x20, 0x52, 0x92, 0xe6, 0xb7, 0xa9,
    0x00, 0xa8, 0x91, 0x40, 0xf0, 0x07, 0xa2, 0x00, 0x86, 0xb7, 0x20, 0x79,
    0x95, 0x4c, 0x3c, 0x92, 0x48, 0x8a, 0x48, 0x98, 0x48, 0xa0, 0x00, 0xa6,
    0xb7, 0xbd, 0x2e, 0x97, 0x8d, 0x0a, 0xd4, 0xf0, 0x35, 0xa6, 0xb0, 0xe0,
    0x0a, 0x90, 0x0c, 0xc9, 0x0a, 0x90, 0x2b, 0xa2, 0x00, 0x86, 0xb6, 0xe9,
    0x0a, 0xb0, 0x08, 0xc9, 0x0a, 0xb0, 0x1f, 0xa2, 0x01, 0x86, 0xb6, 0x85,
    0xb5, 0x18, 0x65, 0xb8, 0xaa, 0xbd, 0x1a, 0x97, 0x91, 0x34, 0xa9, 0x05,
    0x38, 0xe5, 0xb5, 0x18, 0x65, 0xb6, 0x65, 0xb8, 0xaa, 0xbd, 0x15, 0x97,
    0x91, 0x3a, 0xa5, 0xb7, 0xc9, 0x02, 0xf0, 0x11, 0xa5, 0xc4, 0x38, 0xe9,
    0x01, 0xb0, 0x02, 0xa9, 0x0e, 0x85, 0xc4, 0xaa, 0xbd, 0x3e, 0x97, 0x91,
    0x3c, 0xa6, 0xb7, 0xe0, 0x0e, 0xd0, 0x04, 0xa9, 0x0f, 0x91, 0x3e, 0xe6,
    0xb7, 0xa2, 0x10, 0xe4, 0xb7, 0xd0, 0x14, 0xa0, 0x0f, 0xa2, 0x96, 0x20,
    0x52, 0x92, 0xa9, 0x10, 0x38, 0xe5, 0xb0, 0x29, 0x0f, 0x20, 0xa8, 0x93,
    0x20, 0xc7, 0x95, 0x4c, 0x3c, 0x92, 0x0e, 0x84, 0xc6, 0x48, 0xba, 0xe4,
    0x56, 0x32, 0x6a, 0x16, 0x0e, 0x84, 0xc6, 0x48, 0xba, 0xe4, 0x56, 0x32,
    0x6a, 0x16, 0x0e, 0x84, 0xc6, 0x48, 0xba, 0x05, 0x0e, 0x04, 0x0d, 0x00,
    0x03, 0x00, 0x0c, 0x00, 0x02, 0x00, 0x0b, 0x00, 0x01, 0x0a, 0x1a, 0xea,
    0x2a, 0xfa, 0x3a, 0x4a, 0x5a, 0x6a, 0x7a, 0x8a, 0x9a, 0xaa, 0xba, 0xca,
    0xda, 0x00, 0x00, 0x00, 0x00, 0xd0, 0xe1, 0xff, 0x00, 0x00, 0x00, 0x36,
    0x02, 0x03, 0x02, 0x02, 0x04, 0x00, 0x00, 0x00, 0x02, 0x00, 0xff, 0x28,
    0x3c, 0x1e, 0x01, 0x60, 0xa9, 0x00, 0x8d, 0x0e, 0xd4, 0x8d, 0x00, 0xd4,
    0x20, 0x1b, 0xa4, 0xa4, 0xe2, 0xd0, 0x09, 0xa4, 0x05, 0x84, 0xb8, 0x84,
    0xc2, 0x4c, 0x3e, 0xa2, 0xa2, 0x01, 0x86, 0xb7, 0xca, 0x4c, 0x34, 0xa2,
    0x8c, 0x97, 0x18, 0x98, 0x1f, 0x51, 0x17, 0x0b, 0x1f, 0x06, 0x0f, 0x09,
    0x1f, 0x1d, 0x17, 0xff, 0x17, 0x26, 0x1f, 0x16, 0x0b, 0x05, 0x0f, 0x04,
    0x1f, 0x1e, 0x17, 0x08, 0x1f, 0x02, 0x1b, 0xad, 0x1a, 0x08, 0x1e, 0x36,
    0x1f, 0x01, 0x16, 0x02, 0x17, 0x27, 0x1f, 0x03, 0x1b, 0x5e, 0x1f, 0x02,
    0x17, 0x0b, 0x1f, 0x11, 0x0b, 0x05, 0x0f, 0x04, 0x1f, 0x28, 0x17, 0x06,
    0x1f, 0x04, 0x1b, 0x25, 0x1f, 0x02, 0x17, 0x63, 0x16, 0x02, 0x1e, 0x3e,
    0x16, 0x02, 0x17, 0xb3, 0x1f, 0x02, 0x1b, 0x7f, 0x1a, 0x05, 0x1b, 0x01,
    0x1a, 0x0b, 0x1e, 0x23, 0x16, 0x01, 0x17, 0x7c, 0x1f, 0x04, 0x1a, 0x01,
    0x1b, 0x0e, 0x1a, 0x09, 0x1e, 0x3a, 0x16, 0x03, 0x17, 0x20, 0x1f, 0x02,
    0x1b, 0xbe, 0x1f, 0x58, 0x1b, 0x22, 0x0b, 0x0a, 0x1b, 0x01, 0x1f, 0x26,
    0x1b, 0x08, 0x1f, 0x03, 0x17, 0x47, 0x1f, 0x01, 0x1d, 0x08, 0x19, 0x02,
    0x1d, 0x3c, 0x19, 0x02, 0x1b, 0x3f, 0x1f, 0x02, 0x17, 0x9c, 0x1f, 0x57,
    0x1f, 0x5e, 0x17, 0xff, 0x17, 0x21, 0x1f, 0x0d, 0x1b, 0x05, 0x1f, 0x19,
    0x0f, 0x12, 0x1f, 0x25, 0x17, 0x16, 0x1f, 0x03, 0x1b, 0x0a, 0x19, 0x09,
    0x1d, 0x3d, 0x19, 0x11, 0x1b, 0xcc, 0x1f, 0x1f, 0x17, 0x03, 0x1f, 0x1a,
    0x0f, 0x16, 0x1f, 0x2c, 0x0f, 0x10, 0x1f, 0x2a, 0x0b, 0x0b, 0x0f, 0x03,
    0x1f, 0x28, 0x1b, 0x23, 0x1f, 0x03, 0x17, 0x07, 0x1d, 0x6c, 0x15, 0x02,
    0x17, 0x0c, 0x1f, 0x12, 0x1b, 0x01, 0x1f, 0x1e, 0x07, 0x0a, 0x0f, 0x03,
    0x1f, 0x2d, 0x17, 0xde, 0x1f, 0x03, 0x1b, 0x05, 0x1f, 0x19, 0x0f, 0x11,
    0x1f, 0x27, 0x0f, 0x19, 0x1f, 0x1f, 0x0f, 0x12, 0x1f, 0x1e, 0x17, 0x0d,
    0x1f, 0x06, 0x1b, 0x01, 0x19, 0x09, 0x1d, 0x45, 0x19, 0x2c, 0x1b, 0x02,
    0x1f, 0x08, 0x17, 0x05, 0x1f, 0x15, 0x0b, 0x07, 0x0f, 0x07, 0x1f, 0x22,
    0x1b, 0xc5, 0x1f, 0x03, 0x17, 0x04, 0x15, 0x03, 0x1d, 0x5c, 0x15, 0x02,
    0x17, 0xff, 0x17, 0x2b, 0xa0, 0x00, 0x84, 0x83, 0xa4, 0x83, 0xb1, 0xa8,
    0xd0, 0x01, 0x60, 0x85, 0xaa, 0xc8, 0xb1, 0xa8, 0x38, 0xe9, 0x30, 0x85,
    0x85, 0xc8, 0xb1, 0xa8, 0x18, 0x69, 0x15, 0x85, 0x86, 0xc8, 0xb1, 0xa8,
    0x85, 0x88, 0xc8, 0x84, 0x83, 0xa9, 0x08, 0x85, 0x87, 0xa4, 0x85, 0xa6,
    0x86, 0x20, 0x59, 0x9a, 0xe6, 0x85, 0xc6, 0x87, 0xd0, 0xf3, 0xe6, 0x86,
    0xa5, 0x85, 0x38, 0xe9, 0x09, 0x65, 0x88, 0x85, 0x85, 0xc6, 0xaa, 0xd0,
    0xe0, 0xf0, 0xbd, 0xa0, 0xff, 0x84, 0x83, 0xa0, 0x08, 0xa5, 0xb7, 0xc9,
    0x08, 0xd0, 0x02, 0xa0, 0x00, 0x84, 0x84, 0xa4, 0x83, 0x20, 0x35, 0x99,
    0xf0, 0x3d, 0x20, 0x35, 0x99, 0x85, 0x82, 0x20, 0x35, 0x99, 0x85, 0x85,
    0x20, 0x35, 0x99, 0x85, 0x86, 0x20, 0x35, 0x99, 0x20, 0x35, 0x99, 0x84,
    0x83, 0xa0, 0x03, 0x84, 0x88, 0xa6, 0x86, 0xa4, 0x85, 0x20, 0x83, 0x9a,
    0xe6, 0x86, 0xc6, 0x88, 0xd0, 0xf3, 0xa5, 0x86, 0x38, 0xe9, 0x03, 0x85,
    0x86, 0xe6, 0x85, 0xc6, 0x82, 0xd0, 0xe2, 0xf0, 0xc2, 0xc8, 0xb1, 0xb1,
    0x99, 0x30, 0x3f, 0x60, 0xa9, 0x04, 0x85, 0x84, 0xa0, 0x00, 0x84, 0x83,
    0xa4, 0x83, 0xb1, 0x9e, 0xd0, 0x01, 0x60, 0x85, 0x82, 0xc8, 0xb1, 0x9e,
    0x38, 0xe9, 0x30, 0x85, 0x85, 0xc8, 0xb1, 0x9e, 0x85, 0x86, 0xc8, 0xb1,
    0x9e, 0x10, 0x12, 0x29, 0x7f, 0x48, 0xa5, 0x86, 0x38, 0xe9, 0x05, 0x85,
    0x86, 0xa5, 0x82, 0x18, 0x69, 0x05, 0x85, 0x82, 0x68, 0x85, 0x89, 0xc8,
    0x84, 0x83, 0x20, 0xa8, 0x99, 0xa5, 0x89, 0xd0, 0x06, 0x20, 0xa4, 0x99,
    0x4c, 0x8a, 0x99, 0xa5, 0x85, 0x18, 0x69, 0x04, 0x85, 0x85, 0x20, 0xa8,
    0x99, 0xa5, 0x85, 0x38, 0xe9, 0x08, 0x85, 0x85, 0xe6, 0x86, 0xc6, 0x89,
    0x10, 0x04, 0xa2, 0x03, 0x86, 0x89, 0xc6, 0x82, 0xf0, 0xa2, 0xd0, 0xd2,
    0xa2, 0x04, 0xd0, 0x02, 0xa2, 0x02, 0x86, 0x87, 0xa6, 0x86, 0xa4, 0x85,
    0x20, 0x59, 0x9a, 0xe6, 0x85, 0xc6, 0x87, 0xd0, 0xf3, 0x60, 0x86, 0x85,
    0x85, 0x83, 0x84, 0x86, 0xa6, 0x85, 0xa4, 0x86, 0x20, 0x59, 0x9a, 0xe6,
    0x86, 0xc6, 0x83, 0xd0, 0xf3, 0x60, 0x86, 0x95, 0x84, 0x94, 0xa0, 0x00,
    0x84, 0x83, 0x84, 0xf6, 0xa0, 0x08, 0x84, 0x84, 0x85, 0x89, 0xa4, 0x83,
    0xb1, 0x94, 0xd0, 0x04, 0xc8, 0x84, 0x83, 0x60, 0x85, 0x82, 0x18, 0x65,
    0xf6, 0x85, 0xf6, 0xc8, 0xb1, 0x94, 0x85, 0x85, 0xc8, 0xb1, 0x94, 0x85,
    0x86, 0xc8, 0x84, 0x83, 0xa5, 0x89, 0xd0, 0x15, 0x20, 0x25, 0x9a, 0xa5,
    0x86, 0x38, 0xe9, 0x05, 0x85, 0x86, 0xc6, 0x82, 0xf0, 0xd0, 0x20, 0x2b,
    0x9a, 0xa0, 0x04, 0xd0, 0x05, 0x20, 0x2b, 0x9a, 0xa4, 0x89, 0xc6, 0x86,
    0x88, 0xd0, 0xfb, 0xc6, 0x82, 0xd0, 0xd9, 0xf0, 0xb9, 0x20, 0x3d, 0x9a,
    0x20, 0x4f, 0x9a, 0xa2, 0x03, 0x86, 0x88, 0x20, 0x3d, 0x9a, 0xc6, 0x88,
    0xf0, 0x48, 0x20, 0x4f, 0x9a, 0xe6, 0x86, 0xd0, 0xf2, 0xa2, 0x04, 0x86,
    0x87, 0xa4, 0x85, 0xa6, 0x86, 0x20, 0x59, 0x9a, 0xe6, 0x85, 0xc6, 0x87,
    0xd0, 0xf3, 0x60, 0xa5, 0x85, 0x38, 0xe9, 0x04, 0x85, 0x85, 0xe6, 0x86,
    0x60, 0xbd, 0xb8, 0x3d, 0x85, 0x80, 0xbd, 0x70, 0x3e, 0x85, 0x81, 0x98,
    0x29, 0x03, 0xaa, 0x98, 0x4a, 0x4a, 0xa8, 0xbd, 0x88, 0x9b, 0x31, 0x80,
    0xd0, 0x0c, 0x8a, 0x18, 0x65, 0x84, 0xaa, 0xbd, 0x80, 0x9b, 0x11, 0x80,
    0x91, 0x80, 0x60, 0xa4, 0x85, 0xa6, 0x86, 0xbd, 0xb8, 0x3d, 0x85, 0x80,
    0xbd, 0x70, 0x3e, 0x85, 0x81, 0x98, 0x29, 0x03, 0xaa, 0x98, 0x4a, 0x4a,
    0xa8, 0xbd, 0x90, 0x9b, 0x31, 0x80, 0x48, 0x8a, 0x18, 0x65, 0x84, 0xaa,
    0x68, 0x1d, 0x80, 0x9b, 0x91, 0x80, 0x60, 0xa6, 0x86, 0xa4, 0x85, 0xe0,
    0xc0, 0xb0, 0x04, 0xe0, 0x08, 0xb0, 0x02, 0xa2, 0x08, 0xbd, 0xb8, 0x3d,
    0x85, 0x96, 0xbd, 0x70, 0x3e, 0x85, 0x97, 0x98, 0x38, 0xe9, 0x30, 0xa8,
    0x29, 0x03, 0xaa, 0x98, 0x4a, 0x4a, 0xa8, 0xb1, 0x96, 0xe0, 0x03, 0xf0,
    0x05, 0x4a, 0x4a, 0xe8, 0xd0, 0xf7, 0x29, 0x03, 0xc9, 0x03, 0x60, 0xf0,
    0x4e, 0x00, 0x21, 0xa9, 0x70, 0x8d, 0x00, 0x20, 0x8d, 0x01, 0x20, 0x8d,
    0x02, 0x20, 0xa9, 0xc2, 0x8d, 0x03, 0x20, 0xa9, 0xd8, 0x8d, 0x04, 0x20,
    0xa9, 0x20, 0x8d, 0x05, 0x20, 0xa9, 0x0e, 0xa2, 0xba, 0x9d, 0x05, 0x20,
    0xca, 0xd0, 0xfa, 0xa5, 0xb7, 0xc9, 0x0b, 0xf0, 0x0d, 0xa9, 0x8e, 0x8d,
    0x34, 0x20, 0x8d, 0x63, 0x20, 0x8d, 0x94, 0x20, 0xd0, 0x0b, 0xa0, 0x04,
    0xb9, 0xda, 0x9a, 0x99, 0x02, 0x20, 0x88, 0xd0, 0xf7, 0xa9, 0x4e, 0x8d,
    0x66, 0x20, 0xa9, 0x00, 0x8d, 0x67, 0x20, 0xa9, 0x30, 0x8d, 0x68, 0x20,
    0xa9, 0x41, 0x8d, 0xc0, 0x20, 0xa9, 0x00, 0x8d, 0xc1, 0x20, 0xa9, 0x20,
    0x8d, 0xc2, 0x20, 0xa2, 0x00, 0x86, 0x80, 0x8a, 0xa0, 0x21, 0x9d, 0xc0,
    0x3d, 0x98, 0x9d, 0x78, 0x3e, 0xa5, 0x80, 0x18, 0x69, 0x28, 0x85, 0x80,
    0x90, 0x01, 0xc8, 0xe8, 0xe0, 0xb8, 0xd0, 0xea, 0xa2, 0x20, 0x86, 0x81,
    0xa2, 0xd8, 0x86, 0x80, 0xa2, 0xe3, 0xa0, 0x18, 0x86, 0x83, 0x84, 0x82,
    0xa9, 0x00, 0xa8, 0x91, 0x80, 0xe6, 0x80, 0xd0, 0x02, 0xe6, 0x81, 0xe6,
    0x82, 0xd0, 0xf4, 0xe6, 0x83, 0xd0, 0xf0, 0x60, 0x40, 0x10, 0x04, 0x01,
    0x80, 0x20, 0x08, 0x02, 0xc0, 0x30, 0x0c, 0x03, 0x00, 0x00, 0x00, 0x00,
    0x3f, 0xcf, 0xf3, 0xfc, 0xa2, 0x9d, 0x86, 0x85, 0xa2, 0x03, 0x86, 0x88,
    0xa2, 0x08, 0x86, 0x84, 0xa0, 0x28, 0xa9, 0x5c, 0x20, 0xbc, 0x99, 0xe6,
    0x85, 0xc6, 0x88, 0xd0, 0xf3, 0xa2, 0x04, 0x86, 0xab, 0xa0, 0x00, 0xa1,
    0x60, 0x99, 0x19, 0x0a, 0xa9, 0x01, 0x99, 0x1a, 0x0a, 0xa9, 0xa0, 0x99,
    0x1b, 0x0a, 0xc8, 0xc8, 0xc8, 0xc6, 0xab, 0xd0, 0xea, 0xa9, 0x0b, 0xa2,
    0xa0, 0xa8, 0x48, 0x20, 0x12, 0x9c, 0x68, 0x18, 0x69, 0x06, 0xc9, 0x1e,
    0x90, 0xf1, 0xa2, 0x28, 0x20, 0xe1, 0x9b, 0xa2, 0x82, 0x86, 0x85, 0xa0,
    0xa0, 0x84, 0x86, 0xa9, 0x04, 0x85, 0x84, 0xa9, 0x1f, 0x85, 0x88, 0x20,
    0x7f, 0x9a, 0xe6, 0x85, 0x20, 0x7f, 0x9a, 0xc6, 0x85, 0xe6, 0x86, 0xc6,
    0x88, 0xd0, 0xf0, 0x60, 0x00, 0x00, 0x00, 0x55, 0x55, 0x55, 0x55, 0x55,
    0x55, 0x50, 0x55, 0x05, 0x50, 0x55, 0x05, 0x00, 0xaa, 0x00, 0xbd, 0xb8,
    0x3d, 0x85, 0x80, 0xbd, 0x70, 0x3e, 0x85, 0x81, 0xa2, 0x12, 0xa9, 0x03,
    0x85, 0x87, 0xbd, 0xff, 0x9b, 0x91, 0x80, 0xc8, 0xca, 0xc6, 0x87, 0xd0,
    0xf5, 0x88, 0x88, 0x88, 0xa5, 0x80, 0x18, 0x69, 0x28, 0x85, 0x80, 0x90,
    0x02, 0xe6, 0x81, 0xe8, 0xca, 0xd0, 0xdf, 0x60, 0xa5, 0xb7, 0xc9, 0x09,
    0xd0, 0x61, 0xa0, 0x0b, 0xa2, 0x00, 0xbd, 0x19, 0x0a, 0xd0, 0x49, 0xbd,
    0x1a, 0x0a, 0x18, 0x7d, 0x1b, 0x0a, 0x9d, 0x1b, 0x0a, 0xc9, 0xb6, 0xf0,
    0x26, 0xc9, 0xa0, 0xd0, 0x29, 0xa9, 0x01, 0x9d, 0x1a, 0x0a, 0xa5, 0xb8,
    0xc9, 0x0a, 0x90, 0x02, 0xa9, 0x09, 0x0a, 0x85, 0x85, 0xa9, 0x12, 0x38,
    0xe5, 0x85, 0x0a, 0x0a, 0x0a, 0x18, 0x69, 0x28, 0x9d, 0x19, 0x0a, 0xa9,
    0xa0, 0xd0, 0x07, 0xa9, 0xff, 0x9d, 0x1a, 0x0a, 0xa9, 0xb6, 0x86, 0x85,
    0x84, 0x86, 0xaa, 0x20, 0x12, 0x9c, 0xa6, 0x85, 0xa4, 0x86, 0xd0, 0x03,
    0xde, 0x19, 0x0a, 0xe8, 0xe8, 0xe8, 0x98, 0x18, 0x69, 0x06, 0xa8, 0xc9,
    0x1e, 0x90, 0xa3, 0x60, 0xa2, 0x01, 0x86, 0xa1, 0xa2, 0x00, 0xbd, 0x46,
    0x9d, 0x10, 0x29, 0xa0, 0xa5, 0x20, 0x2f, 0x9d, 0x20, 0x14, 0x9d, 0x20,
    0x14, 0x9d, 0x88, 0xc0, 0x9f, 0xd0, 0xf2, 0xbd, 0x46, 0x9d, 0xc9, 0xff,
    0xd0, 0x47, 0xa0, 0x14, 0x20, 0x14, 0x9d, 0x88, 0xd0, 0xfa, 0xa6, 0xa1,
    0xe8, 0xe0, 0x04, 0xd0, 0xd1, 0x4c, 0xb9, 0x92, 0xa0, 0x00, 0x91, 0x50,
    0xc9, 0x1a, 0xd0, 0x04, 0xa9, 0x6c, 0xd0, 0x08, 0x38, 0xe9, 0x1d, 0x0a,
    0x0a, 0x18, 0x69, 0x79, 0x91, 0x54, 0xa0, 0xaf, 0x20, 0x2f, 0x9d, 0xe8,
    0xbd, 0x46, 0x9d, 0xa8, 0xc8, 0xc8, 0x20, 0x14, 0x9d, 0x88, 0xd0, 0xfa,
    0xa0, 0xae, 0x20, 0x2f, 0x9d, 0x20, 0x14, 0x9d, 0x88, 0xc0, 0xa5, 0xd0,
    0xf5, 0xe8, 0xd0, 0x9a, 0xa5, 0x9d, 0x84, 0x7f, 0x48, 0x20, 0x95, 0x9e,
    0x20, 0x7f, 0x92, 0x20, 0xae, 0x9e, 0x90, 0x03, 0x4c, 0x68, 0x97, 0x68,
    0xc5, 0x9d, 0xf0, 0xec, 0xa4, 0x7f, 0x60, 0xa5, 0xa1, 0x4a, 0x90, 0x08,
    0x48, 0x98, 0xa0, 0x00, 0x91, 0x52, 0xa8, 0x68, 0x4a, 0x90, 0x06, 0x98,
    0xa0, 0x00, 0x91, 0x56, 0xa8, 0x60, 0x28, 0x06, 0x28, 0x02, 0x28, 0x04,
    0x35, 0x04, 0x1f, 0x06, 0x1f, 0x02, 0x1f, 0x04, 0x28, 0x04, 0x28, 0x06,
    0x1f, 0x02, 0x1a, 0x04, 0x1a, 0x04, 0x1d, 0x06, 0x1f, 0x02, 0x23, 0x08,
    0xfe, 0x23, 0x06, 0x1f, 0x02, 0x1d, 0x04, 0x1d, 0x04, 0x1f, 0x06, 0x23,
    0x02, 0x1f, 0x04, 0x28, 0x04, 0x28, 0x06, 0x1f, 0x02, 0x23, 0x04, 0x35,
    0x04, 0x2a, 0x06, 0x23, 0x02, 0x28, 0x08, 0xff, 0x85, 0xb3, 0xd0, 0x01,
    0x60, 0x38, 0xe9, 0x33, 0x85, 0x75, 0xa2, 0x00, 0x86, 0x74, 0xe8, 0x86,
    0x79, 0x86, 0xac, 0xa2, 0x9d, 0x86, 0x76, 0xa9, 0x11, 0x85, 0x83, 0x20,
    0xff, 0x9d, 0xa5, 0x76, 0x38, 0xe9, 0x37, 0x85, 0x76, 0xe6, 0x83, 0xa5,
    0x83, 0xc9, 0x15, 0xd0, 0xee, 0xa2, 0x04, 0x86, 0x82, 0xa2, 0x0e, 0x86,
    0x86, 0xa0, 0x00, 0x84, 0x83, 0x84, 0x84, 0xb9, 0x88, 0x9e, 0xf0, 0x36,
    0x85, 0x87, 0xc8, 0x84, 0x83, 0xa5, 0xb3, 0x38, 0xe9, 0x37, 0x85, 0x85,
    0xb9, 0x88, 0x9e, 0xa0, 0x08, 0x84, 0x88, 0x0a, 0x90, 0x0d, 0x48, 0x20,
    0x7f, 0x9a, 0xa6, 0x86, 0xa4, 0x85, 0xc8, 0x20, 0x83, 0x9a, 0x68, 0xe6,
    0x85, 0xe6, 0x85, 0xc6, 0x88, 0xd0, 0xe8, 0xe6, 0x86, 0xa4, 0x83, 0xc6,
    0x87, 0xd0, 0xd2, 0xc8, 0xd0, 0xc5, 0xc6, 0x82, 0xd0, 0xbb, 0x60, 0xa4,
    0xcc, 0xc9, 0x20, 0x90, 0x07, 0xc8, 0x38, 0xe9, 0x20, 0x4c, 0x01, 0x9e,
    0x84, 0x73, 0xa0, 0x00, 0x84, 0x72, 0x0a, 0x0a, 0x0a, 0x85, 0x7a, 0xa2,
    0x08, 0x86, 0x78, 0xa5, 0x79, 0x48, 0xa2, 0x08, 0x86, 0x77, 0xa4, 0x7a,
    0xb1, 0x72, 0x0a, 0x48, 0xb0, 0x14, 0xa5, 0x74, 0xc9, 0x0c, 0xf0, 0x11,
    0x48, 0xa9, 0x0c, 0x85, 0x74, 0x20, 0x60, 0x9e, 0x68, 0x85, 0x74, 0x4c,
    0x41, 0x9e, 0x20, 0x60, 0x9e, 0xe6, 0x75, 0x68, 0xc6, 0x77, 0xd0, 0xde,
    0xe6, 0x76, 0xa5, 0x75, 0x38, 0xe9, 0x08, 0x85, 0x75, 0x68, 0x38, 0xe9,
    0x01, 0xd0, 0xc6, 0xa5, 0x79, 0xe6, 0x7a, 0xc6, 0x78, 0xd0, 0xbe, 0x60,
    0xa4, 0x75, 0xa6, 0x76, 0xbd, 0xb8, 0x3d, 0x85, 0x70, 0xbd, 0x70, 0x3e,
    0x85, 0x71, 0x98, 0x29, 0x03, 0xaa, 0x98, 0x4a, 0x4a, 0xa8, 0xbd, 0x90,
    0x9b, 0x31, 0x70, 0x48, 0x8a, 0x18, 0x65, 0x74, 0xaa, 0x68, 0x1d, 0x80,
    0x9b, 0x91, 0x70, 0x60, 0x02, 0x7e, 0x08, 0x42, 0x01, 0x7e, 0x02, 0xff,
    0x17, 0x81, 0x0b, 0x00, 0x00, 0xa5, 0xcb, 0xf0, 0x07, 0xa5, 0xe0, 0xc9,
    0x02, 0x4c, 0xa5, 0x9e, 0xad, 0x1f, 0xd0, 0x29, 0x04, 0xd0, 0x3e, 0x4c,
    0xb9, 0x92, 0xa5, 0xe2, 0xf0, 0x0c, 0xa5, 0xcb, 0xd0, 0x0c, 0xa0, 0x00,
    0xb1, 0x30, 0x29, 0x01, 0xf0, 0x1a, 0xa5, 0xcb, 0xf0, 0x07, 0xa5, 0xe0,
    0xc9, 0x03, 0x4c, 0xca, 0x9e, 0xad, 0x1f, 0xd0, 0x29, 0x01, 0xf0, 0x08,
    0xa5, 0xe3, 0xf0, 0x02, 0xc6, 0xe3, 0x18, 0x60, 0xa9, 0xff, 0x85, 0xe0,
    0xa5, 0xe3, 0xf0, 0x06, 0xa9, 0x05, 0x85, 0xe3, 0xd0, 0xf0, 0x85, 0xe2,
    0x38, 0x60, 0x09, 0x5b, 0x0d, 0x09, 0x5b, 0x29, 0x59, 0x66, 0x00, 0x43,
    0x66, 0x34, 0x00, 0x0f, 0xf0, 0x0f, 0xf0, 0x0f, 0xf0, 0x0f, 0xf0, 0x0f,
    0xf0, 0x0f, 0xf0, 0x1f, 0xf8, 0x1f, 0xf8, 0x1f, 0xf8, 0x1f, 0xf8, 0x1f,
    0xf8, 0x1f, 0xf8, 0x1f, 0xf8, 0x1f, 0xf8, 0x1f, 0xf8, 0x3f, 0xfc, 0x3f,
    0xfc, 0x3f, 0xfc, 0x3f, 0xfc, 0xff, 0xff, 0xff, 0xff, 0xbf, 0xfd, 0xbf,
    0xfd, 0xbf, 0xfd, 0x9f, 0xf9, 0x8f, 0xf1, 0x83, 0xc1, 0xc1, 0x83, 0x61,
    0x86, 0x30, 0x0c, 0x18, 0x18, 0x1f, 0xf8, 0x1f, 0xf8, 0x1e, 0x78, 0x1e,
    0x78, 0xa9, 0xa1, 0x85, 0xd4, 0xa0, 0x46, 0xa2, 0x23, 0xb9, 0xf2, 0x9e,
    0x9d, 0xb8, 0x07, 0x88, 0xb9, 0xf2, 0x9e, 0x9d, 0xb8, 0x03, 0x88, 0xca,
    0xd0, 0xef, 0xa9, 0x00, 0x85, 0x74, 0x85, 0x84, 0xa2, 0xa5, 0x86, 0x7c,
    0xa9, 0x01, 0x85, 0x79, 0xa2, 0x00, 0xa0, 0x0d, 0xa9, 0x14, 0x20, 0x66,
    0xa0, 0xa0, 0x0d, 0xa2, 0x59, 0xa9, 0x1e, 0x20, 0xba, 0x99, 0xa0, 0x0d,
    0xa2, 0x5a, 0xa9, 0x1e, 0x20, 0xba, 0x99, 0xa0, 0x00, 0xa2, 0x64, 0xa9,
    0x36, 0x20, 0xba, 0x99, 0xa0, 0x00, 0xa2, 0x65, 0xa9, 0x36, 0x20, 0xba,
    0x99, 0xa0, 0x00, 0x84, 0x83, 0xb9, 0xe6, 0x9e, 0xf0, 0x23, 0x85, 0x89,
    0xb9, 0xe7, 0x9e, 0x85, 0x86, 0xb9, 0xe8, 0x9e, 0x85, 0x85, 0x20, 0x7f,
    0x9a, 0xe6, 0x85, 0x20, 0x7f, 0x9a, 0xc6, 0x85, 0xe6, 0x86, 0xc6, 0x89,
    0xd0, 0xf0, 0xa4, 0x83, 0xc8, 0xc8, 0xc8, 0xd0, 0xd6, 0xa9, 0x04, 0x85,
    0x74, 0x85, 0x84, 0xa2, 0xa5, 0x86, 0x7c, 0xa9, 0x01, 0x85, 0x79, 0xa2,
    0x10, 0xa0, 0x5c, 0xa9, 0x03, 0x20, 0x66, 0xa0, 0xa9, 0x40, 0x48, 0xa8,
    0xa2, 0xbc, 0xa9, 0x3e, 0x20, 0xba, 0x99, 0x68, 0x48, 0xa8, 0xa2, 0xbd,
    0xa9, 0x3e, 0x20, 0xba, 0x99, 0xa0, 0xbe, 0x84, 0x86, 0x68, 0x85, 0x85,
    0xa9, 0x10, 0x85, 0x88, 0x20, 0x7f, 0x9a, 0xe6, 0x85, 0x20, 0x7f, 0x9a,
    0xe6, 0x85, 0xe6, 0x85, 0xe6, 0x85, 0xc6, 0x88, 0xd0, 0xee, 0x60, 0xa2,
    0x00, 0x86, 0x84, 0xa2, 0x9e, 0xa9, 0x21, 0x85, 0x87, 0xa0, 0x14, 0xa9,
    0x78, 0x20, 0xba, 0x99, 0xa6, 0x85, 0xe8, 0xc6, 0x87, 0xd0, 0xf2, 0xa0,
    0x00, 0x84, 0x87, 0xa0, 0x04, 0x84, 0x84, 0xa4, 0x87, 0xb9, 0x90, 0xa0,
    0xf0, 0x18, 0x85, 0x85, 0xc8, 0x84, 0x87, 0xa9, 0x21, 0x85, 0x88, 0xa2,
    0x9e, 0x86, 0x86, 0x20, 0x7f, 0x9a, 0xe6, 0x86, 0xc6, 0x88, 0xd0, 0xf7,
    0xf0, 0xe1, 0xa2, 0x0c, 0x86, 0x74, 0xa2, 0x00, 0x86, 0x7c, 0xa9, 0x01,
    0x85, 0x79, 0xa2, 0x38, 0xa0, 0xa2, 0xa9, 0x06, 0x20, 0x66, 0xa0, 0xa2,
    0x24, 0xa0, 0xad, 0xa9, 0x0b, 0x20, 0x66, 0xa0, 0xa2, 0x3c, 0xa0, 0xb5,
    0xa9, 0x05, 0x85, 0x7b, 0x86, 0x75, 0x84, 0x76, 0xa4, 0x7c, 0xb9, 0x85,
    0x80, 0x20, 0xff, 0x9d, 0xa5, 0x75, 0x18, 0x69, 0x08, 0x85, 0x75, 0xa5,
    0x76, 0x38, 0xe9, 0x08, 0xa6, 0x79, 0xca, 0xf0, 0x02, 0xe9, 0x08, 0x85,
    0x76, 0xe6, 0x7c, 0xc6, 0x7b, 0xd0, 0xdd, 0x60, 0x12, 0x13, 0x8c, 0x8d,
    0x00, 0xa6, 0x92, 0xbd, 0x54, 0x82, 0x85, 0x95, 0xbd, 0x47, 0x82, 0x85,
    0x94, 0x60, 0x20, 0x95, 0xa0, 0xa5, 0x91, 0x18, 0x69, 0x32, 0xaa, 0xa0,
    0x14, 0xb1, 0x94, 0x9d, 0x00, 0x04, 0xca, 0x88, 0xd0, 0xf7, 0xa9, 0x13,
    0x20, 0xab, 0xa1, 0x8a, 0x18, 0x69, 0x11, 0xaa, 0xa0, 0x11, 0xb1, 0x94,
    0x9d, 0x00, 0x05, 0xca, 0x88, 0xd0, 0xf7, 0x8a, 0x18, 0x69, 0x17, 0xaa,
    0xa0, 0x11, 0xa9, 0x10, 0x20, 0xab, 0xa1, 0xb1, 0x94, 0x9d, 0x00, 0x06,
    0xca, 0x88, 0xd0, 0xf7, 0x60, 0xa5, 0xd2, 0xd0, 0x3b, 0x20, 0xa2, 0xa0,
    0xa5, 0xb7, 0xc9, 0x0a, 0xd0, 0x31, 0xa5, 0xd3, 0xd0, 0x1d, 0xa5, 0xd5,
    0xf0, 0x29, 0xa5, 0x92, 0xc9, 0x07, 0xb0, 0x23, 0xa5, 0xd4, 0x18, 0x69,
    0x04, 0xc5, 0x90, 0xd0, 0x1a, 0xa5, 0x91, 0xc9, 0x7c, 0x90, 0x14, 0xc9,
    0x92, 0xb0, 0x10, 0xa0, 0x0b, 0xa9, 0x00, 0x99, 0xb8, 0x04, 0x99, 0xb8,
    0x05, 0x99, 0xb8, 0x06, 0x88, 0xd0, 0xf4, 0x60, 0x20, 0x95, 0xa0, 0xa5,
    0x91, 0x18, 0x69, 0x1f, 0xaa, 0xa0, 0x03, 0xa9, 0x00, 0x9d, 0x00, 0x04,
    0xe8, 0x88, 0xd0, 0xf9, 0xa0, 0x14, 0xb1, 0x94, 0x9d, 0x00, 0x04, 0xe8,
    0x88, 0xd0, 0xf7, 0xa9, 0x13, 0x20, 0xab, 0xa1, 0x8a, 0x38, 0xe9, 0x17,
    0xaa, 0xa0, 0x06, 0xa9, 0x00, 0x9d, 0x00, 0x05, 0xe8, 0x88, 0xd0, 0xf9,
    0xa0, 0x11, 0xb1, 0x94, 0x9d, 0x00, 0x05, 0xe8, 0x88, 0xd0, 0xf7, 0x8a,
    0x38, 0xe9, 0x17, 0xaa, 0xa0, 0x11, 0xa9, 0x10, 0x20, 0xab, 0xa1, 0xb1,
    0x94, 0x9d, 0x00, 0x06, 0xe8, 0x88, 0xd0, 0xf7, 0xa0, 0x08, 0xa9, 0x00,
    0x9d, 0x00, 0x06, 0xe8, 0x88, 0xd0, 0xf9, 0x4c, 0xe8, 0xa0, 0x20, 0xa2,
    0xa0, 0xa2, 0x15, 0x86, 0xa7, 0xa6, 0x91, 0xa0, 0x00, 0xbd, 0x20, 0x04,
    0x31, 0x64, 0x9d, 0x20, 0x04, 0xbd, 0x20, 0x05, 0x31, 0x64, 0x9d, 0x20,
    0x05, 0xbd, 0x20, 0x06, 0x31, 0x64, 0x9d, 0x20, 0x06, 0xe8, 0xc6, 0xa7,
    0xd0, 0xe3, 0x60, 0x18, 0x65, 0x94, 0x85, 0x94, 0x90, 0x02, 0xe6, 0x95,
    0x60, 0xa0, 0x01, 0x84, 0x05, 0x88, 0x8c, 0x0e, 0xd4, 0x78, 0x8c, 0x00,
    0xd4, 0x84, 0xdd, 0xd8, 0xa2, 0x0f, 0xbd, 0x00, 0xf8, 0xf0, 0x04, 0xc9,
    0x18, 0xd0, 0x06, 0xca, 0x10, 0xf4, 0x84, 0x08, 0xc8, 0x98, 0x85, 0xcb,
    0xf0, 0x08, 0xa0, 0xc0, 0xa9, 0xe8, 0xa2, 0xf8, 0xd0, 0x06, 0xa0, 0xd0,
    0xa9, 0xd2, 0xa2, 0xe0, 0x86, 0xcc, 0x48, 0xa9, 0x00, 0xaa, 0x95, 0x10,
    0x94, 0x11, 0x18, 0x69, 0x01, 0xe8, 0xe8, 0xe0, 0x40, 0xd0, 0xf3, 0x68,
    0xa8, 0xa9, 0x00, 0x95, 0x10, 0x94, 0x11, 0x18, 0x69, 0x01, 0xe8, 0xe8,
    0xe0, 0x60, 0xd0, 0xf3, 0xa5, 0x08, 0xd0, 0x0b, 0xa2, 0xc8, 0x9d, 0xff,
    0x07, 0xca, 0xd0, 0xfa, 0xea, 0xea, 0xea, 0xa2, 0x28, 0xbd, 0x32, 0x80,
    0x9d, 0xc7, 0x08, 0xca, 0xd0, 0xf7, 0x86, 0xf9, 0x20, 0x8b, 0x92, 0x20,
    0x1b, 0xa4, 0xa9, 0x0b, 0x85, 0xb7, 0xa2, 0x02, 0xbd, 0x88, 0x97, 0x85,
    0xe1, 0xbd, 0x89, 0x97, 0x85, 0xe2, 0x20, 0x8b, 0x92, 0x20, 0x3d, 0xa5,
    0xa5, 0xb7, 0xc9, 0x0b, 0xd0, 0x03, 0x4c, 0x6e, 0xa3, 0xa5, 0xa6, 0xf0,
    0x39, 0xa5, 0xe2, 0xf0, 0x03, 0x20, 0x7f, 0x92, 0x20, 0xba, 0xa3, 0xa5,
    0xcb, 0xd0, 0x03, 0x20, 0x95, 0x9e, 0x20, 0xaa, 0x9e, 0x90, 0x03, 0x4c,
    0x68, 0x97, 0xa5, 0xf8, 0xd0, 0xdf, 0x8d, 0x0e, 0xd4, 0xa6, 0xb7, 0xe8,
    0xe0, 0x0b, 0x90, 0x09, 0xa2, 0x01, 0xa4, 0xb8, 0xc8, 0xf0, 0x02, 0x84,
    0xb8, 0x86, 0xb7, 0xa5, 0xe2, 0xf0, 0xb7, 0x4c, 0x28, 0xa2, 0xa5, 0xb9,
    0xf0, 0x03, 0x4c, 0x37, 0xa3, 0xa2, 0x28, 0x86, 0x85, 0x20, 0x8b, 0xbf,
    0xa2, 0x08, 0x86, 0x84, 0xa9, 0xaf, 0x81, 0x4a, 0x81, 0x4e, 0xa2, 0x5c,
    0x86, 0x86, 0xa5, 0x9d, 0xc5, 0x9d, 0xf0, 0xfc, 0xa5, 0x85, 0x38, 0xe9,
    0x1e, 0xa0, 0x00, 0x91, 0x50, 0x69, 0x6d, 0x91, 0x54, 0x20, 0x7f, 0x9a,
    0xa2, 0x00, 0x8e, 0x01, 0xd4, 0xca, 0x86, 0x8e, 0xe6, 0x86, 0xa6, 0x86,
    0xe0, 0x6c, 0xd0, 0xe0, 0xe6, 0x85, 0xa4, 0x85, 0xc0, 0x78, 0xd0, 0xce,
    0xa9, 0x00, 0xa8, 0x91, 0x56, 0xa9, 0x6f, 0x91, 0x52, 0x85, 0x86, 0xa9,
    0xff, 0x91, 0x50, 0xa9, 0x32, 0x85, 0x85, 0xa9, 0x0c, 0x85, 0x74, 0xa2,
    0x97, 0x86, 0x7c, 0xa9, 0x01, 0x85, 0x79, 0xa2, 0x2c, 0xa0, 0x5c, 0xa9,
    0x09, 0x20, 0x66, 0xa0, 0xa2, 0x34, 0xa0, 0x64, 0xa9, 0x05, 0x20, 0x66,
    0xa0, 0xa2, 0x64, 0x86, 0x75, 0xa5, 0xb5, 0x18, 0x69, 0x11, 0x20, 0xff,
    0x9d, 0xa5, 0x9d, 0x69, 0xb4, 0xaa, 0xa5, 0x9d, 0xc5, 0x9d, 0xf0, 0xfc,
    0xc6, 0x85, 0xd0, 0x13, 0xa9, 0x04, 0x85, 0x85, 0xa5, 0x86, 0xc9, 0x60,
    0xf0, 0x09, 0x38, 0xe9, 0x01, 0x85, 0x86, 0xa0, 0x00, 0x91, 0x52, 0xe4,
    0x9d, 0xd0, 0xdf, 0x20, 0x3d, 0xa3, 0x4c, 0x3e, 0xa2, 0xa5, 0xe2, 0xf0,
    0x03, 0x4c, 0x28, 0xa2, 0xad, 0xc3, 0x00, 0xf0, 0x1b, 0xa2, 0x0a, 0xb5,
    0xb6, 0xbc, 0xc0, 0x00, 0x94, 0xb6, 0x9d, 0xc0, 0x00, 0xca, 0xd0, 0xf3,
    0xa9, 0x01, 0x38, 0xe5, 0xb5, 0x85, 0xb5, 0xa9, 0x00, 0x85, 0xfa, 0x60,
    0xa5, 0xb9, 0xd0, 0xf7, 0x20, 0x3e, 0xa4, 0x4c, 0xb9, 0x92, 0xa9, 0x05,
    0x85, 0xe3, 0x20, 0x7f, 0x92, 0x20, 0xae, 0x9e, 0x90, 0x03, 0x4c, 0x68,
    0x97, 0x20, 0x95, 0x9e, 0xa6, 0x90, 0xe0, 0xc8, 0x90, 0xec, 0xa4, 0x91,
    0xc0, 0x9f, 0x90, 0xe6, 0xad, 0x0b, 0xd4, 0xc9, 0x3f, 0x90, 0xdf, 0xa9,
    0x00, 0xa8, 0x8d, 0x0e, 0xd4, 0x91, 0x5a, 0xa5, 0x8c, 0x91, 0x3c, 0x20,
    0x2b, 0xad, 0xa5, 0x8c, 0x85, 0x84, 0xa2, 0xc2, 0x86, 0x88, 0xa2, 0xab,
    0xa0, 0xb3, 0x20, 0x52, 0x92, 0xa9, 0x80, 0x8d, 0x0e, 0xd4, 0x4c, 0xa8,
    0x9c, 0x60, 0xa5, 0xb7, 0xc9, 0x0a, 0xd0, 0xf9, 0xa5, 0xf6, 0xf0, 0xf5,
    0xa5, 0xd5, 0xc9, 0x04, 0x90, 0x14, 0xa0, 0x04, 0x84, 0x74, 0xa2, 0x01,
    0x86, 0x89, 0xca, 0x86, 0x7c, 0xa2, 0x48, 0xa0, 0x35, 0xa9, 0x06, 0x20,
    0x66, 0xa0, 0xa0, 0x00, 0x84, 0x74, 0xa5, 0xd3, 0xc9, 0x02, 0xf0, 0x28,
    0xa5, 0xd5, 0xf0, 0x24, 0xa2, 0x00, 0xc9, 0x0a, 0x90, 0x05, 0xe9, 0x0a,
    0xe8, 0xd0, 0xf7, 0x48, 0x8a, 0xf0, 0x03, 0x18, 0x69, 0x10, 0x20, 0x17,
    0xa4, 0x68, 0x18, 0x69, 0x10, 0xa2, 0x68, 0x86, 0x75, 0xa0, 0x0d, 0x84,
    0x76, 0x4c, 0xff, 0x9d, 0xa9, 0x00, 0x20, 0x05, 0xa4, 0xa9, 0x00, 0xa2,
    0x60, 0xd0, 0xec, 0xa2, 0x0a, 0xbd, 0x33, 0xa4, 0x95, 0xb6, 0x9d, 0xc0,
    0x00, 0xca, 0xd0, 0xf5, 0x86, 0xb5, 0x86, 0xfa, 0xa5, 0xf9, 0xd0, 0x03,
    0x8d, 0xc3, 0x00, 0x60, 0x01, 0x01, 0x03, 0x0a, 0x00, 0x00, 0x00, 0x00,
    0x00, 0x00, 0xa9, 0x00, 0x8d, 0x0e, 0xd4, 0xa8, 0x8d, 0x00, 0xd4, 0x91,
    0x4a, 0x20, 0x15, 0xac, 0xa0, 0x0a, 0xa2, 0x00, 0xb5, 0xbb, 0xd5, 0xc5,
    0x90, 0x09, 0xd0, 0x05, 0xe8, 0xe0, 0x06, 0xd0, 0xf3, 0xa0, 0x00, 0x84,
    0x80, 0x20, 0x6e, 0xa4, 0xa9, 0x0a, 0x38, 0xe5, 0x80, 0x85, 0x80, 0x4c,
    0x6e, 0xa4, 0xa6, 0x80, 0xa0, 0x06, 0xa9, 0x00, 0x15, 0xbb, 0xe8, 0x88,
    0xd0, 0xfa, 0xc9, 0x00, 0xf0, 0x41, 0xa9, 0x50, 0x85, 0x84, 0xa9, 0x0a,
    0x85, 0x81, 0xa9, 0x00, 0x85, 0x82, 0xa8, 0xa9, 0x06, 0x85, 0x83, 0xa6,
    0x80, 0xb9, 0x0b, 0x08, 0x38, 0xe5, 0x84, 0xc9, 0x0a, 0x90, 0x02, 0xa9,
    0x00, 0xd5, 0xbb, 0x90, 0x1f, 0xd0, 0x0f, 0xe8, 0xc8, 0xc6, 0x83, 0xf0,
    0x09, 0xa5, 0x83, 0xc9, 0x03, 0xd0, 0xe2, 0xc8, 0xd0, 0xdf, 0xa9, 0x10,
    0x85, 0x84, 0xa5, 0x82, 0x18, 0x69, 0x14, 0xc6, 0x81, 0xd0, 0xc9, 0x60,
    0xa9, 0xb4, 0x38, 0xe5, 0x82, 0xf0, 0x0d, 0xaa, 0xa0, 0xb3, 0xb9, 0x00,
    0x08, 0x99, 0x14, 0x08, 0x88, 0xca, 0xd0, 0xf6, 0xa2, 0x14, 0xa9, 0x00,
    0xa4, 0x82, 0x99, 0x00, 0x08, 0xc8, 0xca, 0xd0, 0xf9, 0xa6, 0x80, 0xa4,
    0x82, 0xa9, 0x06, 0x85, 0x83, 0xa9, 0x00, 0x85, 0x81, 0xb5, 0xbb, 0xd0,
    0x06, 0xa5, 0x81, 0xf0, 0x0a, 0xa9, 0x00, 0x18, 0x69, 0x10, 0x99, 0x0b,
    0x08, 0x85, 0x81, 0xc8, 0xe8, 0xc6, 0x83, 0xf0, 0x12, 0xa5, 0x83, 0xc9,
    0x03, 0xd0, 0xe2, 0xa5, 0x81, 0xf0, 0x02, 0xa9, 0x0c, 0x99, 0x0b, 0x08,
    0xc8, 0xd0, 0xd6, 0xa5, 0x82, 0x48, 0x20, 0xd2, 0xa8, 0x68, 0xd0, 0x1c,
    0xa2, 0x10, 0xbd, 0x01, 0x08, 0x18, 0x69, 0x40, 0x9d, 0x01, 0x08, 0xca,
    0xd0, 0xf4, 0xa2, 0x10, 0xbd, 0x15, 0x08, 0x38, 0xe9, 0x40, 0x9d, 0x15,
    0x08, 0xca, 0xd0, 0xf4, 0x60, 0x20, 0x20, 0xac, 0xa5, 0xb7, 0x0a, 0x0a,
    0x0a, 0xaa, 0xa9, 0x4c, 0xad, 0x46, 0xa5, 0xbd, 0x07, 0x85, 0x85, 0x9e,
    0xbd, 0x08, 0x85, 0x85, 0x9f, 0xbd, 0x09, 0x85, 0x85, 0xa8, 0xbd, 0x0a,
    0x85, 0x85, 0xa9, 0xbd, 0x0b, 0x85, 0x85, 0xb1, 0xbd, 0x0c, 0x85, 0x85,
    0xb2, 0xbd, 0x0d, 0x85, 0xa8, 0xbd, 0x0e, 0x85, 0xaa, 0xa9, 0x03, 0x20,
    0xce, 0x99, 0xa9, 0x05, 0x20, 0xdc, 0x99, 0xa9, 0x00, 0x85, 0xda, 0x20,
    0xdc, 0x99, 0x20, 0x3c, 0x99, 0x20, 0xa0, 0x98, 0x20, 0xe7, 0x98, 0xa6,
    0xb7, 0xbd, 0xb2, 0xa6, 0x85, 0x90, 0xbd, 0xbd, 0xa6, 0x85, 0x91, 0xbd,
    0xa7, 0xa6, 0x20, 0x84, 0x9d, 0xa5, 0xb7, 0x0a, 0xaa, 0xbd, 0x7b, 0x85,
    0x85, 0xf3, 0xbd, 0x7c, 0x85, 0x85, 0xf4, 0xbd, 0x65, 0x85, 0x85, 0x80,
    0xbd, 0x66, 0x85, 0x85, 0x81, 0x20, 0xc9, 0xa6, 0xa9, 0xff, 0xa6, 0xb7,
    0xe0, 0x0b, 0x90, 0x02, 0xa9, 0x00, 0x85, 0xe3, 0xa0, 0x00, 0xa9, 0x08,
    0x85, 0x88, 0xa2, 0x0b, 0xb1, 0xf3, 0x25, 0xe3, 0x99, 0xc0, 0x09, 0xc8,
    0xca, 0xd0, 0xf5, 0xa1, 0x64, 0x29, 0xf6, 0x09, 0x02, 0x99, 0xb8, 0x09,
    0x99, 0xb6, 0x09, 0xc6, 0x88, 0xd0, 0xe3, 0xa5, 0xb7, 0xc9, 0x06, 0xd0,
    0x03, 0x20, 0x03, 0xa0, 0xa5, 0xb7, 0xc9, 0x0b, 0xd0, 0x03, 0x4c, 0x7c,
    0xa6, 0xc9, 0x08, 0xf0, 0x14, 0xc9, 0x0a, 0xd0, 0x06, 0x20, 0x39, 0x9f,
    0x4c, 0x4c, 0xa6, 0xc9, 0x09, 0xd0, 0x03, 0x20, 0x94, 0x9b, 0x4c, 0x4c,
    0xa6, 0xa2, 0x07, 0xbd, 0x96, 0xa6, 0x9d, 0xd4, 0x07, 0xca, 0xd0, 0xf7,
    0xa9, 0x96, 0x85, 0xda, 0xa9, 0xa0, 0x85, 0xdb, 0xa9, 0x04, 0x85, 0x84,
    0xa2, 0x02, 0xa0, 0xb4, 0xbd, 0x90, 0xa6, 0x99, 0x20, 0x07, 0x88, 0xca,
    0x10, 0x02, 0xa2, 0x06, 0xc0, 0xa1, 0xd0, 0xf0, 0xe8, 0x86, 0xd8, 0xa9,
    0xff, 0x99, 0x20, 0x07, 0x99, 0x1f, 0x07, 0xa9, 0x3a, 0x20, 0xd2, 0x9f,
    0xa9, 0x10, 0xa2, 0x04, 0x9d, 0xe9, 0x20, 0xca, 0xd0, 0xfa, 0xa6, 0xb7,
    0xbd, 0x9d, 0xa6, 0xa6, 0xb8, 0x18, 0x69, 0x05, 0xb0, 0x07, 0xca, 0xd0,
    0xf8, 0xc9, 0x64, 0x90, 0x02, 0xa9, 0x63, 0xc9, 0x0a, 0x90, 0x08, 0x38,
    0xe9, 0x0a, 0xee, 0xea, 0x20, 0xd0, 0xf4, 0x69, 0x10, 0x8d, 0xeb, 0x20,
    0xa2, 0xf0, 0x86, 0xfd, 0xa2, 0x08, 0x86, 0x84, 0xa0, 0x00, 0xa2, 0xbf,
    0xa9, 0xa0, 0x20, 0xba, 0x99, 0x4c, 0x56, 0xad, 0x18, 0x24, 0x42, 0x81,
    0x42, 0x24, 0x18, 0x7e, 0x7e, 0xff, 0xff, 0xff, 0x66, 0x66, 0x19, 0x1e,
    0x23, 0x28, 0x2d, 0x32, 0x37, 0x28, 0x3c, 0x41, 0x00, 0x00, 0x7a, 0x00,
    0x00, 0x00, 0x43, 0x00, 0x00, 0x00, 0x00, 0x34, 0x8a, 0xaf, 0x3a, 0x30,
    0x39, 0x30, 0xb1, 0xc8, 0xc3, 0x30, 0xaa, 0xaa, 0xaa, 0xaa, 0xaa, 0xaa,
    0xaa, 0x8b, 0x05, 0xaa, 0x0f, 0xa0, 0x00, 0xb1, 0x80, 0x99, 0x92, 0x09,
    0xf0, 0x65, 0x29, 0x7f, 0x0a, 0xaa, 0xad, 0x3c, 0x92, 0xa9, 0x4c, 0xad,
    0xd6, 0xa6, 0xbd, 0xc5, 0x84, 0x85, 0x88, 0xbd, 0xc6, 0x84, 0x85, 0x89,
    0xc8, 0xb1, 0x80, 0x99, 0x92, 0x09, 0xaa, 0xbd, 0xb8, 0x3d, 0x85, 0x82,
    0xbd, 0x70, 0x3e, 0x85, 0x83, 0xc8, 0xb1, 0x80, 0x29, 0xfc, 0x99, 0x92,
    0x09, 0xc8, 0x84, 0x85, 0x20, 0x49, 0xa7, 0x20, 0x0e, 0xa7, 0xa4, 0x85,
    0xd0, 0xbd, 0xa0, 0x00, 0xb1, 0x88, 0x20, 0x55, 0xa7, 0xc8, 0xb1, 0x88,
    0x85, 0x87, 0xc8, 0xc8, 0xa6, 0x86, 0xa9, 0x00, 0x85, 0x97, 0xb1, 0x88,
    0x84, 0x96, 0xa4, 0x97, 0x91, 0x82, 0xe6, 0x97, 0xa4, 0x96, 0xc8, 0xca,
    0xd0, 0xf0, 0x20, 0x60, 0xa7, 0xd0, 0xe5, 0x60, 0xbd, 0x93, 0x09, 0xa8,
    0xb9, 0xb8, 0x3d, 0x85, 0x82, 0xb9, 0x70, 0x3e, 0x85, 0x83, 0xbd, 0x94,
    0x09, 0x4a, 0x4a, 0x18, 0x65, 0x82, 0x90, 0x02, 0xe6, 0x83, 0x85, 0x82,
    0x60, 0x38, 0xe9, 0x01, 0x4a, 0x4a, 0x18, 0x69, 0x01, 0x85, 0x86, 0x60,
    0xa9, 0x28, 0x18, 0x65, 0x82, 0x85, 0x82, 0x90, 0x02, 0xe6, 0x83, 0xc6,
    0x87, 0x60, 0xa2, 0x80, 0x86, 0x81, 0xb1, 0x80, 0xe9, 0x05, 0xea, 0xea,
    0xd1, 0x80, 0xd0, 0x02, 0xea, 0xea, 0xa2, 0x00, 0xbd, 0x92, 0x09, 0xd0,
    0x01, 0x60, 0x30, 0x34, 0x38, 0xe9, 0x01, 0xf0, 0x2a, 0x9d, 0x92, 0x09,
    0xc9, 0x01, 0xd0, 0x03, 0x4c, 0x58, 0xa8, 0xa4, 0xf6, 0xf0, 0x1c, 0xa0,
    0x00, 0x38, 0xe9, 0x36, 0x90, 0x15, 0xf0, 0x0e, 0x0a, 0x0a, 0x0a, 0x85,
    0x83, 0xa9, 0xff, 0x38, 0xe5, 0x83, 0x91, 0x5c, 0xa0, 0xa8, 0x98, 0xa0,
    0x00, 0x91, 0x5e, 0xe8, 0xe8, 0xe8, 0xd0, 0xc4, 0xa4, 0xb4, 0xd0, 0xf7,
    0xa4, 0xa3, 0xd0, 0xf3, 0x29, 0x7f, 0x20, 0x74, 0xa8, 0xa0, 0x00, 0xb1,
    0x88, 0x4a, 0x18, 0x7d, 0x94, 0x09, 0x69, 0x30, 0x38, 0xe5, 0x90, 0xc9,
    0x08, 0xb0, 0xdc, 0xc8, 0xb1, 0x88, 0x18, 0x7d, 0x93, 0x09, 0x69, 0x20,
    0x85, 0x83, 0xa5, 0x91, 0x69, 0x20, 0xc5, 0x83, 0xb0, 0xc9, 0x85, 0x83,
    0xbd, 0x93, 0x09, 0x69, 0x0c, 0xc5, 0x83, 0xb0, 0xbe, 0xbd, 0x92, 0x09,
    0xc9, 0xa1, 0xd0, 0x08, 0xa5, 0xb7, 0xc9, 0x05, 0xd0, 0x02, 0x85, 0xff,
    0xa9, 0x55, 0x9d, 0x92, 0x09, 0x88, 0xb1, 0x88, 0x48, 0xc8, 0xb1, 0x88,
    0x48, 0xc8, 0xb1, 0x88, 0x48, 0x20, 0x74, 0xa8, 0x20, 0x38, 0xa7, 0x20,
    0x0e, 0xa7, 0xa5, 0xb7, 0xc9, 0x0a, 0xd0, 0x07, 0x68, 0x48, 0x18, 0x65,
    0xd5, 0x85, 0xd5, 0x68, 0xa2, 0x04, 0x86, 0xd1, 0x20, 0xfc, 0xae, 0x68,
    0xa8, 0x68, 0xc0, 0x06, 0x90, 0x19, 0x20, 0x55, 0xa7, 0x98, 0x38, 0xe9,
    0x05, 0x85, 0x87, 0xa6, 0x86, 0xa0, 0x00, 0x98, 0x91, 0x82, 0xc8, 0xca,
    0xd0, 0xfa, 0x20, 0x60, 0xa7, 0xd0, 0xf0, 0x60, 0x8a, 0x48, 0x20, 0x38,
    0xa7, 0xa9, 0x03, 0x85, 0x86, 0xa9, 0x05, 0x20, 0x45, 0xa8, 0x68, 0xaa,
    0xa5, 0xf6, 0xf0, 0x05, 0xa9, 0x00, 0xa8, 0x91, 0x5e, 0x4c, 0xb7, 0xa7,
    0x0a, 0xa8, 0xb9, 0xc5, 0x84, 0x85, 0x88, 0xb9, 0xc6, 0x84, 0x85, 0x89,
    0x60, 0xa9, 0x22, 0x8d, 0x00, 0xd4, 0xa9, 0x09, 0x8d, 0x03, 0xd4, 0xa9,
    0x78, 0x8d, 0x02, 0xd4, 0xa2, 0x04, 0x8e, 0x04, 0xd4, 0xc6, 0xfb, 0xd0,
    0x06, 0xa2, 0x1e, 0x86, 0xfb, 0xc6, 0x9d, 0xa5, 0x9d, 0x29, 0x01, 0xf0,
    0x08, 0xa2, 0x42, 0xa0, 0x00, 0xa9, 0x96, 0xd0, 0x06, 0xa2, 0x00, 0xa0,
    0x48, 0xa9, 0x4b, 0x48, 0x98, 0xa0, 0x00, 0x91, 0x42, 0x8a, 0x91, 0x44,
    0x68, 0x91, 0x50, 0xa9, 0xaf, 0x91, 0x52, 0xa9, 0x88, 0x91, 0x3c, 0xa9,
    0xc4, 0x91, 0x3e, 0xb1, 0x64, 0x91, 0x40, 0x4c, 0x3c, 0x92, 0xa0, 0x54,
    0xb9, 0x3d, 0x81, 0x99, 0x17, 0x09, 0x88, 0xd0, 0xf7, 0x98, 0x99, 0x00,
    0x03, 0xc8, 0xd0, 0xfa, 0xa5, 0xcb, 0xf0, 0x2a, 0x84, 0x86, 0x84, 0x88,
    0xa9, 0xf8, 0x85, 0x87, 0xa9, 0x1c, 0x85, 0x89, 0x8d, 0x09, 0xd4, 0xa2,
    0x02, 0xb1, 0x86, 0x91, 0x88, 0xc8, 0xd0, 0xf9, 0xe6, 0x87, 0xe6, 0x89,
    0xca, 0xd0, 0xf2, 0xa2, 0x07, 0xbd, 0xf0, 0xfa, 0x9d, 0xf0, 0x1d, 0xca,
    0x10, 0xf7, 0xa5, 0xb5, 0xa6, 0x80, 0xf0, 0x05, 0xa9, 0x01, 0x38, 0xe5,
    0xb5, 0x18, 0x69, 0x91, 0x8d, 0x26, 0x09, 0xa2, 0x08, 0xa1, 0x5c, 0x29,
    0xf0, 0x09, 0x0a, 0x85, 0x84, 0x86, 0x81, 0x86, 0x86, 0xa9, 0x00, 0x85,
    0x83, 0x85, 0x87, 0x85, 0x89, 0x85, 0x8a, 0x85, 0x8b, 0x85, 0x03, 0x20,
    0x90, 0xbf, 0xa2, 0x21, 0x86, 0x02, 0xa2, 0xff, 0x8e, 0xcf, 0x03, 0x8e,
    0xd0, 0x03, 0x86, 0xe0, 0xa2, 0xc2, 0x86, 0x88, 0xa9, 0x02, 0x85, 0x85,
    0x85, 0xe3, 0xaa, 0x81, 0x4e, 0xa9, 0x8f, 0x81, 0x50, 0xa9, 0xff, 0x85,
    0x8c, 0xa9, 0x3c, 0x85, 0x04, 0x85, 0x8d, 0xa6, 0xcb, 0xf0, 0x01, 0x0a,
    0x85, 0x8e, 0xa2, 0xa9, 0xa0, 0xa9, 0x20, 0xf1, 0x91, 0xa2, 0xab, 0xa0,
    0x78, 0x20, 0x52, 0x92, 0xa9, 0xc0, 0x8d, 0x0e, 0xd4, 0xa5, 0x89, 0xf0,
    0xfc, 0xa9, 0x00, 0x8d, 0x0e, 0xd4, 0x60, 0x70, 0x70, 0x70, 0x70, 0xf0,
    0x70, 0x70, 0x57, 0x18, 0x09, 0x70, 0x70, 0x70, 0x70, 0x70, 0x70, 0x07,
    0x70, 0x70, 0x07, 0x70, 0x70, 0x07, 0x41, 0x78, 0x09, 0x20, 0x18, 0x92,
    0xa9, 0xa9, 0x8d, 0x03, 0xd4, 0xa9, 0x8f, 0x8d, 0x02, 0xd4, 0xa9, 0x36,
    0x8d, 0x00, 0xd4, 0x20, 0xa3, 0xbb, 0x20, 0x88, 0xb9, 0xa0, 0xff, 0x4a,
    0x4a, 0x4a, 0x90, 0x0b, 0xa0, 0x01, 0x4a, 0x90, 0x06, 0xa9, 0x00, 0x85,
    0x03, 0xf0, 0x1c, 0xe6, 0x03, 0xa5, 0x03, 0xc9, 0x01, 0xf0, 0x08, 0xc9,
    0x28, 0x90, 0x10, 0xa9, 0x20, 0x85, 0x03, 0x98, 0x18, 0x65, 0x02, 0x30,
    0x06, 0xc9, 0x3f, 0xb0, 0x02, 0x85, 0x02, 0xa9, 0x00, 0xa8, 0x91, 0x44,
    0x91, 0x40, 0xa9, 0x01, 0x91, 0x4a, 0xa9, 0x46, 0x91, 0x3c, 0xa9, 0x86,
    0x91, 0x42, 0xa6, 0x8a, 0xf0, 0x08, 0xc6, 0x8a, 0xd0, 0x04, 0xca, 0x8a,
    0x81, 0x56, 0xc6, 0x81, 0xd0, 0x19, 0xa2, 0x03, 0x86, 0x81, 0xc6, 0x88,
    0xd0, 0x11, 0xa2, 0x05, 0x86, 0x88, 0xa5, 0x84, 0x18, 0x69, 0x10, 0xc9,
    0x0a, 0xd0, 0x02, 0xa9, 0x1a, 0x85, 0x84, 0x20, 0xae, 0x9e, 0xb0, 0x63,
    0xa0, 0x00, 0xa5, 0xcb, 0xf0, 0x26, 0xb1, 0x6e, 0x29, 0x08, 0xd0, 0x08,
    0xa5, 0x04, 0xf0, 0x53, 0xa9, 0x3c, 0x85, 0x04, 0xb1, 0x30, 0xd0, 0x20,
    0xa2, 0x21, 0xa5, 0x02, 0xc9, 0x3e, 0xd0, 0x02, 0xa2, 0x34, 0xe6, 0x8b,
    0xa5, 0x8b, 0xc9, 0x01, 0xd0, 0x1e, 0xf0, 0x3c, 0xa5, 0xe0, 0xc9, 0xff,
    0xd0, 0x20, 0xb1, 0x6e, 0x29, 0x04, 0xf0, 0x03, 0x4c, 0x08, 0xab, 0xa6,
    0x8c, 0xe0, 0xff, 0xd0, 0x03, 0x4c, 0x10, 0xab, 0xe6, 0x8b, 0xa5, 0x8b,
    0xc9, 0x28, 0xd0, 0xf5, 0xa9, 0x21, 0x85, 0x8b, 0xd0, 0x0d, 0x29, 0x3f,
    0x85, 0x8c, 0xaa, 0xa9, 0xff, 0x85, 0xe0, 0xa9, 0x00, 0x85, 0x8b, 0xe0,
    0x0c, 0xd0, 0x05, 0xa2, 0x0c, 0x4c, 0x0e, 0xab, 0xe0, 0x34, 0xf0, 0x54,
    0xa4, 0x83, 0xa9, 0xfa, 0xc0, 0x08, 0xf0, 0x3e, 0xbd, 0xf5, 0x81, 0xf0,
    0x15, 0xc9, 0x1c, 0xb0, 0x11, 0x48, 0xa0, 0x00, 0xb1, 0x6e, 0x29, 0x08,
    0xaa, 0x68, 0xca, 0xe8, 0xd0, 0x04, 0xaa, 0xbd, 0x2b, 0x82, 0xa4, 0x83,
    0x48, 0xa5, 0xcb, 0xf0, 0x04, 0x68, 0xa5, 0x02, 0x48, 0x68, 0x99, 0x5e,
    0x09, 0xe6, 0x83, 0x48, 0xa9, 0xff, 0x85, 0x87, 0xa9, 0x0a, 0x85, 0x86,
    0x68, 0xa4, 0x82, 0x99, 0x02, 0x08, 0xe6, 0x82, 0xa9, 0x32, 0xa0, 0x00,
    0x91, 0x54, 0xa9, 0x05, 0x85, 0x8a, 0xa9, 0xaa, 0x91, 0x56, 0xd0, 0x20,
    0xa9, 0xfa, 0xa6, 0x83, 0xf0, 0xec, 0xa9, 0x00, 0x9d, 0x5e, 0x09, 0xc6,
    0x83, 0xc6, 0x82, 0xa6, 0x82, 0xa9, 0x00, 0x9d, 0x02, 0x08, 0xf0, 0xd8,
    0xa9, 0x00, 0x85, 0x8b, 0xf0, 0x02, 0x86, 0x89, 0xc6, 0x86, 0xd0, 0x0a,
    0xa9, 0x0f, 0x85, 0x86, 0xa5, 0x87, 0x49, 0xff, 0x85, 0x87, 0xa5, 0x83,
    0x0a, 0x0a, 0x0a, 0x69, 0x61, 0x25, 0x87, 0xa2, 0x06, 0x18, 0x81, 0x18,
    0x69, 0x02, 0xca, 0xca, 0x10, 0xf8, 0xa0, 0x00, 0x98, 0xa6, 0xcb, 0xf0,
    0x02, 0xa5, 0x02, 0xa6, 0x83, 0x9d, 0x5e, 0x09, 0xa5, 0x85, 0xf0, 0x0c,
    0xe6, 0x85, 0xe6, 0x85, 0xa5, 0x85, 0x91, 0x50, 0xd0, 0x02, 0x91, 0x52,
    0xc6, 0x8d, 0xd0, 0x0a, 0xa2, 0x3c, 0x86, 0x8d, 0xc6, 0x8e, 0xd0, 0x02,
    0x86, 0x89, 0xa5, 0x04, 0xf0, 0x02, 0xc6, 0x04, 0x4c, 0x3c, 0x92, 0x20,
    0x18, 0x92, 0x98, 0x8d, 0x00, 0xd4, 0x91, 0x4a, 0x91, 0x44, 0x91, 0x52,
    0x85, 0x9d, 0xf0, 0xe6, 0x48, 0x8a, 0x48, 0x98, 0x48, 0xa0, 0xaa, 0x84,
    0xcd, 0xa0, 0x00, 0xa6, 0x88, 0xa5, 0x84, 0x91, 0x3e, 0x8d, 0x0a, 0xd4,
    0x91, 0x44, 0x48, 0xa5, 0xcd, 0x18, 0x69, 0x03, 0x29, 0x0f, 0x91, 0x3e,
    0x68, 0xca, 0xd0, 0x0a, 0xa2, 0x05, 0x69, 0x10, 0xc9, 0x0a, 0xd0, 0x02,
    0xa9, 0x1a, 0xc6, 0xcd, 0xd0, 0xdf, 0x8c, 0x0a, 0xd4, 0x98, 0x91, 0x44,
    0x4c, 0x3c, 0x92, 0x48, 0x8a, 0x48, 0x98, 0x48, 0x20, 0x18, 0x92, 0xa5,
    0x84, 0xc6, 0x88, 0xd0, 0x0f, 0xa2, 0x10, 0x86, 0x88, 0x18, 0x69, 0x10,
    0xc9, 0x10, 0xb0, 0x02, 0x69, 0x10, 0x85, 0x84, 0xa6, 0x88, 0xe6, 0x9d,
    0xa0, 0xb4, 0x84, 0xcd, 0xa0, 0x00, 0x8d, 0x0a, 0xd4, 0x91, 0x3c, 0xca,
    0xd0, 0x0b, 0xa2, 0x10, 0x18, 0x69, 0x10, 0xc9, 0x10, 0xb0, 0x02, 0x69,
    0x10, 0xc6, 0xcd, 0xd0, 0xe9, 0xf0, 0xb7, 0x0c, 0x24, 0x10, 0x02, 0x48,
    0x2d, 0x0a, 0x2c, 0x35, 0x08, 0x34, 0x55, 0x0c, 0x24, 0x5d, 0x0d, 0x02,
    0x80, 0x07, 0x1a, 0x88, 0x11, 0x10, 0x9d, 0x11, 0x10, 0xa5, 0x11, 0x10,
    0xad, 0x0e, 0x10, 0xb5, 0x00, 0xa2, 0x18, 0xa9, 0x00, 0x81, 0x10, 0xca,
    0xca, 0x10, 0xfa, 0x60, 0x20, 0x15, 0xac, 0xa5, 0xb7, 0xc9, 0x0b, 0xd0,
    0x07, 0xa2, 0xab, 0xa0, 0x67, 0x4c, 0xf6, 0xac, 0xa0, 0x30, 0xb9, 0x90,
    0x81, 0x99, 0x17, 0x09, 0x88, 0xd0, 0xf7, 0xa0, 0x1a, 0xb9, 0x8e, 0xa9,
    0x99, 0x77, 0x09, 0x88, 0xd0, 0xf7, 0xa2, 0x17, 0x8e, 0x88, 0x09, 0xa9,
    0x70, 0x8d, 0x7c, 0x09, 0xa5, 0xb5, 0x18, 0x69, 0x11, 0x8d, 0x26, 0x09,
    0xa5, 0xb7, 0xc9, 0x0a, 0x90, 0x1a, 0xa0, 0x2c, 0xb9, 0xc2, 0x81, 0x99,
    0x47, 0x09, 0x88, 0xd0, 0xf7, 0xa5, 0xb7, 0x18, 0x69, 0x86, 0x8d, 0x56,
    0x09, 0xa2, 0x09, 0xa0, 0x5c, 0x4c, 0x92, 0xac, 0x8e, 0x8b, 0x09, 0xa0,
    0x30, 0xb9, 0xc0, 0x81, 0x99, 0x47, 0x09, 0x88, 0xd0, 0xf7, 0xa5, 0xb7,
    0x18, 0x69, 0x90, 0x8d, 0x57, 0x09, 0xa2, 0x09, 0xa0, 0x60, 0x86, 0x81,
    0x84, 0x80, 0xa2, 0xd0, 0x86, 0xfb, 0x86, 0xfc, 0xa5, 0xb8, 0xc9, 0x64,
    0x90, 0x06, 0xe9, 0x64, 0xe6, 0xfb, 0xd0, 0xf6, 0xc9, 0x0a, 0x90, 0x06,
    0xe9, 0x0a, 0xe6, 0xfc, 0xd0, 0xf6, 0x69, 0xd0, 0x85, 0xfd, 0xa2, 0x04,
    0x86, 0xfe, 0xa2, 0x00, 0xa0, 0x06, 0xa5, 0xb8, 0xc9, 0x64, 0xb0, 0x0e,
    0xc8, 0xa2, 0x02, 0xc9, 0x0a, 0x90, 0x07, 0xc8, 0xca, 0xa9, 0x17, 0x8d,
    0x8e, 0x09, 0x86, 0xff, 0xa2, 0x00, 0xbd, 0xf1, 0x81, 0x91, 0x80, 0xc8,
    0xe8, 0xc6, 0xfe, 0xd0, 0xf5, 0xc8, 0xa6, 0xff, 0xb5, 0xfb, 0x91, 0x80,
    0xe8, 0xc8, 0xe0, 0x03, 0xd0, 0xf6, 0xa2, 0x1e, 0x86, 0xfb, 0xa2, 0xa8,
    0xa0, 0x81, 0x20, 0xf1, 0x91, 0xa2, 0x06, 0x86, 0x9d, 0xa9, 0x40, 0x8d,
    0x0e, 0xd4, 0x20, 0x8b, 0xbf, 0xa5, 0xcb, 0xd0, 0x0d, 0xa2, 0x38, 0x8e,
    0x02, 0xd3, 0x8d, 0x00, 0xd3, 0xa9, 0x3c, 0x8d, 0x02, 0xd3, 0xa2, 0x03,
    0x8e, 0x07, 0xd4, 0x86, 0x81, 0xa2, 0x00, 0x86, 0x80, 0xa2, 0xfb, 0xa0,
    0x00, 0x20, 0x68, 0x9b, 0x4c, 0xdf, 0x9a, 0xa9, 0x00, 0x85, 0x74, 0xa2,
    0x16, 0x86, 0x7c, 0xa2, 0x02, 0x86, 0x79, 0xaa, 0xbd, 0xf3, 0xab, 0xd0,
    0x01, 0x60, 0x85, 0x7b, 0xbd, 0xf4, 0xab, 0x85, 0x75, 0xbd, 0xf5, 0xab,
    0xa8, 0x8a, 0x18, 0x69, 0x03, 0x48, 0x20, 0x6a, 0xa0, 0x68, 0xa2, 0x01,
    0xd0, 0xdf, 0xa2, 0x03, 0x86, 0xce, 0xb5, 0x8a, 0x29, 0xf0, 0x95, 0x8a,
    0xca, 0xd0, 0xf7, 0xa0, 0x00, 0xb1, 0x64, 0x29, 0xf0, 0x85, 0xa0, 0xa2,
    0x03, 0xb5, 0x8a, 0x29, 0xf0, 0xc5, 0xa0, 0xf0, 0xee, 0xca, 0xd0, 0xf5,
    0xb1, 0x64, 0x29, 0x06, 0xf0, 0xfa, 0x18, 0x69, 0x02, 0x85, 0xa1, 0xa2,
    0x03, 0xb5, 0x8a, 0x29, 0x0f, 0xc5, 0xa1, 0xf0, 0xeb, 0xca, 0xd0, 0xf5,
    0xa5, 0xa0, 0x05, 0xa1, 0xa4, 0xce, 0x99, 0x8a, 0x00, 0xc6, 0xce, 0xd0,
    0xc6, 0xa5, 0xb7, 0xc9, 0x0b, 0xd0, 0x07, 0xa2, 0x00, 0x86, 0x8b, 0x20,
    0x2b, 0xad, 0xa9, 0x31, 0xa2, 0x08, 0x81, 0x3e, 0xa5, 0xb7, 0xc9, 0x0b,
    0xf0, 0x08, 0xa9, 0xff, 0x9d, 0x1f, 0x03, 0xca, 0xd0, 0xfa, 0xa9, 0x1e,
    0x85, 0x8e, 0xa9, 0x00, 0xa2, 0x0a, 0x95, 0xe3, 0xca, 0xd0, 0xfb, 0xaa,
    0x86, 0xd1, 0x86, 0xd2, 0x86, 0xd3, 0x86, 0xd5, 0x86, 0xd6, 0x86, 0xd7,
    0x86, 0xff, 0x86, 0x8f, 0x8e, 0x01, 0xd4, 0x86, 0xa5, 0x86, 0xa2, 0x86,
    0xa3, 0x86, 0x93, 0x86, 0xaa, 0x86, 0xb4, 0x86, 0x8a, 0xe8, 0x86, 0xd9,
    0x86, 0xf7, 0x86, 0x92, 0x86, 0x9c, 0xe8, 0x86, 0xa6, 0x86, 0x7d, 0xa2,
    0x0a, 0x86, 0x98, 0xa2, 0x3c, 0x86, 0xfc, 0xa2, 0xb8, 0x86, 0xf8, 0xa0,
    0x01, 0xb1, 0xe1, 0x85, 0xdf, 0x20, 0xaa, 0xb2, 0x20, 0x49, 0xae, 0xa5,
    0x9d, 0xd0, 0xfc, 0x85, 0xfe, 0x8d, 0x0e, 0xd4, 0xa2, 0xb7, 0xa0, 0x0e,
    0x20, 0x52, 0x92, 0xa0, 0xb0, 0xa2, 0xbb, 0x20, 0xf1, 0x91, 0xa0, 0x00,
    0x91, 0x4c, 0xa2, 0xc0, 0x8e, 0x0e, 0xd4, 0xa2, 0x3c, 0x20, 0x8b, 0xbf,
    0xe4, 0x9d, 0xd0, 0xf9, 0xa9, 0x07, 0x85, 0xfe, 0xa6, 0xfa, 0xd0, 0x04,
    0xe6, 0xfa, 0xc6, 0xb9, 0x60, 0xa5, 0xb7, 0xc9, 0x0b, 0xf0, 0x46, 0xa9,
    0x00, 0xa0, 0x01, 0x20, 0x96, 0xae, 0xa9, 0x00, 0xa2, 0x01, 0x20, 0x6f,
    0xae, 0xa5, 0xf9, 0xf0, 0x34, 0xa9, 0x01, 0xa0, 0x20, 0x20, 0x96, 0xae,
    0xa4, 0x85, 0x88, 0xa9, 0x01, 0xa2, 0xff, 0x86, 0x85, 0xc5, 0xb5, 0xf0,
    0x05, 0xa6, 0xc3, 0x4c, 0x7c, 0xae, 0xa6, 0xb9, 0xe8, 0xa9, 0x00, 0xf0,
    0x05, 0xa9, 0x44, 0x18, 0x65, 0x83, 0x99, 0xd8, 0x20, 0x98, 0x18, 0x65,
    0x85, 0xa8, 0xca, 0xd0, 0xf0, 0x8a, 0x99, 0xd8, 0x20, 0x60, 0x85, 0x86,
    0xc5, 0xb5, 0xf0, 0x06, 0xa2, 0xc5, 0xa9, 0x10, 0xd0, 0x04, 0xa9, 0x90,
    0xa2, 0xbb, 0x85, 0x83, 0xa9, 0x06, 0x85, 0x88, 0xa9, 0x00, 0x85, 0x87,
    0xb5, 0x00, 0xd0, 0x13, 0x24, 0x87, 0x30, 0x0f, 0xa5, 0x88, 0xc9, 0x01,
    0xf0, 0x07, 0x98, 0x18, 0x65, 0x86, 0xa8, 0xd0, 0x13, 0xa9, 0x00, 0x18,
    0x65, 0x83, 0x99, 0xd8, 0x20, 0xa5, 0x87, 0xd0, 0x06, 0x84, 0x85, 0xa9,
    0xff, 0x85, 0x87, 0xc8, 0xe8, 0xc6, 0x88, 0xf0, 0xb8, 0xa5, 0x88, 0xc9,
    0x03, 0xd0, 0xcd, 0xa5, 0x87, 0xf0, 0x0b, 0xa9, 0xfc, 0x18, 0x65, 0x83,
    0x99, 0xd8, 0x20, 0xc8, 0xd0, 0xbe, 0x98, 0x18, 0x65, 0x86, 0xa8, 0xd0,
    0xb7, 0xca, 0xf0, 0x23, 0xa0, 0x00, 0x18, 0x75, 0xba, 0xc9, 0x0a, 0x90,
    0x06, 0xe9, 0x0a, 0xc8, 0x4c, 0x01, 0xaf, 0x95, 0xba, 0x98, 0xd0, 0xe9,
    0xa6, 0xba, 0xe0, 0x0a, 0xd0, 0x09, 0xa5, 0xbc, 0xf0, 0x05, 0xca, 0x86,
    0xba, 0xe6, 0xb9, 0xa9, 0x78, 0x85, 0x8e, 0xa9, 0x00, 0x85, 0x8f, 0x8d,
    0x01, 0xd4, 0x60, 0xa0, 0x00, 0xb1, 0x9e, 0xd0, 0x03, 0x4c, 0xbc, 0xaf,
    0xc8, 0xc8, 0x18, 0x71, 0x9e, 0x38, 0xe5, 0x91, 0x38, 0xe9, 0x15, 0xc9,
    0x02, 0xb0, 0x2f, 0x85, 0x9b, 0x88, 0xb1, 0x9e, 0x38, 0xe5, 0x90, 0x18,
    0x69, 0x02, 0xc9, 0x05, 0xb0, 0x1f, 0xb1, 0x9e, 0x85, 0x90, 0xc6, 0x91,
    0xa9, 0x07, 0x85, 0x92, 0x88, 0xb1, 0x9e, 0x69, 0x04, 0x38, 0xe5, 0x9b,
    0x85, 0xa0, 0xa0, 0x01, 0x84, 0xa1, 0x88, 0x98, 0x91, 0x5a, 0x4c, 0xe1,
    0xa0, 0xc8, 0xc8, 0xc8, 0x4c, 0x2d, 0xaf, 0xa0, 0x00, 0xb1, 0x9e, 0xf0,
    0x3f, 0xc8, 0xc8, 0xb1, 0x9e, 0x38, 0xe5, 0x91, 0x38, 0xe9, 0x19, 0xc9,
    0x02, 0xb0, 0x2c, 0x85, 0x9b, 0x88, 0xb1, 0x9e, 0x38, 0xe5, 0x90, 0x18,
    0x69, 0x02, 0xc9, 0x05, 0xb0, 0x1c, 0xb1, 0x9e, 0x85, 0x90, 0xe6, 0x91,
    0xa9, 0x0a, 0x85, 0x92, 0xa9, 0x01, 0x85, 0xa0, 0x88, 0xb1, 0x9e, 0x69,
    0x03, 0x65, 0x9b, 0x85, 0xa1, 0xa0, 0x00, 0x4c, 0x6b, 0xaf, 0xc8, 0xc8,
    0xc8, 0x4c, 0x79, 0xaf, 0x20, 0x88, 0xb9, 0x4a, 0x4a, 0x4c, 0x56, 0xb0,
    0xa5, 0xa3, 0xf0, 0x0f, 0xc9, 0x01, 0xd0, 0x03, 0x4c, 0x00, 0xb3, 0xc9,
    0x03, 0x90, 0x03, 0x4c, 0xdf, 0xb1, 0x60, 0xa5, 0x93, 0xf0, 0x03, 0x4c,
    0xb8, 0xb4, 0xa5, 0xaa, 0xf0, 0x03, 0x4c, 0xce, 0xb2, 0xa0, 0x00, 0xb1,
    0xa8, 0xf0, 0x2f, 0xaa, 0xc8, 0xb1, 0xa8, 0xc8, 0xc5, 0x90, 0xd0, 0x22,
    0xb1, 0xa8, 0xc5, 0x91, 0xd0, 0x1c, 0x86, 0xaa, 0xc8, 0xa2, 0x0b, 0xb1,
    0xa8, 0x85, 0xa0, 0x10, 0x01, 0xe8, 0x86, 0x92, 0xa9, 0x00, 0x38, 0xf1,
    0xa8, 0x0a, 0x18, 0x65, 0x90, 0x85, 0x90, 0x4c, 0xf7, 0xb0, 0xc8, 0xc8,
    0xd0, 0xcd, 0xa5, 0x92, 0xc9, 0x0b, 0x90, 0x03, 0x4c, 0x3c, 0xb4, 0xc9,
    0x07, 0x90, 0x03, 0x4c, 0x46, 0xb3, 0x20, 0x71, 0xb9, 0x4a, 0x90, 0x08,
    0xa6, 0x98, 0xf0, 0x13, 0xc6, 0x98, 0xb0, 0x0f, 0xa0, 0x06, 0xa6, 0x98,
    0x84, 0x98, 0xd0, 0x07, 0xa5, 0xd3, 0xd0, 0x03, 0x4c, 0x10, 0xb4, 0x20,
    0x88, 0xb9, 0x4a, 0xb0, 0x03, 0x4c, 0x2b, 0xaf, 0x4a, 0xb0, 0x03, 0x4c,
    0x77, 0xaf, 0xa4, 0x9c, 0xa6, 0x90, 0x4a, 0xb0, 0x03, 0x4c, 0x40, 0xb1,
    0x4a, 0x90, 0x3c, 0xa5, 0xb3, 0x18, 0xe5, 0x90, 0xc9, 0x05, 0xb0, 0x30,
    0xa9, 0x1d, 0xa2, 0x04, 0xc5, 0x91, 0xd0, 0x22, 0x20, 0x5f, 0x92, 0xf0,
    0x23, 0xc0, 0x05, 0xb0, 0x1f, 0x84, 0xad, 0xe4, 0xad, 0xf0, 0x19, 0xa5,
    0xac, 0xd0, 0x15, 0x86, 0xb0, 0xa0, 0x03, 0x84, 0xa3, 0xa0, 0x08, 0x84,
    0xa0, 0x84, 0xa1, 0x4c, 0x82, 0xa1, 0x18, 0x69, 0x2f, 0xca, 0xd0, 0xd4,
    0x4c, 0x25, 0xb1, 0xc8, 0xc0, 0x04, 0x90, 0x02, 0xa0, 0x01, 0x84, 0x9c,
    0x84, 0x92, 0xa5, 0x9d, 0x29, 0x01, 0xd0, 0x54, 0xe8, 0x20, 0xd4, 0xb3,
    0xf0, 0x4e, 0x86, 0x90, 0xa5, 0xd3, 0xd0, 0x48, 0x8a, 0x18, 0x69, 0x05,
    0xa8, 0xa9, 0x14, 0x20, 0xa7, 0xb1, 0xd0, 0x05, 0xc6, 0x91, 0x4c, 0x04,
    0xb1, 0xa9, 0x03, 0x85, 0x9b, 0x20, 0xa0, 0xb1, 0xf0, 0x2e, 0xc6, 0x9b,
    0xf0, 0x0b, 0xa6, 0x99, 0xa4, 0x9a, 0xc8, 0x20, 0xad, 0xb1, 0x4c, 0xd4,
    0xb0, 0xe6, 0x91, 0x20, 0xa0, 0xb1, 0xf0, 0x18, 0xa2, 0x01, 0x86, 0x92,
    0xa2, 0x00, 0x86, 0xa2, 0xe8, 0x86, 0x93, 0xa9, 0x1e, 0xaa, 0x85, 0xa4,
    0x81, 0x3a, 0xa9, 0xaa, 0x81, 0x3c, 0xd0, 0x39, 0xa4, 0xd3, 0xf0, 0x06,
    0xa0, 0x4f, 0xa2, 0x1a, 0xd0, 0x25, 0xa4, 0xa4, 0xc8, 0xc0, 0x0e, 0x90,
    0x02, 0xa0, 0x00, 0x84, 0xa4, 0xc0, 0x03, 0x90, 0x0c, 0xc0, 0x07, 0x90,
    0x04, 0xc0, 0x0a, 0x90, 0x0a, 0xa0, 0x00, 0xf0, 0x0f, 0xa2, 0xfa, 0xa0,
    0xca, 0xd0, 0x04, 0xa2, 0x00, 0xa0, 0x8a, 0x8a, 0xa2, 0x00, 0x81, 0x58,
    0x98, 0xa0, 0x00, 0x91, 0x5a, 0x4c, 0xe1, 0xa0, 0xc8, 0xc0, 0x04, 0x90,
    0x02, 0xa0, 0x01, 0x84, 0x9c, 0x98, 0x18, 0x69, 0x03, 0x85, 0x92, 0xa5,
    0x9d, 0x29, 0x01, 0xd0, 0xaf, 0xca, 0x20, 0x8d, 0xb3, 0xf0, 0xa9, 0x86,
    0x90, 0xa5, 0xd3, 0xd0, 0xa3, 0x8a, 0xa8, 0xc8, 0xc8, 0xa9, 0x14, 0x20,
    0xa7, 0xb1, 0xd0, 0x05, 0xc6, 0x91, 0x4c, 0x04, 0xb1, 0xa9, 0x03, 0x85,
    0x9b, 0xa4, 0x90, 0xc8, 0xc8, 0x20, 0xa5, 0xb1, 0xf0, 0x86, 0xc6, 0x9b,
    0xf0, 0x0b, 0xa6, 0x99, 0xa4, 0x9a, 0xc8, 0x20, 0xad, 0xb1, 0x4c, 0x7c,
    0xb1, 0xe6, 0x91, 0xa4, 0x90, 0xc8, 0xc8, 0x20, 0xa5, 0xb1, 0xd0, 0x03,
    0x4c, 0x04, 0xb1, 0xa2, 0x04, 0x4c, 0xee, 0xb0, 0xa4, 0x90, 0xc8, 0xc8,
    0xc8, 0xa9, 0x15, 0x18, 0x65, 0x91, 0xaa, 0x86, 0x99, 0x84, 0x9a, 0x20,
    0xab, 0x9a, 0xf0, 0x28, 0xa5, 0x91, 0x18, 0x69, 0x15, 0xc5, 0x99, 0xd0,
    0x1e, 0xc5, 0xdb, 0xd0, 0x0e, 0xa5, 0x9a, 0xc5, 0xda, 0x90, 0x08, 0xa5,
    0xda, 0x69, 0x0e, 0xc5, 0x9a, 0xb0, 0x04, 0xa9, 0x02, 0xd0, 0x09, 0xa9,
    0x00, 0x85, 0xd9, 0xa9, 0x03, 0xc9, 0x03, 0x60, 0x85, 0xd9, 0x60, 0xa0,
    0x00, 0xb1, 0x64, 0x29, 0x1e, 0x91, 0x58, 0xa6, 0xa3, 0xca, 0xca, 0xca,
    0xf0, 0x35, 0xca, 0xf0, 0x56, 0xca, 0xd0, 0x03, 0x4c, 0x65, 0xb2, 0xca,
    0xd0, 0x03, 0x4c, 0xb9, 0xb2, 0xc6, 0xa0, 0xd0, 0x1c, 0xe6, 0xa1, 0xa5,
    0xa1, 0x85, 0xa0, 0xa9, 0x08, 0x38, 0xe5, 0xa1, 0x0a, 0x09, 0xa0, 0xa2,
    0x05, 0x81, 0x55, 0xc9, 0xa0, 0xd0, 0x09, 0x86, 0xac, 0xa2, 0x00, 0x86,
    0xa3, 0x4c, 0xe1, 0xa0, 0x4c, 0x82, 0xa1, 0xc6, 0xa0, 0xd0, 0xf6, 0xc6,
    0xa1, 0xf0, 0x12, 0xa5, 0xa1, 0x85, 0xa0, 0xa9, 0x08, 0x38, 0xe5, 0xa1,
    0x0a, 0xa0, 0x00, 0x09, 0xa0, 0x91, 0x5a, 0xd0, 0xe3, 0xa2, 0x04, 0x86,
    0xa3, 0xa2, 0x08, 0x86, 0xa0, 0xd0, 0xd9, 0xc6, 0xa0, 0xd0, 0xd5, 0xa6,
    0x91, 0x86, 0xae, 0xa2, 0x05, 0x86, 0xa3, 0xa2, 0x0e, 0x86, 0xa0, 0xa4,
    0xad, 0xa9, 0xd9, 0x38, 0xe9, 0x2f, 0x88, 0xd0, 0xfa, 0x85, 0x91, 0xd0,
    0xb8, 0xa5, 0x91, 0x48, 0xa5, 0xae, 0x85, 0x91, 0x20, 0x82, 0xa1, 0x68,
    0x85, 0x91, 0xa5, 0x9d, 0x29, 0x01, 0xd0, 0xa8, 0xc6, 0xa0, 0x10, 0xa4,
    0xa5, 0xae, 0x18, 0x69, 0x3c, 0xaa, 0xa0, 0x14, 0xa9, 0x00, 0x9d, 0xf6,
    0x03, 0xca, 0x88, 0xd0, 0xf9, 0xa0, 0x11, 0x9d, 0x07, 0x05, 0xca, 0x88,
    0xd0, 0xf9, 0xa0, 0x11, 0x9d, 0x1e, 0x06, 0xca, 0x88, 0xd0, 0xf9, 0xa2,
    0x08, 0x86, 0xa0, 0xa2, 0x06, 0x86, 0xa3, 0x20, 0x20, 0xb2, 0xa9, 0x8a,
    0xa0, 0x00, 0x91, 0x34, 0xa9, 0x3a, 0x91, 0x36, 0xa9, 0x0f, 0x91, 0x38,
    0x60, 0xc6, 0xa0, 0xf0, 0x03, 0x4c, 0x82, 0xa1, 0xa2, 0x07, 0x86, 0xa3,
    0xa2, 0x01, 0x86, 0xa0, 0xca, 0x86, 0xa1, 0x4c, 0x20, 0xb2, 0xa0, 0x00,
    0xe6, 0x91, 0xa5, 0xa0, 0x18, 0x65, 0x90, 0x85, 0x90, 0xa5, 0x9d, 0x29,
    0x01, 0xd0, 0x06, 0xe6, 0xa4, 0xa5, 0xa4, 0x91, 0x58, 0xc6, 0xaa, 0xd0,
    0x14, 0xa9, 0xff, 0x91, 0x58, 0xa9, 0x8f, 0x91, 0x5a, 0xa5, 0x92, 0xa2,
    0x01, 0xc9, 0x0b, 0xf0, 0x02, 0xa2, 0x04, 0x86, 0x92, 0x4c, 0xe1, 0xa0,
    0xa5, 0x91, 0x18, 0x69, 0x15, 0x85, 0x9b, 0xa0, 0x04, 0xa2, 0x1f, 0x20,
    0x2e, 0xb3, 0xa0, 0x05, 0xa2, 0x1f, 0x20, 0x2e, 0xb3, 0xa0, 0x06, 0xa2,
    0x1f, 0x20, 0x2e, 0xb3, 0xe6, 0xa1, 0xa5, 0x91, 0x18, 0x69, 0x11, 0xc5,
    0xa1, 0xd0, 0x04, 0xa9, 0x02, 0x85, 0xa3, 0x4c, 0xe8, 0xa0, 0x86, 0x94,
    0xa2, 0x00, 0x84, 0x95, 0xa4, 0x9b, 0xa1, 0x64, 0x91, 0x94, 0x88, 0x88,
    0xb1, 0x94, 0xc8, 0x91, 0x94, 0xc4, 0xa1, 0xd0, 0xf5, 0x60, 0xa5, 0x9d,
    0x29, 0x01, 0xf0, 0x01, 0x60, 0x20, 0x88, 0xb9, 0x4a, 0x90, 0x2e, 0x4a,
    0xb0, 0xf6, 0xe6, 0x91, 0xe6, 0xa0, 0xc6, 0xa1, 0xf0, 0x2b, 0xa5, 0xa0,
    0xc9, 0x05, 0xb0, 0x09, 0xa2, 0x09, 0xc9, 0x03, 0xb0, 0x12, 0xe8, 0xd0,
    0x0f, 0xa5, 0x9d, 0x29, 0x02, 0xd0, 0x0b, 0xa5, 0x92, 0xa2, 0x07, 0xc9,
    0x08, 0xf0, 0x01, 0xe8, 0x86, 0x92, 0x4c, 0xe1, 0xa0, 0xc6, 0x91, 0xe6,
    0xa1, 0xc6, 0xa0, 0xd0, 0xd5, 0xa2, 0x00, 0xf0, 0xef, 0xe0, 0x30, 0x90,
    0x26, 0xa5, 0xd3, 0xd0, 0x25, 0xa5, 0xb7, 0xc9, 0x0a, 0xf0, 0x25, 0xc9,
    0x06, 0xd0, 0x57, 0xe0, 0x43, 0x90, 0x53, 0xf0, 0x08, 0xe0, 0xbe, 0xb0,
    0x4b, 0xe0, 0xbd, 0xd0, 0x49, 0xa5, 0x91, 0xc9, 0x8a, 0x90, 0x43, 0xc9,
    0xc0, 0xb0, 0x3f, 0xa9, 0x00, 0x60, 0xe0, 0x71, 0xb0, 0x36, 0x90, 0xf7,
    0xa5, 0x91, 0xe0, 0x31, 0xf0, 0x08, 0xe0, 0x65, 0xd0, 0x2c, 0xc9, 0xa9,
    0xb0, 0x26, 0xc9, 0x4b, 0x90, 0x22, 0xb0, 0x31, 0xe0, 0xca, 0xb0, 0xdf,
    0xa5, 0xd3, 0xd0, 0x2e, 0xa5, 0xb7, 0xc9, 0x0a, 0xf0, 0x15, 0xc9, 0x06,
    0xd0, 0x10, 0xe0, 0xb6, 0xb0, 0x0a, 0xe0, 0x3b, 0x90, 0x08, 0xf0, 0xbd,
    0xe0, 0xb5, 0xf0, 0xb9, 0xa9, 0x01, 0x60, 0xe0, 0x5d, 0xd0, 0xfb, 0xa5,
    0x91, 0xc9, 0xa9, 0xb0, 0xf3, 0xc9, 0x4b, 0x90, 0xef, 0xa9, 0x00, 0x85,
    0xa1, 0x60, 0xe0, 0xa6, 0xb0, 0xa9, 0x90, 0xe4, 0xa2, 0x00, 0x86, 0xa2,
    0x86, 0xa0, 0xa9, 0x5a, 0x85, 0xa4, 0x81, 0x58, 0xa9, 0xaa, 0x81, 0x5a,
    0x20, 0x88, 0xb9, 0x4a, 0x4a, 0xa2, 0xff, 0x4a, 0x90, 0x05, 0xe8, 0x4a,
    0xb0, 0x01, 0xe8, 0x86, 0xa1, 0xa2, 0x0b, 0xa5, 0x92, 0xc9, 0x04, 0x90,
    0x01, 0xe8, 0x86, 0x92, 0xa5, 0x9d, 0x29, 0x01, 0xd0, 0x17, 0xa5, 0x90,
    0x18, 0x65, 0xa1, 0xaa, 0xa5, 0xa1, 0x10, 0x06, 0x20, 0x8d, 0xb3, 0x4c,
    0x55, 0xb4, 0x20, 0xd4, 0xb3, 0xf0, 0x02, 0x86, 0x90, 0xa6, 0xa0, 0xa5,
    0xb7, 0xc9, 0x0a, 0xd0, 0x20, 0xa5, 0x91, 0xc9, 0xa8, 0xf0, 0x0e, 0xc9,
    0x65, 0xd0, 0x16, 0xa5, 0x90, 0xc9, 0x5d, 0xb0, 0x10, 0xa2, 0x29, 0xd0,
    0x0c, 0xa5, 0x90, 0xc9, 0x5d, 0x90, 0x06, 0xc9, 0x66, 0xb0, 0x02, 0xa2,
    0x29, 0xbd, 0xbd, 0xbf, 0xe0, 0x20, 0x90, 0x02, 0xa9, 0x01, 0xe8, 0x86,
    0xa0, 0x18, 0x65, 0x91, 0x85, 0x91, 0xa4, 0xa4, 0xe0, 0x16, 0x90, 0x14,
    0xe0, 0x2a, 0xb0, 0x1e, 0xc8, 0xc8, 0xc8, 0x98, 0xa0, 0x00, 0x85, 0xa4,
    0x91, 0x58, 0xa9, 0xaa, 0x91, 0x5a, 0x90, 0x20, 0x88, 0x88, 0x88, 0x98,
    0x85, 0xa4, 0xa0, 0x00, 0x91, 0x58, 0x90, 0x73, 0xe6, 0x91, 0xa9, 0xaa,
    0xa0, 0x00, 0x91, 0x5a, 0xa5, 0x9d, 0x29, 0x01, 0xd0, 0x06, 0xe6, 0xa4,
    0xa5, 0xa4, 0x91, 0x58, 0xe6, 0xa2, 0x20, 0xa0, 0xb1, 0xf0, 0x0a, 0xa6,
    0x99, 0xa4, 0x9a, 0xc8, 0x20, 0xad, 0xb1, 0xd0, 0x4e, 0xa6, 0x99, 0xa4,
    0x9a, 0xca, 0xca, 0x20, 0xab, 0xb1, 0xf0, 0x43, 0xa6, 0x99, 0xa4, 0x9a,
    0xe8, 0x20, 0xab, 0xb1, 0xd0, 0x02, 0xc6, 0x91, 0xa2, 0x00, 0x86, 0x93,
    0xa5, 0xa2, 0xc9, 0x28, 0x90, 0x18, 0x20, 0xe1, 0xa0, 0xa2, 0x01, 0x86,
    0xa3, 0xa5, 0x91, 0x85, 0xa1, 0xa9, 0x8f, 0x81, 0x59, 0xa9, 0x0f, 0x85,
    0xa5, 0xa9, 0x96, 0x81, 0x57, 0x60, 0xa9, 0x00, 0xaa, 0x81, 0x59, 0xa5,
    0x92, 0xc9, 0x05, 0x90, 0x0a, 0xa2, 0x01, 0xc9, 0x0b, 0xf0, 0x02, 0xa2,
    0x04, 0x86, 0x92, 0x4c, 0xe1, 0xa0, 0xa0, 0x00, 0x84, 0x83, 0xb9, 0x30,
    0x3f, 0xf0, 0xde, 0x98, 0xaa, 0xde, 0x30, 0x3f, 0xf0, 0x08, 0x8a, 0x18,
    0x69, 0x06, 0xa8, 0x4c, 0x30, 0xb5, 0xb1, 0xb1, 0x99, 0x30, 0x3f, 0xa5,
    0xb7, 0xc9, 0x08, 0xf0, 0x4d, 0xa5, 0x91, 0x18, 0x69, 0x15, 0xd9, 0x33,
    0x3f, 0xd0, 0x2f, 0xa5, 0x93, 0xd0, 0x2b, 0xa5, 0xa3, 0xd0, 0x06, 0xa5,
    0x92, 0xc9, 0x07, 0xb0, 0x21, 0xb9, 0x31, 0x3f, 0x18, 0x69, 0x05, 0x85,
    0x85, 0xb9, 0x32, 0x3f, 0x69, 0x2e, 0x79, 0x31, 0x3f, 0x38, 0xe5, 0x90,
    0xc5, 0x85, 0xb0, 0x0a, 0xa5, 0x90, 0x79, 0x35, 0x3f, 0x85, 0x90, 0x4c,
    0x9e, 0xb5, 0xa5, 0xb7, 0xc9, 0x09, 0xd0, 0x0e, 0x98, 0x18, 0x69, 0x04,
    0xa8, 0xb1, 0xb1, 0xdd, 0x34, 0x3f, 0xf0, 0xa2, 0x8a, 0xa8, 0xb9, 0x35,
    0x3f, 0x10, 0x11, 0xde, 0x32, 0x3f, 0xb9, 0x32, 0x3f, 0x85, 0x85, 0x18,
    0x79, 0x31, 0x3f, 0x85, 0x87, 0x4c, 0xc2, 0xb5, 0xb9, 0x32, 0x3f, 0x85,
    0x87, 0x18, 0x79, 0x31, 0x3f, 0x85, 0x85, 0xfe, 0x32, 0x3f, 0xa2, 0x08,
    0xa5, 0xb7, 0xc9, 0x08, 0xd0, 0x02, 0xa2, 0x00, 0x20, 0x0a, 0xb6, 0xa5,
    0x87, 0x85, 0x85, 0xa2, 0x0c, 0xc9, 0x1e, 0x90, 0x0c, 0xc9, 0x26, 0xb0,
    0x08, 0xa5, 0xb7, 0xc9, 0x09, 0xd0, 0x02, 0xa2, 0x04, 0x20, 0x0a, 0xb6,
    0x98, 0xaa, 0xde, 0x34, 0x3f, 0xf0, 0x03, 0x4c, 0x3f, 0xb5, 0xa9, 0x00,
    0x38, 0xf9, 0x35, 0x3f, 0x99, 0x35, 0x3f, 0x98, 0x18, 0x69, 0x04, 0xa8,
    0xb1, 0xb1, 0x99, 0x30, 0x3f, 0xc8, 0xc8, 0x4c, 0x30, 0xb5, 0x86, 0x84,
    0xa2, 0x03, 0x86, 0x88, 0xb9, 0x33, 0x3f, 0x85, 0x86, 0xa4, 0x85, 0xa6,
    0x86, 0x20, 0x83, 0x9a, 0xe6, 0x86, 0xc6, 0x88, 0xd0, 0xf3, 0xa4, 0x83,
    0x60, 0xa4, 0x91, 0xc0, 0xaa, 0xf0, 0xf9, 0xa5, 0xfe, 0xf0, 0xf5, 0xa5,
    0xff, 0xd0, 0xf1, 0xa5, 0xb4, 0xd0, 0xed, 0xa5, 0x93, 0xd0, 0xe9, 0xa5,
    0xaa, 0xd0, 0xe5, 0xa5, 0xa3, 0xd0, 0xe1, 0xa5, 0x92, 0xc9, 0x07, 0xb0,
    0xdb, 0x0a, 0xaa, 0xbd, 0xe5, 0xbf, 0x48, 0xe8, 0xbd, 0xe5, 0xbf, 0x20,
    0x5a, 0xb6, 0x68, 0x4c, 0x5a, 0xb6, 0x18, 0x65, 0x90, 0x85, 0x85, 0xa5,
    0x91, 0x18, 0x69, 0x15, 0x85, 0x86, 0x20, 0xa7, 0x9a, 0xd0, 0xb9, 0xe6,
    0x86, 0x20, 0xa7, 0x9a, 0xd0, 0x0b, 0xe6, 0x86, 0x20, 0xa7, 0x9a, 0xf0,
    0xab, 0xa2, 0x02, 0xd0, 0x02, 0xa2, 0x03, 0x86, 0x82, 0xc6, 0xf6, 0xa2,
    0x06, 0xa9, 0x05, 0x20, 0xfc, 0xae, 0xc6, 0x85, 0x20, 0xa7, 0x9a, 0xf0,
    0x2d, 0xa0, 0x03, 0x84, 0x83, 0xc6, 0x85, 0xa4, 0x85, 0xc0, 0x2f, 0xf0,
    0x53, 0x20, 0xbf, 0x9a, 0xf0, 0x1c, 0xc6, 0x83, 0xd0, 0xef, 0xe6, 0x85,
    0xe6, 0x85, 0xe6, 0x85, 0xe6, 0x85, 0xe6, 0x85, 0xa4, 0x85, 0x20, 0xbf,
    0x9a, 0xd0, 0xf7, 0xa5, 0x85, 0x38, 0xe9, 0x05, 0x85, 0x85, 0xe6, 0x85,
    0xa0, 0x08, 0x84, 0x84, 0xa5, 0x85, 0x38, 0xe9, 0x30, 0x85, 0x85, 0xa0,
    0x03, 0x84, 0x83, 0xa6, 0x86, 0xa4, 0x85, 0x20, 0x83, 0x9a, 0xe6, 0x85,
    0xa4, 0x85, 0x20, 0x8d, 0x9a, 0xc6, 0x83, 0xd0, 0xf5, 0xe6, 0x86, 0xe6,
    0x86, 0xc6, 0x85, 0xc6, 0x85, 0xc6, 0x85, 0xc6, 0x82, 0xd0, 0xdc, 0x60,
    0xa9, 0x05, 0x38, 0xe5, 0x83, 0x18, 0x65, 0x85, 0x85, 0x85, 0x4c, 0xb0,
    0xb6, 0xa0, 0x00, 0xb1, 0x20, 0x11, 0x22, 0x11, 0x24, 0x11, 0x26, 0x95,
    0xe5, 0xb1, 0x2e, 0x95, 0xe9, 0x60, 0x48, 0x8a, 0x48, 0x98, 0x48, 0xa5,
    0xaf, 0xc9, 0x04, 0xf0, 0x09, 0xa9, 0x04, 0x38, 0xe5, 0xaf, 0xaa, 0x20,
    0xfd, 0xb6, 0xa0, 0x00, 0x91, 0x4c, 0xa5, 0xa3, 0xc9, 0x05, 0xd0, 0x23,
    0xa6, 0xaf, 0xe4, 0xb0, 0xf0, 0x0b, 0xe4, 0xad, 0xd0, 0x19, 0xa9, 0x0e,
    0x38, 0xe5, 0xa0, 0xb0, 0x02, 0xa5, 0xa0, 0x91, 0x38, 0xc9, 0x0b, 0x90,
    0x02, 0xa9, 0x0a, 0x09, 0x30, 0x91, 0x36, 0x69, 0x50, 0x91, 0x34, 0xa5,
    0xaf, 0xc9, 0x04, 0xf0, 0x5e, 0xc9, 0x03, 0xd0, 0x15, 0xa5, 0xb7, 0xc9,
    0x08, 0xd0, 0x0c, 0xa5, 0xda, 0x91, 0x16, 0xa9, 0x0e, 0x91, 0x3a, 0xa9,
    0x01, 0x91, 0x26, 0x4c, 0xe6, 0xb7, 0xc9, 0x01, 0xd0, 0x74, 0xa5, 0xb7,
    0xc9, 0x0a, 0xd0, 0x17, 0xa5, 0xd4, 0xa2, 0x06, 0x18, 0x81, 0x18, 0x69,
    0x02, 0xca, 0xca, 0x10, 0xf8, 0x91, 0x16, 0xa9, 0x04, 0x91, 0x42, 0x91,
    0x3a, 0xd0, 0x57, 0xc9, 0x08, 0xf0, 0x0c, 0xc9, 0x09, 0xf0, 0x08, 0xc9,
    0x05, 0xf0, 0x04, 0xc9, 0x06, 0xd0, 0x47, 0xa6, 0xac, 0xa5, 0x9d, 0x29,
    0x03, 0xd0, 0x3c, 0xb1, 0x64, 0x29, 0xf6, 0x18, 0x69, 0x06, 0x85, 0xac,
    0xaa, 0xd0, 0x30, 0xa5, 0x8c, 0x91, 0x3e, 0xa5, 0x8d, 0x91, 0x40, 0xa9,
    0x00, 0x91, 0x28, 0xa5, 0xb3, 0xf0, 0x23, 0xa2, 0xc6, 0xa5, 0xac, 0xf0,
    0x1a, 0xa5, 0x9d, 0x29, 0x3f, 0x05, 0xe4, 0xd0, 0x10, 0xa5, 0xb8, 0xc9,
    0x05, 0x90, 0x06, 0xa5, 0x9d, 0x29, 0x7f, 0xd0, 0x04, 0xc6, 0xac, 0xf0,
    0x02, 0xa2, 0x42, 0x8a, 0x91, 0x3c, 0xa6, 0xf5, 0xbd, 0xcb, 0x09, 0xf0,
    0x12, 0xa2, 0x06, 0x18, 0x81, 0x18, 0x69, 0x02, 0xca, 0xca, 0x10, 0xf8,
    0xa6, 0xf5, 0xbd, 0xce, 0x09, 0x91, 0x42, 0xbd, 0xc0, 0x09, 0xf0, 0x07,
    0x91, 0x16, 0xbd, 0xc3, 0x09, 0x91, 0x3a, 0xa9, 0x02, 0x85, 0xf2, 0xa9,
    0x00, 0x85, 0xf0, 0xa9, 0x03, 0x85, 0xf1, 0xa0, 0x00, 0xa9, 0x4d, 0x38,
    0xe5, 0xf5, 0xaa, 0xbd, 0xc0, 0x09, 0xc9, 0x02, 0x90, 0x0c, 0xa5, 0xe4,
    0xd0, 0x08, 0xa5, 0xa6, 0xf0, 0x04, 0xa5, 0xf6, 0xd0, 0x03, 0x4c, 0x5c,
    0xb9, 0xbd, 0xc2, 0x09, 0xc9, 0x08, 0x90, 0x16, 0xb1, 0x64, 0x09, 0x08,
    0x9d, 0xc3, 0x09, 0xbd, 0xc9, 0x09, 0x91, 0x54, 0xa9, 0x8a, 0x91, 0x56,
    0xde, 0xc9, 0x09, 0x4c, 0x19, 0xb9, 0xa5, 0xf1, 0x18, 0x65, 0xaf, 0xa8,
    0xb9, 0xe2, 0x00, 0x25, 0xfe, 0xf0, 0x19, 0xbd, 0xca, 0x09, 0xf0, 0x12,
    0xa9, 0xfa, 0x9d, 0xc9, 0x09, 0xa0, 0x00, 0xb1, 0x64, 0x29, 0x01, 0x09,
    0x08, 0x85, 0xe5, 0x4c, 0x38, 0xb9, 0x84, 0xff, 0xde, 0xc4, 0x09, 0xd0,
    0x57, 0xbd, 0xca, 0x09, 0xf0, 0x2d, 0xbd, 0xc3, 0x09, 0x49, 0x9c, 0x9d,
    0xc3, 0x09, 0xc9, 0xc6, 0xf0, 0x04, 0xa9, 0x05, 0xd0, 0x18, 0x5e, 0xca,
    0x09, 0xbd, 0xca, 0x09, 0xd0, 0x10, 0xbd, 0xc1, 0x09, 0x9d, 0xc3, 0x09,
    0xbd, 0xc2, 0x09, 0x29, 0x03, 0x9d, 0xc2, 0x09, 0xa9, 0x02, 0x9d, 0xc4,
    0x09, 0xd0, 0x25, 0x8a, 0x18, 0x69, 0x04, 0xa8, 0xb1, 0xf3, 0x9d, 0xc4,
    0x09, 0xbd, 0xc5, 0x09, 0x18, 0x7d, 0xc3, 0x09, 0x9d, 0xc3, 0x09, 0x29,
    0x0f, 0xf0, 0x08, 0xc9, 0x0e, 0xd0, 0x09, 0xa9, 0xfe, 0xd0, 0x02, 0xa9,
    0x02, 0x9d, 0xc5, 0x09, 0xde, 0xc8, 0x09, 0xd0, 0x40, 0x8a, 0x18, 0x69,
    0x08, 0xa8, 0xb1, 0xf3, 0x18, 0x69, 0x01, 0x38, 0xe5, 0xb8, 0xf0, 0x02,
    0xb0, 0x02, 0xa9, 0x01, 0x9d, 0xc8, 0x09, 0xbd, 0xc7, 0x09, 0x18, 0x7d,
    0xc0, 0x09, 0x9d, 0xc0, 0x09, 0xde, 0xc6, 0x09, 0xd0, 0x1b, 0x88, 0x88,
    0xb1, 0xf3, 0x9d, 0xc6, 0x09, 0xa9, 0x00, 0x38, 0xfd, 0xc7, 0x09, 0x9d,
    0xc7, 0x09, 0xbd, 0xc2, 0x09, 0x49, 0x02, 0x9d, 0xc2, 0x09, 0x4c, 0x1e,
    0xb9, 0xde, 0xc9, 0x09, 0xd0, 0x3e, 0xa9, 0x0a, 0x9d, 0xc9, 0x09, 0xbd,
    0xc2, 0x09, 0xc9, 0x08, 0x90, 0x0c, 0xa9, 0x00, 0xa8, 0x91, 0x56, 0xa9,
    0x01, 0x9d, 0xc0, 0x09, 0xd0, 0x26, 0x49, 0x01, 0x9d, 0xc2, 0x09, 0x0a,
    0x0a, 0x85, 0xef, 0x0a, 0x65, 0xef, 0x48, 0x8a, 0xa8, 0xc8, 0xb1, 0xf3,
    0x69, 0x20, 0xa8, 0x68, 0xaa, 0xa9, 0x0a, 0x85, 0xef, 0xbd, 0x91, 0x85,
    0x91, 0xf0, 0xe8, 0xc8, 0xc6, 0xef, 0xd0, 0xf5, 0xa5, 0xf5, 0x18, 0x69,
    0x0b, 0x85, 0xf5, 0xa9, 0x07, 0xc6, 0xf2, 0xf0, 0x03, 0x4c, 0x15, 0xb8,
    0xc6, 0xaf, 0x4c, 0x3c, 0x92, 0xa5, 0xe2, 0xd0, 0x09, 0x84, 0xde, 0xa0,
    0x00, 0xb1, 0x30, 0xa4, 0xde, 0x60, 0x20, 0xbd, 0xb9, 0x29, 0x10, 0x4a,
    0x4a, 0x4a, 0x4a, 0x60, 0xa5, 0xe2, 0xd0, 0x08, 0xa5, 0xcb, 0xd0, 0x0a,
    0xad, 0x00, 0xd3, 0x60, 0x20, 0xbd, 0xb9, 0x29, 0x0f, 0x60, 0x84, 0xde,
    0xa4, 0xcf, 0xa9, 0x0f, 0xc0, 0xb4, 0x90, 0x02, 0x49, 0x08, 0xc0, 0x30,
    0xb0, 0x02, 0x49, 0x04, 0xa4, 0xd0, 0xc0, 0xb4, 0x90, 0x02, 0x49, 0x02,
    0xc0, 0x30, 0xb0, 0x0b, 0x49, 0x01, 0x4c, 0xc3, 0xb9, 0x84, 0xde, 0xa0,
    0x00, 0xb1, 0xe1, 0xa4, 0xde, 0x60, 0xa6, 0xd3, 0xca, 0xf0, 0x37, 0xca,
    0xf0, 0x76, 0xa5, 0xd4, 0xc9, 0xa1, 0xf0, 0x08, 0xa5, 0x9d, 0x29, 0x03,
    0xd0, 0x02, 0xe6, 0xd4, 0xa5, 0xd4, 0x18, 0x69, 0x04, 0xc5, 0x90, 0xd0,
    0x1a, 0xa5, 0x91, 0xc9, 0x8f, 0xd0, 0x14, 0xa5, 0x92, 0xc9, 0x07, 0xb0,
    0x0e, 0xa9, 0x02, 0x85, 0xa2, 0xa5, 0xd5, 0xf0, 0x06, 0xa9, 0x00, 0x85,
    0x93, 0xe6, 0xd3, 0x4c, 0x3c, 0x92, 0xa5, 0x90, 0x38, 0xe9, 0x04, 0x85,
    0xd4, 0xa5, 0xb4, 0xd0, 0xf2, 0xa5, 0xa3, 0xd0, 0xee, 0xa1, 0x30, 0x29,
    0x01, 0xd0, 0xe8, 0xa2, 0xff, 0x86, 0xa4, 0xe8, 0x86, 0xa0, 0x86, 0xa2,
    0x86, 0xa1, 0xa9, 0x02, 0x85, 0xd3, 0xa2, 0x0b, 0xa5, 0x92, 0xc9, 0x04,
    0x90, 0x01, 0xe8, 0x86, 0x92, 0xa0, 0x00, 0x98, 0x18, 0x65, 0xa4, 0x85,
    0xa4, 0xa0, 0x00, 0x91, 0x58, 0xa9, 0x8f, 0x91, 0x5a, 0x4c, 0x3c, 0x92,
    0xc6, 0x91, 0xc6, 0x91, 0xa0, 0xfe, 0xa9, 0x5d, 0xa6, 0xd5, 0xca, 0xf0,
    0x12, 0xa9, 0x33, 0xca, 0xf0, 0x0d, 0xa9, 0x09, 0xca, 0xf0, 0x08, 0xa0,
    0xfc, 0xa9, 0xdf, 0xc6, 0x91, 0xc6, 0x91, 0xc5, 0x91, 0xd0, 0xcc, 0xc9,
    0xdf, 0xd0, 0x02, 0x85, 0xd2, 0xe6, 0x91, 0xe6, 0x91, 0xa9, 0x00, 0x85,
    0xd3, 0x85, 0xd5, 0x4c, 0x3c, 0x92, 0xa5, 0xe2, 0xf0, 0x15, 0xc6, 0xdf,
    0xd0, 0x11, 0xa5, 0xe1, 0x18, 0x69, 0x02, 0x85, 0xe1, 0x90, 0x02, 0xe6,
    0xe2, 0xa0, 0x01, 0xb1, 0xe1, 0x85, 0xdf, 0xa5, 0xb7, 0xc9, 0x0a, 0xd0,
    0x03, 0x4c, 0xc6, 0xb9, 0xa6, 0xda, 0xf0, 0x25, 0xa6, 0xd9, 0xd0, 0x21,
    0xa6, 0xd6, 0xa5, 0xd7, 0xd0, 0x1e, 0xa5, 0x92, 0xc9, 0x07, 0xb0, 0x15,
    0xa5, 0xa3, 0xd0, 0x11, 0xa5, 0xb4, 0xd0, 0x0d, 0x20, 0x8a, 0xbb, 0xd0,
    0x08, 0xa2, 0x05, 0x86, 0x98, 0x86, 0xd6, 0x86, 0xd7, 0x4c, 0x3c, 0x92,
    0x20, 0x82, 0xbb, 0xd0, 0x0b, 0xa2, 0x05, 0x86, 0xd6, 0xa9, 0x00, 0xaa,
    0x81, 0x5a, 0xf0, 0xeb, 0xa0, 0x00, 0xa9, 0x4f, 0x91, 0x5a, 0xa2, 0x00,
    0x20, 0x88, 0xb9, 0x4a, 0xb0, 0x02, 0xa0, 0xff, 0x4a, 0xb0, 0x02, 0xa0,
    0x01, 0x4a, 0xb0, 0x02, 0xa2, 0xff, 0x4a, 0xb0, 0x02, 0xa2, 0x01, 0xa9,
    0x5f, 0xca, 0xe8, 0xf0, 0x02, 0xa9, 0x17, 0xc0, 0xff, 0xd0, 0x0a, 0xa5,
    0x9d, 0x29, 0x03, 0xf0, 0x02, 0xa0, 0x00, 0xa9, 0x1a, 0xc0, 0x01, 0xd0,
    0x02, 0xa9, 0x17, 0x84, 0xde, 0xa0, 0x00, 0x91, 0x58, 0xa5, 0x9d, 0x29,
    0x01, 0xd0, 0x60, 0x8a, 0x18, 0x65, 0xda, 0xc9, 0x67, 0xf0, 0x12, 0xc9,
    0x9b, 0xf0, 0x0e, 0x85, 0xda, 0x8a, 0x18, 0x65, 0x90, 0x85, 0x90, 0x91,
    0x10, 0x91, 0x12, 0x91, 0x14, 0xa4, 0xde, 0xf0, 0x42, 0x98, 0x18, 0x65,
    0xdb, 0xc9, 0x59, 0xf0, 0x3a, 0xc9, 0xb3, 0xf0, 0x36, 0x85, 0xdb, 0xa5,
    0xde, 0x18, 0x65, 0x91, 0x85, 0x91, 0xa6, 0xd8, 0x88, 0xd0, 0x09, 0xe8,
    0xe0, 0x07, 0xd0, 0x09, 0xa2, 0x00, 0xf0, 0x05, 0xca, 0x10, 0x02, 0xa2,
    0x06, 0x86, 0xd8, 0xa4, 0xdb, 0xa9, 0x00, 0x99, 0x1f, 0x07, 0xa9, 0xff,
    0x99, 0x20, 0x07, 0x99, 0x21, 0x07, 0xbd, 0x90, 0xa6, 0x99, 0x22, 0x07,
    0x20, 0xe1, 0xa0, 0x4c, 0x3c, 0x92, 0xa0, 0x00, 0xb1, 0x30, 0x29, 0x01,
    0xf0, 0x0a, 0xa5, 0xe0, 0xc9, 0x21, 0xd0, 0x09, 0xa9, 0xff, 0x85, 0xe0,
    0xca, 0xe8, 0xd0, 0x05, 0x60, 0xca, 0x10, 0x03, 0x60, 0xa2, 0x05, 0x86,
    0xd6, 0xe8, 0x60, 0xa0, 0x00, 0xb1, 0x50, 0x85, 0xcf, 0xb1, 0x52, 0x85,
    0xd0, 0x91, 0x66, 0x60, 0x20, 0x18, 0x92, 0xe6, 0x9d, 0xa9, 0x20, 0x8d,
    0x03, 0xd4, 0x8c, 0x02, 0xd4, 0xa9, 0x55, 0x91, 0x28, 0xa9, 0x84, 0xa2,
    0x06, 0x38, 0x81, 0x18, 0xe9, 0x04, 0xca, 0xca, 0xd0, 0xf8, 0xae, 0xea,
    0x20, 0xd0, 0x02, 0xa9, 0x7c, 0x91, 0x18, 0xa2, 0x3e, 0x8e, 0x00, 0xd4,
    0xa9, 0x03, 0x81, 0x0c, 0xa2, 0x04, 0x86, 0xaf, 0x20, 0xfd, 0xb6, 0x98,
    0x91, 0x26, 0x85, 0xf5, 0xa5, 0x8b, 0x91, 0x3c, 0xa5, 0x8a, 0x91, 0x44,
    0x91, 0x40, 0xa9, 0x0c, 0x91, 0x3e, 0x20, 0xa3, 0xbb, 0xa6, 0xd1, 0xf0,
    0x40, 0xa5, 0xb8, 0xc9, 0x0a, 0x90, 0x02, 0xa9, 0x09, 0x0a, 0x0a, 0x0a,
    0x0a, 0x85, 0xd1, 0xa9, 0xb0, 0xe5, 0xd1, 0x85, 0xd1, 0xa2, 0x00, 0xa0,
    0x08, 0xbd, 0xc2, 0x09, 0xc9, 0x08, 0xb0, 0x17, 0x09, 0x04, 0x9d, 0xc2,
    0x09, 0xa9, 0x01, 0x9d, 0xc9, 0x09, 0xa9, 0xc6, 0x9d, 0xc3, 0x09, 0xa5,
    0xd1, 0x9d, 0xca, 0x09, 0x9d, 0xc4, 0x09, 0x8a, 0x18, 0x69, 0x0b, 0xaa,
    0x88, 0xd0, 0xda, 0x84, 0xd1, 0xa0, 0x84, 0xa5, 0xb4, 0x05, 0xe4, 0xd0,
    0x60, 0xa5, 0xb7, 0xc9, 0x0b, 0xf0, 0x5a, 0xa5, 0xa6, 0xf0, 0x56, 0xa6,
    0xa3, 0xca, 0xe0, 0x02, 0x90, 0x4f, 0xa5, 0xf6, 0xf0, 0x4b, 0xad, 0xea,
    0x20, 0xc9, 0x11, 0xb0, 0x44, 0xae, 0xeb, 0x20, 0xe0, 0x17, 0xb0, 0x3d,
    0xa2, 0x00, 0xa1, 0x64, 0x29, 0x0a, 0x09, 0x30, 0x81, 0x36, 0xae, 0xeb,
    0x20, 0xa5, 0x9d, 0x29, 0x0f, 0xc9, 0x08, 0x90, 0x02, 0xa0, 0x00, 0x29,
    0x03, 0xd0, 0x22, 0xa5, 0xf6, 0xf0, 0x1e, 0xe0, 0x10, 0xf0, 0x1a, 0x8a,
    0xa2, 0x00, 0xc6, 0xf7, 0xd0, 0x0e, 0x38, 0xe9, 0x11, 0x0a, 0x69, 0x02,
    0x85, 0xf7, 0xa9, 0xdc, 0x81, 0x50, 0xa2, 0xad, 0x8a, 0xa2, 0x00, 0x81,
    0x52, 0x98, 0xa0, 0x00, 0x91, 0x42, 0xa5, 0xa6, 0xf0, 0x0e, 0xa5, 0xe4,
    0xf0, 0x0d, 0x20, 0x98, 0xbf, 0xa5, 0xe4, 0xf0, 0x06, 0x20, 0x8b, 0xbf,
    0x4c, 0x3c, 0x92, 0xc6, 0x8e, 0xd0, 0x0e, 0xa9, 0x1e, 0x85, 0x8e, 0xa9,
    0x01, 0x38, 0xe5, 0x8f, 0x85, 0x8f, 0x8d, 0x01, 0xd4, 0xa5, 0xb4, 0xd0,
    0x7a, 0xa9, 0x00, 0xa2, 0x04, 0x01, 0x18, 0xca, 0xca, 0x10, 0xfa, 0xa4,
    0xb7, 0x29, 0x01, 0xf0, 0x1c, 0xc0, 0x06, 0xf0, 0x1c, 0xc0, 0x08, 0xf0,
    0x18, 0xc0, 0x09, 0xd0, 0x10, 0xa5, 0x92, 0xc9, 0x0b, 0x90, 0x0e, 0xa9,
    0x20, 0x85, 0xa0, 0xa9, 0x00, 0x85, 0xa1, 0xf0, 0x04, 0xa5, 0xff, 0xf0,
    0x76, 0xa2, 0x01, 0x86, 0xb4, 0xca, 0x86, 0xd7, 0xa5, 0xb7, 0xc9, 0x0a,
    0xd0, 0x25, 0xa6, 0xd3, 0xca, 0xf0, 0x46, 0xca, 0xf0, 0x1d, 0xa5, 0xd5,
    0xf0, 0x19, 0xa5, 0x92, 0xc9, 0x07, 0xb0, 0x13, 0xa5, 0xd4, 0x18, 0x69,
    0x04, 0xc5, 0x90, 0xd0, 0x0a, 0xa5, 0x91, 0xc9, 0x7c, 0x90, 0x04, 0xc9,
    0x92, 0x90, 0x26, 0xa5, 0x92, 0xc9, 0x0b, 0xb0, 0x23, 0xc9, 0x07, 0x90,
    0x14, 0x85, 0x93, 0xc6, 0x91, 0xa2, 0x1e, 0x86, 0xa4, 0xa2, 0x32, 0x86,
    0xa2, 0xd0, 0x11, 0xa5, 0x92, 0xc9, 0x0b, 0xb0, 0x0b, 0xa5, 0xa3, 0xd0,
    0x07, 0xa5, 0x93, 0xd0, 0x03, 0x20, 0x01, 0xb5, 0xa5, 0x9d, 0x29, 0x03,
    0xd0, 0x15, 0xa2, 0x00, 0xa1, 0x64, 0x29, 0x0f, 0x81, 0x50, 0xa9, 0x8e,
    0x81, 0x52, 0xa6, 0xb4, 0xca, 0xd0, 0x02, 0xa2, 0x04, 0x86, 0xb4, 0xa5,
    0xba, 0xf0, 0x31, 0xc9, 0x0a, 0xf0, 0x2d, 0xa5, 0x9d, 0x29, 0x0f, 0xd0,
    0x0b, 0xc6, 0xba, 0xd0, 0x07, 0xa2, 0x00, 0x8a, 0x81, 0x5e, 0xf0, 0x1c,
    0xc9, 0x08, 0x90, 0x06, 0xa9, 0x00, 0xa2, 0x64, 0xd0, 0x04, 0xa9, 0x88,
    0xa2, 0x8c, 0xa0, 0x00, 0x48, 0x8a, 0x91, 0x5c, 0xa9, 0xaa, 0x91, 0x5e,
    0x68, 0x4c, 0xb6, 0xbd, 0xa9, 0x00, 0x85, 0x8a, 0xa5, 0xfe, 0xf0, 0x3c,
    0xa5, 0xf6, 0xf0, 0x38, 0xa5, 0xd7, 0xd0, 0x34, 0xa5, 0xd3, 0xc9, 0x02,
    0xd0, 0x06, 0x20, 0xe1, 0xa0, 0x4c, 0xd9, 0xbd, 0x20, 0xc4, 0xaf, 0xa5,
    0xb7, 0xc9, 0x0a, 0xd0, 0x1f, 0xa5, 0xd2, 0xd0, 0x1b, 0xa6, 0xa3, 0xd0,
    0x17, 0xa5, 0x91, 0x18, 0x69, 0x30, 0xaa, 0xa0, 0x05, 0xa9, 0x00, 0x9d,
    0x03, 0x04, 0x9d, 0x00, 0x05, 0x9d, 0x06, 0x06, 0xe8, 0x88, 0xd0, 0xf3,
    0x20, 0x2e, 0xb5, 0xa5, 0xf6, 0xf0, 0x08, 0xa4, 0xb4, 0xa5, 0x90, 0x18,
    0x79, 0xe0, 0xbf, 0xa2, 0x00, 0x81, 0x10, 0x81, 0x12, 0x81, 0x14, 0xb9,
    0xdb, 0xbf, 0x81, 0x20, 0x81, 0x22, 0x81, 0x24, 0x20, 0x25, 0xb6, 0x20,
    0x40, 0x9c, 0xa5, 0x9d, 0x29, 0x03, 0xd0, 0x0d, 0xa8, 0xa6, 0xa5, 0xf0,
    0x08, 0xca, 0x86, 0xa5, 0x8a, 0x09, 0x80, 0x91, 0x5a, 0xa5, 0xa3, 0xc9,
    0x02, 0xd0, 0x15, 0xa6, 0xba, 0xca, 0xe0, 0x09, 0x90, 0x0e, 0xa5, 0xa6,
    0xf0, 0x0a, 0xc6, 0xfc, 0xd0, 0x06, 0xa2, 0x3c, 0x86, 0xfc, 0xc6, 0xa6,
    0xa5, 0xb7, 0xc9, 0x0b, 0xd0, 0x39, 0xa5, 0x91, 0x38, 0xe9, 0x0c, 0x85,
    0x86, 0xa9, 0x1e, 0x85, 0x88, 0xa5, 0x90, 0x18, 0x69, 0x03, 0x85, 0x85,
    0xa9, 0x04, 0x85, 0x84, 0xa4, 0x86, 0xc0, 0x08, 0x90, 0x14, 0xc0, 0xbf,
    0xb0, 0x10, 0x20, 0xa7, 0x9a, 0xc9, 0x01, 0xd0, 0x09, 0xa5, 0x85, 0x38,
    0xe9, 0x30, 0xa8, 0x20, 0x81, 0x9a, 0xe6, 0x86, 0xc6, 0x88, 0xd0, 0xe0,
    0x4c, 0x7a, 0xba, 0x20, 0x49, 0xae, 0x20, 0x6e, 0xa7, 0xa5, 0xb4, 0xd0,
    0x43, 0xa6, 0xa3, 0xca, 0xe0, 0x02, 0x90, 0x3c, 0xa5, 0xf6, 0xf0, 0x3b,
    0xc6, 0xfd, 0xd0, 0x34, 0xa9, 0xb4, 0x85, 0xfd, 0xce, 0xeb, 0x20, 0xad,
    0xeb, 0x20, 0xc9, 0x10, 0xf0, 0x18, 0xb0, 0x24, 0xa9, 0x19, 0x8d, 0xeb,
    0x20, 0xce, 0xea, 0x20, 0xad, 0xea, 0x20, 0xc9, 0x10, 0xd0, 0x73, 0xa9,
    0x00, 0x8d, 0xea, 0x20, 0xf0, 0x6c, 0xae, 0xea, 0x20, 0xd0, 0x67, 0xa5,
    0xf6, 0xf0, 0x63, 0xe8, 0x86, 0xff, 0xd0, 0x5e, 0x4c, 0x36, 0xbf, 0xa8,
    0x91, 0x5a, 0x91, 0x56, 0xad, 0xea, 0x20, 0x0d, 0xeb, 0x20, 0xc9, 0x10,
    0xf0, 0x21, 0xa5, 0x9d, 0x29, 0x03, 0xf0, 0x09, 0xc9, 0x02, 0xd0, 0x42,
    0x98, 0x91, 0x5e, 0xf0, 0x3d, 0xa9, 0xaa, 0xa2, 0x04, 0x81, 0x5a, 0xa9,
    0x01, 0x20, 0xfc, 0xae, 0xa9, 0x3f, 0xaa, 0x81, 0x1d, 0xd0, 0x9d, 0xa6,
    0xba, 0xca, 0xe0, 0x09, 0x90, 0x24, 0xa6, 0xf8, 0xa9, 0x00, 0x9d, 0x27,
    0x03, 0x9d, 0x27, 0x07, 0xa9, 0x41, 0xe0, 0x62, 0xb0, 0x05, 0x9d, 0x05,
    0x20, 0x90, 0x03, 0x9d, 0x07, 0x20, 0xca, 0x86, 0xf8, 0x8a, 0xa2, 0x00,
    0x81, 0x5c, 0xa9, 0xaa, 0x81, 0x5e, 0xa5, 0xe5, 0xf0, 0x07, 0xa2, 0x05,
    0x20, 0xfc, 0xae, 0x85, 0xe5, 0x20, 0x98, 0xbf, 0xa6, 0xe4, 0xf0, 0x06,
    0x20, 0x8b, 0xbf, 0x4c, 0x3c, 0x92, 0x20, 0x5f, 0x92, 0xf0, 0x28, 0xa6,
    0xdd, 0xe0, 0x0d, 0xb0, 0x25, 0x98, 0x18, 0x69, 0x10, 0xdd, 0x0f, 0x81,
    0xf0, 0x06, 0xc5, 0x02, 0xf0, 0x15, 0xa2, 0xff, 0x85, 0x02, 0xe8, 0xbd,
    0x0f, 0x81, 0xc9, 0x09, 0xd0, 0x02, 0xe8, 0xe8, 0xc9, 0x0d, 0xd0, 0x01,
    0xe8, 0x86, 0xdd, 0x4c, 0x7a, 0xba, 0xa2, 0x00, 0xa1, 0x6e, 0x29, 0x08,
    0xd0, 0xf5, 0x84, 0xb7, 0x4c, 0x3e, 0xa2, 0xa9, 0x00, 0xa8, 0x91, 0x52,
    0xa8, 0x91, 0x56, 0x91, 0x5a, 0x91, 0x5e, 0x60, 0xa5, 0xe2, 0xd0, 0x0c,
    0xa5, 0xe0, 0xc9, 0x1c, 0xf0, 0x07, 0xa6, 0x7d, 0xf0, 0x02, 0xc6, 0x7d,
    0x60, 0xa9, 0xff, 0x85, 0xe0, 0xa0, 0x1e, 0xa6, 0x7d, 0x84, 0x7d, 0xd0,
    0xf3, 0xa9, 0x01, 0x38, 0xe5, 0xe4, 0x85, 0xe4, 0x60, 0xff, 0xff, 0xff,
    0xff, 0xff, 0xff, 0xff, 0xff, 0xff, 0xff, 0xff, 0x00, 0x00, 0xff, 0xff,
    0xff, 0x00, 0x00, 0xff, 0xff, 0x00, 0x00, 0x00, 0x01, 0x01, 0x00, 0x00,
    0x01, 0x01, 0x01, 0x00, 0x00, 0x01, 0x03, 0x01, 0x00, 0x00, 0xfc, 0xf8,
    0xfc, 0x01, 0x06, 0x03, 0x05, 0x03, 0x06, 0x02, 0x06, 0x02, 0x04, 0x01,
    0x04, 0x01, 0x05, 0x05, 0x00, 0x00, 0x00, 0x00, 0x00, 0x00, 0x28, 0xa2,
    0x00, 0xff, 0xb5, 0xa1};
