unsigned char pengo_rom[16384] = {
    0x00, 0x00, 0x00, 0x00, 0x00, 0x00, 0x00, 0x00, 0x3f, 0xc0, 0xcf, 0xcc,
    0xcc, 0xcf, 0xc0, 0x3f, 0xfc, 0x03, 0xf3, 0x03, 0x03, 0xf3, 0x03, 0xfc,
    0x0f, 0x30, 0xc3, 0xc3, 0xc3, 0xc3, 0x30, 0x0f, 0xf0, 0x0c, 0xc3, 0x03,
    0x03, 0xc3, 0x0c, 0xf0, 0x00, 0x00, 0x00, 0x00, 0x28, 0x28, 0x28, 0x00,
    0x00, 0x00, 0x00, 0xaa, 0x82, 0x82, 0x82, 0xaa, 0x00, 0x28, 0x28, 0x28,
    0x00, 0x00, 0x00, 0x00, 0xaa, 0x82, 0x82, 0x82, 0xaa, 0x00, 0x00, 0x00,
    0x00, 0xff, 0x0c, 0x0c, 0x0c, 0x0c, 0x0c, 0x00, 0x00, 0xc3, 0x03, 0x03,
    0x03, 0x03, 0x03, 0x00, 0x00, 0x03, 0xcf, 0x33, 0x03, 0x03, 0x03, 0x00,
    0x00, 0x00, 0x00, 0x00, 0x00, 0x00, 0x00, 0x00, 0x00, 0x00, 0x00, 0x00,
    0x00, 0x00, 0x00, 0x00, 0x00, 0x00, 0x00, 0x00, 0x00, 0x00, 0x00, 0x30,
    0x00, 0x00, 0x00, 0x00, 0x00, 0x00, 0x00, 0x00, 0x00, 0x0c, 0x33, 0x33,
    0x33, 0x33, 0x33, 0x0c, 0x00, 0x0c, 0x3c, 0x0c, 0x0c, 0x0c, 0x0c, 0x3f,
    0x00, 0x0c, 0x33, 0x03, 0x0c, 0x30, 0x30, 0x3f, 0x00, 0x0c, 0x33, 0x03,
    0x0c, 0x03, 0x33, 0x0c, 0x00, 0x03, 0x0f, 0x33, 0x33, 0x3f, 0x03, 0x03,
    0x00, 0x3f, 0x30, 0x3f, 0x33, 0x03, 0x33, 0x0c, 0x00, 0x0c, 0x33, 0x30,
    0x3f, 0x33, 0x33, 0x0c, 0x00, 0x3f, 0x33, 0x03, 0x03, 0x0c, 0x0c, 0x0c,
    0x00, 0x0c, 0x33, 0x33, 0x0c, 0x33, 0x33, 0x0c, 0x00, 0x0c, 0x33, 0x33,
    0x3f, 0x03, 0x0c, 0x3c, 0x00, 0x00, 0x00, 0x00, 0x00, 0x00, 0x00, 0x00,
    0x00, 0xff, 0xc3, 0xc3, 0xc3, 0xfc, 0xcf, 0xc3, 0x00, 0x0f, 0x0c, 0x0c,
    0x0c, 0x0c, 0x0c, 0xcf, 0x00, 0xc0, 0x30, 0x30, 0x30, 0x30, 0x30, 0xc0,
    0x33, 0x33, 0x33, 0x33, 0x33, 0x33, 0x33, 0xf3, 0x0c, 0xcc, 0xcc, 0xcc,
    0x3c, 0x3c, 0x0c, 0x0c, 0xfc, 0xcc, 0xcc, 0xcc, 0xcc, 0xcc, 0xff, 0xfc,
    0x00, 0x0c, 0x3f, 0x33, 0x33, 0x3f, 0x33, 0x33, 0x00, 0x3c, 0x33, 0x3c,
    0x33, 0x33, 0x33, 0x3c, 0x00, 0x0c, 0x33, 0x30, 0x30, 0x30, 0x33, 0x0c,
    0x00, 0x3c, 0x33, 0x33, 0x33, 0x33, 0x33, 0x3c, 0x00, 0x3f, 0x30, 0x3c,
    0x30, 0x30, 0x30, 0x3f, 0x00, 0x3f, 0x30, 0x3c, 0x30, 0x30, 0x30, 0x30,
    0x00, 0x0f, 0x33, 0x30, 0x30, 0x33, 0x33, 0x0f, 0x00, 0x33, 0x33, 0x3f,
    0x33, 0x33, 0x33, 0x33, 0x00, 0x30, 0x30, 0x30, 0x30, 0x30, 0x30, 0x30,
    0x00, 0x03, 0x03, 0x03, 0x03, 0x33, 0x33, 0x0c, 0x00, 0x33, 0x33, 0x33,
    0x3c, 0x33, 0x33, 0x33, 0x00, 0x30, 0x30, 0x30, 0x30, 0x30, 0x30, 0x3f,
    0x00, 0x33, 0x33, 0x3f, 0x3f, 0x33, 0x33, 0x33, 0x00, 0x33, 0x3f, 0x33,
    0x33, 0x33, 0x33, 0x33, 0x00, 0x3c, 0x33, 0x33, 0x33, 0x33, 0x33, 0x0f,
    0x00, 0x3c, 0x33, 0x33, 0x33, 0x3c, 0x30, 0x30, 0x00, 0x0c, 0x33, 0x33,
    0x33, 0x33, 0x3c, 0x0f, 0x00, 0x3c, 0x33, 0x33, 0x33, 0x3c, 0x33, 0x33,
    0x00, 0x0c, 0x33, 0x30, 0x0c, 0x03, 0x33, 0x0c, 0x00, 0x3f, 0x0c, 0x0c,
    0x0c, 0x0c, 0x0c, 0x0c, 0x00, 0x33, 0x33, 0x33, 0x33, 0x33, 0x33, 0x0c,
    0x00, 0x33, 0x33, 0x33, 0x33, 0x33, 0x3f, 0x0c, 0x00, 0x33, 0x33, 0x3f,
    0x3f, 0x3f, 0x33, 0x33, 0x00, 0x33, 0x33, 0x33, 0x0c, 0x33, 0x33, 0x33,
    0x00, 0x33, 0x33, 0x33, 0x0c, 0x0c, 0x0c, 0x0c, 0x00, 0x3f, 0x03, 0x0c,
    0x0c, 0x30, 0x30, 0x3f, 0x00, 0x00, 0x00, 0x22, 0x88, 0x22, 0x88, 0x22,
    0x00, 0x00, 0x22, 0x88, 0x22, 0x88, 0x22, 0x00, 0x00, 0x00, 0x00, 0x00,
    0x08, 0x2a, 0x08, 0x22, 0x88, 0x22, 0x88, 0x22, 0x88, 0x00, 0x00, 0x00,
    0x00, 0x88, 0x22, 0x88, 0x22, 0x88, 0x00, 0x00, 0x08, 0x2f, 0x08, 0x22,
    0x00, 0x00, 0x00, 0x00, 0x0a, 0xea, 0xe2, 0xaa, 0x2f, 0x0f, 0x08, 0x3c,
    0x80, 0xa0, 0x20, 0xac, 0xe0, 0xcc, 0xbc, 0xf0, 0x02, 0x0a, 0x08, 0x3a,
    0x27, 0x33, 0x03, 0x0f, 0xa0, 0xa8, 0x88, 0xaa, 0xfa, 0xf3, 0x30, 0x3f,
    0x00, 0x0a, 0x2a, 0x28, 0x23, 0x2b, 0x1a, 0xfa, 0x00, 0x8c, 0xac, 0xa8,
    0xeb, 0xfb, 0xfc, 0xec, 0x05, 0x15, 0x5d, 0x75, 0x55, 0x55, 0x16, 0x05,
    0x40, 0x50, 0x54, 0x54, 0x68, 0xa4, 0x90, 0x40, 0x15, 0x77, 0x44, 0x55,
    0x55, 0x55, 0x33, 0xf3, 0x08, 0x4a, 0x4a, 0x48, 0x78, 0x48, 0x08, 0xc8,
    0x48, 0x8a, 0x48, 0x98, 0x48, 0xa5, 0x18, 0x30, 0x45, 0xa9, 0x0c, 0x8d,
    0x18, 0xd0, 0xa0, 0x08, 0x8d, 0x0a, 0xd4, 0x88, 0x10, 0xfa, 0xa5, 0x43,
    0x29, 0x10, 0xf0, 0x2d, 0xa5, 0x13, 0x29, 0x0f, 0xc9, 0x0a, 0xb0, 0x0f,
    0xc9, 0x05, 0xb0, 0x16, 0xa9, 0x34, 0x8d, 0x19, 0xd0, 0x8d, 0x17, 0xd0,
    0x4c, 0xa6, 0x82, 0xa9, 0xc8, 0x8d, 0x19, 0xd0, 0x8d, 0x17, 0xd0, 0x4c,
    0xa6, 0x82, 0xa9, 0x76, 0x8d, 0x19, 0xd0, 0x8d, 0x17, 0xd0, 0x4c, 0xa6,
    0x82, 0xa9, 0x84, 0x8d, 0x17, 0xd0, 0xa5, 0x43, 0x29, 0x08, 0xf0, 0x03,
    0x4c, 0x3f, 0x83, 0xa9, 0x80, 0x8d, 0x09, 0xd4, 0xa5, 0x13, 0x29, 0x03,
    0x85, 0x26, 0xa9, 0xc6, 0x85, 0x28, 0xad, 0x0b, 0xd4, 0x0a, 0xaa, 0xa5,
    0x44, 0x29, 0x03, 0xf0, 0x06, 0x29, 0x01, 0xd0, 0x35, 0xf0, 0x0b, 0xe8,
    0x8e, 0x0a, 0xd4, 0xe0, 0xc6, 0x90, 0xf8, 0x4c, 0x2a, 0x83, 0xe8, 0x8e,
    0x0a, 0xd4, 0xe4, 0x28, 0xb0, 0x48, 0xa5, 0x26, 0x29, 0x02, 0xd0, 0x0d,
    0xa9, 0x33, 0x8d, 0x04, 0xd0, 0xa9, 0x35, 0x8d, 0x05, 0xd0, 0x4c, 0xda,
    0x82, 0xa9, 0x32, 0x8d, 0x04, 0xd0, 0xa9, 0x34, 0x8d, 0x05, 0xd0, 0x4c,
    0xda, 0x82, 0xe8, 0x8e, 0x0a, 0xd4, 0xe4, 0x28, 0xb0, 0x20, 0xa5, 0x26,
    0x29, 0x02, 0xd0, 0x0d, 0xa9, 0xc9, 0x8d, 0x06, 0xd0, 0xa9, 0xcb, 0x8d,
    0x07, 0xd0, 0x4c, 0x02, 0x83, 0xa9, 0xc8, 0x8d, 0x06, 0xd0, 0xa9, 0xca,
    0x8d, 0x07, 0xd0, 0x4c, 0x02, 0x83, 0xa9, 0x01, 0x85, 0x42, 0xa9, 0x00,
    0x85, 0x2f, 0xa5, 0x43, 0x30, 0x03, 0x20, 0xe9, 0xa7, 0x68, 0xa8, 0x68,
    0xaa, 0x68, 0x40, 0xa9, 0x01, 0x20, 0xdb, 0xa2, 0xa9, 0x08, 0x8d, 0x18,
    0xd0, 0x8d, 0x17, 0xd0, 0xa5, 0x3b, 0x20, 0xdb, 0xa2, 0xa9, 0x34, 0x8d,
    0x18, 0xd0, 0x8d, 0x17, 0xd0, 0xa9, 0x01, 0x20, 0xdb, 0xa2, 0xa9, 0x08,
    0x8d, 0x18, 0xd0, 0x8d, 0x17, 0xd0, 0xa9, 0x0f, 0x38, 0xe5, 0x3b, 0x20,
    0xdb, 0xa2, 0xa9, 0x0c, 0x8d, 0x18, 0xd0, 0xa9, 0x84, 0x8d, 0x17, 0xd0,
    0x4c, 0x2a, 0x83, 0x48, 0x8a, 0x48, 0x98, 0x48, 0xa5, 0x18, 0x30, 0x0a,
    0xa9, 0x0c, 0x8d, 0x18, 0xd0, 0xa9, 0x84, 0x8d, 0x17, 0xd0, 0xe6, 0x2f,
    0xa5, 0x2f, 0xc9, 0x06, 0x90, 0x03, 0x4c, 0x39, 0x83, 0x29, 0x01, 0xf0,
    0x0e, 0xa9, 0x80, 0x8d, 0x09, 0xd4, 0xa5, 0x2f, 0xc9, 0x05, 0x90, 0xee,
    0x4c, 0x2a, 0x83, 0xa9, 0xe0, 0x8d, 0x09, 0xd4, 0xa5, 0x2f, 0xc9, 0x05,
    0x90, 0xe0, 0x4c, 0x2a, 0x83, 0x78, 0xa9, 0x00, 0x8d, 0x00, 0xd4, 0x8d,
    0x2f, 0x02, 0x8d, 0x0e, 0xd4, 0x85, 0x1c, 0x8d, 0x08, 0xd2, 0x8d, 0x0c,
    0xd0, 0xa9, 0x3f, 0x85, 0x1d, 0xa2, 0x3b, 0xa8, 0x20, 0xea, 0xa1, 0xa9,
    0xe0, 0x8d, 0x22, 0x02, 0xa9, 0x86, 0x8d, 0x23, 0x02, 0xa9, 0x9d, 0x8d,
    0x08, 0x02, 0xa9, 0x86, 0x8d, 0x09, 0x02, 0xa2, 0x08, 0xbd, 0x64, 0xa9,
    0x9d, 0xc0, 0x02, 0xca, 0x10, 0xf7, 0xa2, 0x0e, 0xbd, 0xe8, 0xa8, 0x9d,
    0x00, 0x06, 0xca, 0x10, 0xf7, 0xa9, 0x0e, 0xa2, 0x55, 0x9d, 0x0f, 0x06,
    0xca, 0x10, 0xfa, 0xa2, 0x02, 0xbd, 0x22, 0xa9, 0x9d, 0x64, 0x06, 0xca,
    0x10, 0xf7, 0xa9, 0x0e, 0xa2, 0x59, 0x9d, 0x67, 0x06, 0xca, 0x10, 0xfa,
    0xa2, 0x08, 0xbd, 0x19, 0xa9, 0x9d, 0xb1, 0x06, 0xca, 0x10, 0xf7, 0xa9,
    0x08, 0x8d, 0x07, 0xd4, 0xa9, 0x38, 0x8d, 0x1b, 0xd0, 0xa9, 0x3e, 0x8d,
    0x2f, 0x02, 0xa9, 0xe0, 0x8d, 0x0e, 0xd4, 0xa9, 0x40, 0x85, 0x10, 0x8d,
    0x0e, 0xd2, 0xa9, 0x03, 0x8d, 0x0f, 0xd2, 0xa2, 0xad, 0xa9, 0x00, 0x95,
    0x1c, 0xca, 0x10, 0xfb, 0xa0, 0x3f, 0x84, 0x32, 0xa9, 0x2c, 0x85, 0x41,
    0x20, 0xf7, 0xa1, 0x20, 0x54, 0xa4, 0x20, 0x6d, 0xa4, 0x20, 0x86, 0xa4,
    0x20, 0x4c, 0xa5, 0x78, 0xa9, 0x00, 0x85, 0x40, 0x8d, 0x2f, 0x02, 0x8d,
    0x1d, 0xd0, 0x85, 0x1c, 0x85, 0x2f, 0xaa, 0x20, 0x74, 0xa3, 0xa2, 0x07,
    0x20, 0x74, 0xa3, 0xa9, 0x25, 0x8d, 0x30, 0x02, 0xa9, 0xa9, 0x8d, 0x31,
    0x02, 0xa9, 0x83, 0x8d, 0x01, 0x02, 0xa9, 0x7b, 0x8d, 0x00, 0x02, 0x58,
    0xa9, 0x31, 0x85, 0x1d, 0xa0, 0x00, 0xa2, 0x22, 0x20, 0xea, 0xa1, 0xa9,
    0x3e, 0x8d, 0x2f, 0x02, 0xa9, 0x03, 0x8d, 0x1d, 0xd0, 0xa9, 0x00, 0x8d,
    0x02, 0xd3, 0x8d, 0x00, 0xd3, 0xa9, 0x04, 0x8d, 0x02, 0xd3, 0xa9, 0x09,
    0x8d, 0x30, 0x09, 0xa9, 0x0a, 0x8d, 0x31, 0x09, 0xa9, 0x0b, 0x8d, 0x32,
    0x09, 0xa2, 0x04, 0xa5, 0x43, 0x29, 0x04, 0xf0, 0x05, 0xa0, 0x2d, 0x4c,
    0xd8, 0x84, 0xa0, 0x3b, 0xa9, 0x0d, 0x85, 0x22, 0x20, 0x2c, 0xa2, 0xa2,
    0x18, 0xa5, 0x43, 0x29, 0x03, 0xa8, 0xb9, 0x5e, 0xa9, 0xa8, 0xa9, 0x0e,
    0x85, 0x22, 0x20, 0x2c, 0xa2, 0xa0, 0x0c, 0xb9, 0x18, 0xab, 0x99, 0xdf,
    0x08, 0x88, 0x10, 0xf7, 0xa9, 0x00, 0x85, 0x30, 0xa9, 0x0f, 0x85, 0x54,
    0x85, 0x55, 0x20, 0xde, 0xa7, 0xa9, 0x13, 0xa2, 0x00, 0x20, 0xa3, 0xa8,
    0x4c, 0x97, 0x85, 0x78, 0xa9, 0x00, 0x8d, 0x30, 0x02, 0xa9, 0x06, 0x8d,
    0x31, 0x02, 0xa9, 0x82, 0x8d, 0x01, 0x02, 0xa9, 0x58, 0x8d, 0x00, 0x02,
    0x58, 0xa5, 0x43, 0x29, 0x07, 0x85, 0x43, 0xa9, 0x00, 0xa2, 0x0b, 0x9d,
    0x38, 0x08, 0xca, 0x10, 0xfa, 0x8d, 0x18, 0x31, 0x8d, 0x19, 0x31, 0x85,
    0x18, 0xaa, 0x20, 0x74, 0xa3, 0xa2, 0x06, 0x20, 0x74, 0xa3, 0xa2, 0x07,
    0x20, 0x74, 0xa3, 0xa9, 0x11, 0x8d, 0x01, 0x08, 0xa9, 0x30, 0x8d, 0x02,
    0x08, 0xa9, 0x28, 0x8d, 0x0e, 0x08, 0xa9, 0x29, 0x8d, 0x0f, 0x08, 0xa9,
    0x12, 0x8d, 0x1d, 0x08, 0xa9, 0x30, 0x8d, 0x1e, 0x08, 0x20, 0x58, 0xa5,
    0xa5, 0x43, 0x29, 0x03, 0xa8, 0xb9, 0x61, 0xa9, 0x85, 0x56, 0x85, 0x57,
    0xa9, 0x40, 0x85, 0x30, 0xa5, 0x43, 0x29, 0x04, 0xf0, 0x07, 0xa2, 0x01,
    0x86, 0x40, 0x20, 0x89, 0x88, 0xa2, 0x00, 0x86, 0x40, 0x20, 0x89, 0x88,
    0x20, 0xde, 0xa7, 0xa9, 0x05, 0x85, 0x1d, 0xa9, 0x00, 0x85, 0x1c, 0xa8,
    0xa2, 0x02, 0x20, 0xea, 0xa1, 0x20, 0xe0, 0xa1, 0x20, 0x9b, 0xa3, 0x20,
    0x8c, 0xa3, 0xa9, 0x34, 0x8d, 0x04, 0xd0, 0xa9, 0x36, 0x8d, 0x05, 0xd0,
    0xa9, 0xc8, 0x8d, 0x06, 0xd0, 0xa9, 0xca, 0x8d, 0x07, 0xd0, 0xa9, 0x01,
    0x85, 0x3f, 0x85, 0x3e, 0xa5, 0x43, 0x29, 0x07, 0x85, 0x43, 0xa5, 0x30,
    0x29, 0x40, 0xf0, 0x48, 0xa2, 0x0f, 0xa9, 0x00, 0x95, 0x78, 0xca, 0x10,
    0xfb, 0x20, 0x23, 0x89, 0x20, 0xd1, 0xa1, 0xa9, 0x3e, 0x8d, 0x2f, 0x02,
    0xa9, 0x03, 0x8d, 0x1d, 0xd0, 0x20, 0x0d, 0x8a, 0x20, 0x14, 0xa3, 0x20,
    0x39, 0xa3, 0xa2, 0x06, 0x20, 0x74, 0xa3, 0xa2, 0x07, 0x20, 0x74, 0xa3,
    0x20, 0x3b, 0xa2, 0xa0, 0x59, 0xa2, 0x10, 0xa9, 0x04, 0x85, 0x22, 0x20,
    0x53, 0xa2, 0x20, 0x13, 0xa4, 0xa9, 0x00, 0x20, 0xc4, 0xa2, 0x20, 0x27,
    0xa4, 0x20, 0x65, 0x9d, 0xa9, 0x03, 0x8d, 0x1d, 0xd0, 0xa9, 0x3e, 0x8d,
    0x2f, 0x02, 0xa5, 0x43, 0x29, 0x67, 0x85, 0x43, 0xa5, 0x30, 0x29, 0xc0,
    0x85, 0x30, 0xa9, 0x00, 0x85, 0x42, 0xa5, 0x42, 0xf0, 0xfc, 0xa5, 0x30,
    0x29, 0x40, 0xf0, 0x2f, 0xa5, 0x43, 0x29, 0xc0, 0xd0, 0x29, 0xa5, 0x43,
    0x29, 0x10, 0xd0, 0x1a, 0xe6, 0x52, 0xd0, 0x02, 0xe6, 0x53, 0x20, 0x18,
    0x88, 0xa5, 0x52, 0x29, 0x03, 0xd0, 0x0e, 0xa6, 0x40, 0x20, 0x1a, 0x9e,
    0x20, 0x9c, 0xa0, 0x4c, 0x6c, 0x86, 0x20, 0x9f, 0xa4, 0x20, 0x1a, 0x8b,
    0x20, 0x27, 0x92, 0x20, 0x5c, 0x87, 0xa9, 0x07, 0x25, 0x30, 0xd0, 0x04,
    0xa9, 0x38, 0x25, 0x30, 0xa2, 0x00, 0xa0, 0x05, 0x18, 0x4a, 0xb0, 0x05,
    0xe8, 0xe8, 0x88, 0x10, 0xf8, 0xbd, 0xd8, 0xa8, 0x85, 0x1a, 0xe8, 0xbd,
    0xd8, 0xa8, 0x85, 0x1b, 0xa9, 0xc0, 0x25, 0x30, 0x85, 0x30, 0x6c, 0x1a,
    0x00, 0x8a, 0x48, 0x98, 0x48, 0xad, 0x09, 0xd2, 0xa2, 0x00, 0xa8, 0xa5,
    0x38, 0x86, 0x38, 0xc9, 0x07, 0x90, 0x07, 0x98, 0x85, 0x54, 0xa9, 0x00,
    0x85, 0x18, 0x4c, 0x56, 0x87, 0x4c, 0x56, 0x87, 0x2c, 0x0f, 0xd4, 0x8d,
    0x0f, 0xd4, 0x30, 0x05, 0x70, 0x1a, 0x4c, 0xcc, 0x86, 0x6c, 0x00, 0x02,
    0x48, 0x8a, 0x48, 0x98, 0x48, 0xa5, 0x43, 0x29, 0xc0, 0xf0, 0x7f, 0xa9,
    0x02, 0x05, 0x30, 0x85, 0x30, 0x4c, 0x56, 0x87, 0xe6, 0x13, 0xd0, 0x04,
    0xe6, 0x18, 0xe6, 0x12, 0xea, 0xea, 0xea, 0xea, 0xad, 0x31, 0x02, 0x8d,
    0x03, 0xd4, 0xad, 0x30, 0x02, 0x8d, 0x02, 0xd4, 0xad, 0x2f, 0x02, 0x8d,
    0x00, 0xd4, 0xa4, 0x18, 0x10, 0x04, 0xa0, 0x80, 0x84, 0x18, 0xa2, 0x08,
    0xbd, 0xc0, 0x02, 0xc0, 0x80, 0x90, 0x04, 0x45, 0x12, 0x29, 0xf6, 0x9d,
    0x12, 0xd0, 0xca, 0x10, 0xef, 0xa2, 0x07, 0xb5, 0xd1, 0xf0, 0x10, 0xb5,
    0xc0, 0x95, 0xa0, 0xb5, 0xc1, 0x95, 0xa1, 0xa9, 0x00, 0x95, 0xb0, 0x95,
    0xb1, 0x95, 0xd1, 0xca, 0x10, 0xe9, 0xa5, 0x37, 0x30, 0x02, 0xe6, 0x37,
    0xa5, 0x38, 0x30, 0x02, 0xe6, 0x38, 0xa9, 0x34, 0x8d, 0x04, 0xd0, 0xa9,
    0x36, 0x8d, 0x05, 0xd0, 0xa9, 0xc8, 0x8d, 0x06, 0xd0, 0xa9, 0xca, 0x8d,
    0x07, 0xd0, 0xa9, 0x00, 0x85, 0x2f, 0x68, 0xa8, 0x68, 0xaa, 0x68, 0x40,
    0xa6, 0x40, 0xa4, 0x54, 0xc0, 0xff, 0xd0, 0x03, 0x4c, 0x8f, 0x87, 0xa5,
    0x30, 0x29, 0x40, 0xf0, 0x22, 0xa0, 0x72, 0xa5, 0x43, 0x49, 0x80, 0x85,
    0x43, 0x10, 0x0c, 0xa0, 0x07, 0xa9, 0x00, 0x99, 0x00, 0xd2, 0x88, 0x10,
    0xfa, 0xa0, 0x67, 0xa9, 0x0a, 0x85, 0x22, 0xa2, 0x10, 0x20, 0x1d, 0xa2,
    0x4c, 0x03, 0x88, 0xa5, 0x30, 0x29, 0x40, 0xf0, 0x06, 0xa5, 0x43, 0x29,
    0xc0, 0xf0, 0x23, 0xad, 0x1f, 0xd0, 0x29, 0x07, 0xc9, 0x07, 0xb0, 0x17,
    0xa0, 0x00, 0xa5, 0x37, 0x84, 0x37, 0xc9, 0x08, 0x90, 0x0d, 0xad, 0x1f,
    0xd0, 0x29, 0x01, 0xd0, 0x09, 0xa9, 0x01, 0x05, 0x30, 0x85, 0x30, 0x4c,
    0x03, 0x88, 0xa5, 0x30, 0x29, 0x40, 0xd0, 0x39, 0xad, 0x1f, 0xd0, 0x29,
    0x02, 0xd0, 0x09, 0xa5, 0x43, 0x49, 0x04, 0x85, 0x43, 0x4c, 0xf4, 0x87,
    0xad, 0x1f, 0xd0, 0x29, 0x04, 0xd0, 0x1f, 0xa5, 0x43, 0x29, 0x03, 0x18,
    0x69, 0x01, 0x29, 0x03, 0xc9, 0x03, 0x90, 0x02, 0xa9, 0x00, 0x85, 0x22,
    0xa5, 0x43, 0x29, 0xfc, 0x05, 0x22, 0x85, 0x43, 0xa5, 0x30, 0x09, 0x02,
    0x85, 0x30, 0x4c, 0x03, 0x88, 0xa5, 0x30, 0x29, 0x40, 0xf0, 0x00, 0xa9,
    0xff, 0xa6, 0x40, 0x85, 0x54, 0xb5, 0x58, 0x29, 0x10, 0xd0, 0x01, 0x60,
    0xb5, 0x58, 0x29, 0xef, 0x95, 0x58, 0x60, 0x60, 0xad, 0x00, 0xd3, 0x49,
    0xff, 0xa6, 0x40, 0xd0, 0x05, 0x29, 0x0f, 0x4c, 0x2c, 0x88, 0x29, 0xf0,
    0x4a, 0x4a, 0x4a, 0x4a, 0x29, 0x0f, 0xf0, 0x2c, 0x29, 0x07, 0xf0, 0x1d,
    0x29, 0x03, 0xf0, 0x12, 0x29, 0x01, 0xf0, 0x07, 0xa9, 0xfe, 0x95, 0x6a,
    0x4c, 0x60, 0x88, 0xa9, 0x02, 0x95, 0x6a, 0x4c, 0x60, 0x88, 0xa9, 0xfe,
    0x95, 0x68, 0x4c, 0x55, 0x88, 0xa9, 0x02, 0x95, 0x68, 0xa9, 0x00, 0x95,
    0x6a, 0x4c, 0x64, 0x88, 0xa9, 0x00, 0x95, 0x6a, 0xa9, 0x00, 0x95, 0x68,
    0xbd, 0x10, 0xd0, 0x29, 0x01, 0xd0, 0x0f, 0xb5, 0x58, 0x2c, 0x94, 0x85,
    0xd0, 0x08, 0x09, 0x10, 0x95, 0x58, 0xa9, 0x02, 0x95, 0x5e, 0xa9, 0x03,
    0x2d, 0x1d, 0xd0, 0x8d, 0x1d, 0xd0, 0x09, 0x04, 0x8d, 0x1d, 0xd0, 0x60,
    0x60, 0xa6, 0x40, 0xa9, 0x00, 0x9d, 0xb7, 0x36, 0x9d, 0xb9, 0x36, 0x9d,
    0xbb, 0x36, 0xb5, 0x58, 0x29, 0x80, 0x95, 0x58, 0xf8, 0xbd, 0x18, 0x31,
    0x18, 0x69, 0x01, 0x9d, 0x18, 0x31, 0xd8, 0x8a, 0xd0, 0x0b, 0xa9, 0x1c,
    0x85, 0x1c, 0xa9, 0x31, 0x85, 0x1d, 0x4c, 0xbd, 0x88, 0xa9, 0xb4, 0x85,
    0x1c, 0xa9, 0x31, 0x85, 0x1d, 0xa0, 0x00, 0xa9, 0x98, 0x85, 0x22, 0xa9,
    0x00, 0x91, 0x1c, 0xc8, 0xc6, 0x22, 0xd0, 0xf9, 0xa6, 0x40, 0xbd, 0x18,
    0x31, 0x29, 0x07, 0xaa, 0x0a, 0xa8, 0xb9, 0xcd, 0xb9, 0x85, 0x1e, 0xc8,
    0xb9, 0xcd, 0xb9, 0x85, 0x1f, 0xbd, 0xc5, 0xb9, 0xa6, 0x40, 0x9d, 0x1a,
    0x31, 0xa8, 0x8a, 0xd0, 0x13, 0xa9, 0x5c, 0x85, 0x20, 0xa9, 0x31, 0x85,
    0x21, 0xa9, 0x1c, 0x85, 0x22, 0xa9, 0x31, 0x85, 0x23, 0x4c, 0x10, 0x89,
    0xa9, 0xf4, 0x85, 0x20, 0xa9, 0x31, 0x85, 0x21, 0xa9, 0xb4, 0x85, 0x22,
    0xa9, 0x31, 0x85, 0x23, 0xb1, 0x1e, 0x48, 0x29, 0x7f, 0x91, 0x20, 0x68,
    0x29, 0x80, 0x91, 0x22, 0x88, 0x10, 0xf1, 0x4c, 0xc5, 0x8d, 0x60, 0xa6,
    0x40, 0xbd, 0x1a, 0x31, 0x85, 0x4c, 0xa9, 0x98, 0x85, 0x24, 0xa0, 0x00,
    0x8a, 0xd0, 0x0b, 0xa9, 0x1c, 0x85, 0x22, 0xa9, 0x31, 0x85, 0x23, 0x4c,
    0x46, 0x89, 0xa9, 0xb4, 0x85, 0x22, 0xa9, 0x31, 0x85, 0x23, 0xb1, 0x22,
    0x99, 0x00, 0x03, 0xc8, 0xc6, 0x24, 0xd0, 0xf6, 0xbd, 0x18, 0x31, 0x85,
    0x3a, 0x38, 0xe9, 0x01, 0x29, 0x03, 0xa8, 0xb9, 0x6d, 0xa9, 0x8d, 0xc4,
    0x02, 0xa9, 0x60, 0x85, 0x36, 0xa9, 0xff, 0x85, 0x35, 0x60, 0xa9, 0x3f,
    0x85, 0x24, 0xa6, 0x24, 0xbd, 0x00, 0x03, 0x29, 0x40, 0xd0, 0x0a, 0xbd,
    0x00, 0x03, 0x29, 0x20, 0xf0, 0x40, 0x4c, 0xd1, 0x89, 0xbd, 0x00, 0x03,
    0x29, 0x0f, 0xa8, 0xbd, 0x00, 0x03, 0x29, 0x20, 0xf0, 0x16, 0xbd, 0x98,
    0x03, 0x10, 0x03, 0x4c, 0xc9, 0x89, 0xb9, 0x8c, 0x03, 0x29, 0x33, 0xd0,
    0x2c, 0xa9, 0x20, 0x99, 0x80, 0x03, 0xd0, 0x0f, 0xb9, 0x80, 0x03, 0x29,
    0x30, 0x99, 0x80, 0x03, 0xb9, 0x8c, 0x03, 0x29, 0x33, 0xd0, 0x16, 0xbd,
    0x00, 0x03, 0x29, 0x4f, 0x9d, 0x00, 0x03, 0x4c, 0xdb, 0x89, 0xbd, 0x00,
    0x03, 0x29, 0x80, 0x9d, 0x00, 0x03, 0x4c, 0xdb, 0x89, 0xa9, 0x00, 0x99,
    0x80, 0x03, 0x99, 0x8c, 0x03, 0xa9, 0xff, 0x9d, 0x40, 0x03, 0xa9, 0x00,
    0x9d, 0x00, 0x03, 0xc6, 0x24, 0x10, 0x8f, 0xa9, 0x98, 0x85, 0x24, 0xa0,
    0x00, 0xa6, 0x40, 0xd0, 0x0b, 0xa9, 0x1c, 0x85, 0x1e, 0xa9, 0x31, 0x85,
    0x1f, 0x4c, 0xfc, 0x89, 0xa9, 0xb4, 0x85, 0x1e, 0xa9, 0x31, 0x85, 0x1f,
    0xb9, 0x00, 0x03, 0x91, 0x1e, 0xc8, 0xc6, 0x24, 0xd0, 0xf6, 0xa5, 0x30,
    0x09, 0x10, 0x85, 0x30, 0x60, 0xa9, 0x00, 0x85, 0x75, 0x85, 0x76, 0x85,
    0x77, 0xa2, 0x77, 0x9d, 0x7c, 0x05, 0xca, 0x10, 0xfa, 0xa9, 0x02, 0x85,
    0x24, 0xa6, 0x4c, 0xbd, 0x00, 0x03, 0x29, 0x40, 0xf0, 0x21, 0xbd, 0x00,
    0x03, 0x29, 0x0f, 0xa8, 0x8a, 0x99, 0x58, 0x05, 0xb9, 0x80, 0x03, 0x29,
    0x10, 0xf0, 0x0d, 0xbc, 0x40, 0x03, 0xc0, 0xff, 0xf0, 0x33, 0x8a, 0x09,
    0x80, 0x99, 0x7c, 0x05, 0x4c, 0x75, 0x8a, 0xbc, 0x40, 0x03, 0xc0, 0xff,
    0xf0, 0x23, 0x8a, 0x09, 0x80, 0x99, 0x7c, 0x05, 0xbd, 0x00, 0x03, 0x29,
    0x80, 0xf0, 0x0e, 0xa5, 0x24, 0xa8, 0x8a, 0x99, 0x72, 0x00, 0xa9, 0x2a,
    0xc6, 0x24, 0x4c, 0x6f, 0x8a, 0xa9, 0x00, 0x9d, 0xd8, 0x04, 0x20, 0xf2,
    0x8a, 0xca, 0x30, 0x03, 0x4c, 0x23, 0x8a, 0xa9, 0x00, 0x85, 0x51, 0x85,
    0x25, 0xa0, 0x0b, 0x84, 0x23, 0xa4, 0x23, 0xb9, 0x80, 0x03, 0x29, 0xf0,
    0xf0, 0x5f, 0xbe, 0x58, 0x05, 0xb9, 0x80, 0x03, 0x29, 0x20, 0xd0, 0x0e,
    0xbc, 0x40, 0x03, 0x8a, 0x09, 0x80, 0x99, 0x7c, 0x05, 0xa9, 0x2c, 0x4c,
    0xdd, 0x8a, 0xb9, 0x80, 0x03, 0x29, 0xe0, 0x99, 0x80, 0x03, 0xa5, 0x25,
    0x0a, 0x0a, 0x85, 0x22, 0xa6, 0x22, 0xbd, 0x0a, 0x8b, 0xaa, 0xbd, 0x7c,
    0x05, 0xf0, 0x05, 0xe6, 0x22, 0x4c, 0xb4, 0x8a, 0x86, 0x22, 0xbe, 0x58,
    0x05, 0xa5, 0x22, 0x9d, 0x40, 0x03, 0xe6, 0x25, 0xb9, 0x8c, 0x03, 0x29,
    0x04, 0xf0, 0x04, 0xa9, 0x10, 0xd0, 0x02, 0xa9, 0x0f, 0xe6, 0x51, 0x9d,
    0xd8, 0x04, 0x8a, 0x48, 0xa8, 0x20, 0x60, 0xa2, 0x68, 0xaa, 0x20, 0xf2,
    0x8a, 0xc6, 0x23, 0x10, 0x94, 0x60, 0xbc, 0x40, 0x03, 0xb9, 0x00, 0x35,
    0x9d, 0xd8, 0x03, 0x9d, 0x58, 0x04, 0xb9, 0x78, 0x35, 0x9d, 0x18, 0x04,
    0x9d, 0x98, 0x04, 0x4c, 0xda, 0x9a, 0x00, 0x01, 0x0d, 0x0c, 0x77, 0x76,
    0x6b, 0x6a, 0x0b, 0x0a, 0x16, 0x17, 0x6c, 0x60, 0x61, 0x6d, 0xa5, 0x30,
    0x29, 0x40, 0xd0, 0x01, 0x60, 0xe6, 0x39, 0xa4, 0x39, 0xc0, 0x10, 0x90,
    0x11, 0x20, 0x96, 0xa5, 0x20, 0x14, 0xa3, 0x20, 0x45, 0x99, 0x20, 0x9a,
    0xa2, 0xa9, 0xff, 0x85, 0x39, 0x60, 0xb9, 0x78, 0x00, 0xf0, 0xdb, 0xd0,
    0x01, 0x60, 0x29, 0x7f, 0xaa, 0xbd, 0x00, 0x03, 0x29, 0x40, 0xf0, 0x14,
    0xbd, 0x00, 0x03, 0x29, 0x0f, 0xa8, 0xbd, 0x00, 0x03, 0x29, 0x20, 0xd0,
    0x07, 0xb9, 0x80, 0x03, 0x29, 0x10, 0xf0, 0x10, 0xa5, 0x43, 0x29, 0x10,
    0xd0, 0x17, 0x8a, 0x48, 0x20, 0x90, 0x8b, 0x68, 0xaa, 0x4c, 0x7d, 0x8b,
    0xa5, 0x43, 0x29, 0x10, 0xd0, 0x07, 0x8a, 0x48, 0x20, 0xda, 0x8e, 0x68,
    0xaa, 0x20, 0x9e, 0x9c, 0x20, 0xda, 0x9a, 0xbd, 0x18, 0x04, 0x9d, 0x98,
    0x04, 0xbd, 0xd8, 0x03, 0x9d, 0x58, 0x04, 0x60, 0xbd, 0x00, 0x03, 0x29,
    0x40, 0xf0, 0x0e, 0xbd, 0x00, 0x03, 0x29, 0x0f, 0xa8, 0xb9, 0x80, 0x03,
    0x85, 0x1c, 0x4c, 0xaa, 0x8b, 0xbd, 0x00, 0x03, 0x85, 0x1c, 0xa5, 0x1c,
    0x29, 0x03, 0xd0, 0x03, 0x4c, 0x32, 0x8c, 0xbd, 0x00, 0x03, 0x29, 0x10,
    0xf0, 0x10, 0xbd, 0x98, 0x03, 0x10, 0x0b, 0x8a, 0x48, 0xa9, 0x12, 0xa2,
    0x04, 0x20, 0xa3, 0xa8, 0x68, 0xaa, 0xbd, 0xd8, 0x03, 0x20, 0x46, 0xa4,
    0xb0, 0x09, 0xa5, 0x1c, 0x29, 0x01, 0xd0, 0x46, 0x4c, 0x0a, 0x8c, 0xbc,
    0x40, 0x03, 0xa5, 0x1c, 0x29, 0x01, 0xd0, 0x13, 0xbd, 0xd8, 0x03, 0xc9,
    0x0a, 0xb0, 0x03, 0x4c, 0xea, 0x8c, 0x88, 0xb9, 0x7c, 0x05, 0xf0, 0x16,
    0x4c, 0xea, 0x8c, 0xbd, 0xd8, 0x03, 0xc9, 0x8c, 0x90, 0x03, 0x4c, 0xea,
    0x8c, 0xc8, 0xb9, 0x7c, 0x05, 0xf0, 0x17, 0x4c, 0xea, 0x8c, 0xbc, 0x40,
    0x03, 0xa9, 0x00, 0x99, 0x7c, 0x05, 0xbd, 0xd8, 0x03, 0x38, 0xe9, 0x06,
    0x9d, 0xd8, 0x03, 0x4c, 0xbd, 0x8c, 0xbc, 0x40, 0x03, 0xa9, 0x00, 0x99,
    0x7c, 0x05, 0xbd, 0xd8, 0x03, 0x18, 0x69, 0x06, 0x9d, 0xd8, 0x03, 0x4c,
    0xbd, 0x8c, 0xa5, 0x1c, 0x29, 0x0c, 0xd0, 0x03, 0x4c, 0xea, 0x8c, 0xbd,
    0x00, 0x03, 0x29, 0x10, 0xf0, 0x10, 0xbd, 0x98, 0x03, 0x10, 0x0b, 0x8a,
    0x48, 0xa9, 0x12, 0xa2, 0x04, 0x20, 0xa3, 0xa8, 0x68, 0xaa, 0xbd, 0x18,
    0x04, 0x20, 0x38, 0xa4, 0xb0, 0x09, 0xa5, 0x1c, 0x29, 0x04, 0xd0, 0x4c,
    0x4c, 0x98, 0x8c, 0xa5, 0x1c, 0x29, 0x04, 0xd0, 0x19, 0xbd, 0x18, 0x04,
    0xc9, 0xb0, 0x90, 0x03, 0x4c, 0xea, 0x8c, 0xbd, 0x40, 0x03, 0x18, 0x69,
    0x0c, 0xa8, 0xb9, 0x7c, 0x05, 0xf0, 0x19, 0x4c, 0xea, 0x8c, 0xbd, 0x18,
    0x04, 0xc9, 0x22, 0x90, 0x61, 0xbd, 0x40, 0x03, 0x38, 0xe9, 0x0c, 0xa8,
    0xb9, 0x7c, 0x05, 0xf0, 0x17, 0x4c, 0xea, 0x8c, 0xbc, 0x40, 0x03, 0xa9,
    0x00, 0x99, 0x7c, 0x05, 0xbd, 0x18, 0x04, 0x18, 0x69, 0x08, 0x9d, 0x18,
    0x04, 0x4c, 0xbd, 0x8c, 0xbc, 0x40, 0x03, 0xa9, 0x00, 0x99, 0x7c, 0x05,
    0xbd, 0x18, 0x04, 0x38, 0xe9, 0x08, 0x9d, 0x18, 0x04, 0xbd, 0xd8, 0x03,
    0xa8, 0xb9, 0xf0, 0x35, 0x85, 0x22, 0xbd, 0x18, 0x04, 0x38, 0xe9, 0x20,
    0x4a, 0x4a, 0x4a, 0x4a, 0xa8, 0xb9, 0xa5, 0xbb, 0x18, 0x65, 0x22, 0x9d,
    0x40, 0x03, 0xa8, 0x8a, 0x09, 0x80, 0x99, 0x7c, 0x05, 0xbd, 0x00, 0x03,
    0x29, 0xef, 0x9d, 0x00, 0x03, 0x60, 0xbd, 0x00, 0x03, 0x29, 0x80, 0xd0,
    0x71, 0xbd, 0x00, 0x03, 0x29, 0x10, 0xf0, 0x41, 0xa9, 0x02, 0x9d, 0xd8,
    0x04, 0xbd, 0x00, 0x03, 0x09, 0x20, 0x29, 0xef, 0x9d, 0x00, 0x03, 0xbd,
    0x98, 0x03, 0x10, 0x2a, 0x8a, 0x48, 0xa9, 0x15, 0xa2, 0x04, 0x20, 0xa3,
    0xa8, 0x68, 0xaa, 0xbd, 0x00, 0x03, 0x29, 0x40, 0xf0, 0x08, 0xa9, 0x05,
    0x8d, 0xca, 0x36, 0x4c, 0x2b, 0x8d, 0xa9, 0x30, 0x8d, 0xc9, 0x36, 0x8a,
    0x48, 0xa6, 0x40, 0x86, 0x3c, 0x20, 0xdb, 0xa5, 0x68, 0xaa, 0x4c, 0x43,
    0x8d, 0xbd, 0x00, 0x03, 0x29, 0x20, 0xf0, 0x22, 0xfe, 0xd8, 0x04, 0xbd,
    0x00, 0x03, 0x29, 0x40, 0xf0, 0x0f, 0xbd, 0x00, 0x03, 0x29, 0x0f, 0xa8,
    0xb9, 0x80, 0x03, 0x29, 0xf0, 0x99, 0x80, 0x03, 0x60, 0xbd, 0x00, 0x03,
    0x29, 0xe0, 0x9d, 0x00, 0x03, 0x60, 0xbd, 0x00, 0x03, 0x29, 0x40, 0xd0,
    0x0e, 0x8a, 0x48, 0xa9, 0x10, 0xa2, 0x04, 0x20, 0xa3, 0xa8, 0x68, 0xaa,
    0x4c, 0x9d, 0x8d, 0xa5, 0x36, 0x30, 0x01, 0x60, 0xbd, 0x00, 0x03, 0x29,
    0x0f, 0xa8, 0xb9, 0x80, 0x03, 0x29, 0x20, 0xf0, 0x01, 0x60, 0xb9, 0x80,
    0x03, 0x29, 0xf0, 0x99, 0x80, 0x03, 0xbd, 0xd8, 0x04, 0xf0, 0x0e, 0xa9,
    0x00, 0x9d, 0xd8, 0x04, 0x60, 0xbd, 0x00, 0x03, 0x29, 0xe0, 0x9d, 0x00,
    0x03, 0xa9, 0x00, 0x9d, 0x98, 0x03, 0xbd, 0x00, 0x03, 0x29, 0x80, 0xf0,
    0x0b, 0xa5, 0x75, 0x05, 0x76, 0x05, 0x77, 0x29, 0x04, 0xf0, 0x01, 0x60,
    0x8a, 0x48, 0xa8, 0x20, 0x86, 0xa2, 0x68, 0xaa, 0x60, 0xa6, 0x40, 0xbd,
    0x18, 0x31, 0xc9, 0x02, 0x90, 0x0e, 0xc9, 0x03, 0x90, 0x05, 0xa0, 0x09,
    0x4c, 0xde, 0x8d, 0xa0, 0x07, 0x4c, 0xde, 0x8d, 0xa0, 0x05, 0x8a, 0xd0,
    0x13, 0xa9, 0x1c, 0x85, 0x22, 0xa9, 0x31, 0x85, 0x23, 0xa9, 0x9c, 0x85,
    0x1e, 0xa9, 0x31, 0x85, 0x1f, 0x4c, 0x04, 0x8e, 0xa9, 0xb4, 0x85, 0x22,
    0xa9, 0x31, 0x85, 0x23, 0xa9, 0x34, 0x85, 0x1e, 0xa9, 0x32, 0x85, 0x1f,
    0xa6, 0x40, 0xbd, 0x1a, 0x31, 0x85, 0x1c, 0x98, 0xaa, 0xad, 0x0a, 0xd2,
    0x29, 0x3f, 0xc5, 0x1c, 0xb0, 0xf7, 0xa8, 0xb1, 0x22, 0xc9, 0xff, 0xf0,
    0xf0, 0x29, 0xc0, 0xd0, 0xec, 0x8a, 0x11, 0x22, 0x09, 0x40, 0x91, 0x22,
    0x8a, 0x48, 0x8a, 0xa8, 0xa9, 0x10, 0x91, 0x1e, 0x68, 0xaa, 0xca, 0x10,
    0xd8, 0xa9, 0xff, 0x85, 0x35, 0x60, 0x03, 0x04, 0x02, 0x03, 0xa5, 0x43,
    0x29, 0x03, 0xa8, 0xb9, 0x3a, 0x8e, 0x85, 0x2e, 0xa0, 0x0b, 0xa2, 0x00,
    0x86, 0x22, 0xb9, 0x80, 0x03, 0x29, 0x20, 0xf0, 0x01, 0xe8, 0x88, 0x10,
    0xf5, 0xe4, 0x2e, 0x90, 0x01, 0x60, 0xa0, 0x0b, 0xa2, 0x00, 0x86, 0x22,
    0xb9, 0x80, 0x03, 0x29, 0x30, 0xf0, 0x46, 0xb9, 0x80, 0x03, 0x29, 0x20,
    0xd0, 0x3a, 0xb9, 0x80, 0x03, 0x29, 0x0f, 0xf0, 0x02, 0xe6, 0x22, 0x8a,
    0x48, 0xbe, 0x58, 0x05, 0xbd, 0x00, 0x03, 0x29, 0x30, 0xd0, 0x20, 0xb9,
    0x80, 0x03, 0x09, 0x20, 0x99, 0x80, 0x03, 0xbd, 0x00, 0x03, 0x09, 0x30,
    0x9d, 0x00, 0x03, 0x98, 0x48, 0xa9, 0x09, 0xa2, 0x06, 0x20, 0xa3, 0xa8,
    0x68, 0xa8, 0x68, 0xaa, 0x4c, 0xac, 0x8e, 0x68, 0xaa, 0x4c, 0xb1, 0x8e,
    0xe8, 0xe4, 0x2e, 0xb0, 0x28, 0x88, 0x10, 0xb0, 0xa5, 0x22, 0xf0, 0x05,
    0xa9, 0x60, 0x85, 0x36, 0x60, 0xe0, 0x02, 0xb0, 0x18, 0xe0, 0x01, 0xb0,
    0x10, 0xa6, 0x40, 0xb5, 0x58, 0x29, 0x20, 0xd0, 0x08, 0xa9, 0x01, 0x20,
    0xc4, 0xa2, 0x4c, 0x88, 0xa7, 0xa9, 0x60, 0x85, 0x35, 0x60, 0xbd, 0x00,
    0x03, 0x29, 0x0f, 0xa8, 0x20, 0xde, 0x96, 0xb9, 0x80, 0x03, 0x85, 0x1c,
    0x10, 0x03, 0x4c, 0x99, 0x90, 0x29, 0x40, 0xf0, 0x03, 0x4c, 0x5f, 0x90,
    0xa4, 0x40, 0xb9, 0x58, 0x00, 0x29, 0x20, 0xf0, 0x08, 0xa9, 0x10, 0x9d,
    0xd8, 0x04, 0x4c, 0x16, 0x93, 0xa5, 0x1c, 0x29, 0x03, 0xd0, 0x03, 0x4c,
    0xba, 0x8f, 0xbd, 0xd8, 0x03, 0x20, 0x46, 0xa4, 0xb0, 0x0c, 0xa5, 0x1c,
    0x29, 0x01, 0xd0, 0x03, 0x4c, 0x6c, 0x8f, 0x4c, 0xae, 0x8f, 0xbd, 0x00,
    0x03, 0x29, 0x0f, 0xa8, 0xb9, 0x70, 0x05, 0x10, 0x03, 0x4c, 0x00, 0x97,
    0xbc, 0x40, 0x03, 0xa5, 0x1c, 0x29, 0x01, 0xd0, 0x3f, 0xbd, 0xd8, 0x03,
    0xc9, 0x0a, 0xb0, 0x0c, 0xa5, 0x44, 0x29, 0x02, 0xf0, 0x03, 0x4c, 0x3d,
    0x90, 0x4c, 0x00, 0x97, 0x88, 0xb9, 0x7c, 0x05, 0xf0, 0x1a, 0x29, 0x7f,
    0xa8, 0xb9, 0x00, 0x03, 0x29, 0xf0, 0xf0, 0x03, 0x4c, 0x00, 0x97, 0xb9,
    0x00, 0x03, 0x29, 0x0f, 0xf0, 0x03, 0x4c, 0x82, 0x92, 0x20, 0x01, 0x92,
    0xbd, 0xd8, 0x03, 0x38, 0xe9, 0x02, 0x9d, 0xd8, 0x03, 0x4c, 0x82, 0x92,
    0xbc, 0x40, 0x03, 0xbd, 0xd8, 0x03, 0xc9, 0x8c, 0x90, 0x0c, 0xa5, 0x44,
    0x29, 0x01, 0xf0, 0x03, 0x4c, 0x3d, 0x90, 0x4c, 0x00, 0x97, 0xc8, 0xb9,
    0x7c, 0x05, 0xf0, 0x1a, 0x29, 0x7f, 0xa8, 0xb9, 0x00, 0x03, 0x29, 0xf0,
    0xf0, 0x03, 0x4c, 0x00, 0x97, 0xb9, 0x00, 0x03, 0x29, 0x0f, 0xf0, 0x03,
    0x4c, 0x82, 0x92, 0x20, 0x01, 0x92, 0xbd, 0xd8, 0x03, 0x18, 0x69, 0x02,
    0x9d, 0xd8, 0x03, 0x4c, 0x82, 0x92, 0xa5, 0x1c, 0x29, 0x0c, 0xd0, 0x03,
    0x4c, 0x00, 0x97, 0xbd, 0x18, 0x04, 0x20, 0x38, 0xa4, 0xb0, 0x0c, 0xa5,
    0x1c, 0x29, 0x04, 0xd0, 0x03, 0x4c, 0x24, 0x90, 0x4c, 0x8d, 0x90, 0xbd,
    0x00, 0x03, 0x29, 0x0f, 0xa8, 0xb9, 0x70, 0x05, 0x10, 0x03, 0x4c, 0x00,
    0x97, 0xa5, 0x1c, 0x29, 0x04, 0xd0, 0x45, 0xbd, 0x18, 0x04, 0xc9, 0xb0,
    0x90, 0x0c, 0xa5, 0x44, 0x29, 0x08, 0xf0, 0x03, 0x4c, 0x3d, 0x90, 0x4c,
    0x00, 0x97, 0xbd, 0x40, 0x03, 0x18, 0x69, 0x0c, 0xa8, 0xb9, 0x7c, 0x05,
    0xf0, 0x1a, 0x29, 0x7f, 0xa8, 0xb9, 0x00, 0x03, 0x29, 0xf0, 0xf0, 0x03,
    0x4c, 0x00, 0x97, 0xb9, 0x00, 0x03, 0x29, 0x0f, 0xf0, 0x03, 0x4c, 0x82,
    0x92, 0x20, 0x01, 0x92, 0xbd, 0x18, 0x04, 0x18, 0x69, 0x02, 0x9d, 0x18,
    0x04, 0x4c, 0x82, 0x92, 0xbd, 0x18, 0x04, 0xc9, 0x22, 0xb0, 0x2e, 0xa5,
    0x44, 0x29, 0x04, 0xf0, 0x25, 0xbd, 0x00, 0x03, 0x29, 0x0f, 0xa8, 0xb9,
    0x80, 0x03, 0x09, 0x40, 0x99, 0x80, 0x03, 0xa9, 0x30, 0x99, 0x70, 0x05,
    0x98, 0x48, 0x8a, 0x48, 0xa9, 0x06, 0xa2, 0x06, 0x20, 0xa3, 0xa8, 0x68,
    0xaa, 0x68, 0xa8, 0x4c, 0x82, 0x92, 0x4c, 0x00, 0x97, 0xbd, 0x40, 0x03,
    0x38, 0xe9, 0x0c, 0x30, 0x20, 0xa8, 0xb9, 0x7c, 0x05, 0xf0, 0x1a, 0x29,
    0x7f, 0xa8, 0xb9, 0x00, 0x03, 0x29, 0xf0, 0xf0, 0x03, 0x4c, 0x00, 0x97,
    0xb9, 0x00, 0x03, 0x29, 0x0f, 0xf0, 0x03, 0x4c, 0x82, 0x92, 0x20, 0x01,
    0x92, 0xbd, 0x18, 0x04, 0x38, 0xe9, 0x02, 0x9d, 0x18, 0x04, 0x4c, 0x82,
    0x92, 0xbd, 0x00, 0x03, 0x29, 0x0f, 0xa8, 0xb9, 0x8c, 0x03, 0x29, 0x01,
    0xf0, 0x03, 0x4c, 0x1b, 0x91, 0xb9, 0x64, 0x05, 0x29, 0x7f, 0xa8, 0xb9,
    0x40, 0x03, 0x9d, 0x40, 0x03, 0xa5, 0x1c, 0x29, 0x08, 0xd0, 0x32, 0xa5,
    0x1c, 0x29, 0x04, 0xd0, 0x43, 0xa5, 0x1c, 0x29, 0x02, 0xd0, 0x13, 0xbc,
    0x40, 0x03, 0xc8, 0x20, 0x23, 0x96, 0xb0, 0x4a, 0xbd, 0xd8, 0x03, 0x18,
    0x69, 0x06, 0x9d, 0xd8, 0x03, 0x60, 0xbc, 0x40, 0x03, 0x88, 0x20, 0x23,
    0x96, 0xb0, 0x37, 0xbd, 0xd8, 0x03, 0x38, 0xe9, 0x06, 0x9d, 0xd8, 0x03,
    0x60, 0xbc, 0x40, 0x03, 0x98, 0x18, 0x69, 0x0c, 0xa8, 0x20, 0x23, 0x96,
    0xb0, 0x20, 0xbd, 0x18, 0x04, 0x18, 0x69, 0x08, 0x9d, 0x18, 0x04, 0x60,
    0xbc, 0x40, 0x03, 0x98, 0x38, 0xe9, 0x0c, 0xa8, 0x20, 0x23, 0x96, 0xb0,
    0x09, 0xbd, 0x18, 0x04, 0x38, 0xe9, 0x08, 0x9d, 0x18, 0x04, 0x60, 0xb9,
    0x8c, 0x03, 0x29, 0x10, 0xf0, 0x03, 0x4c, 0xb1, 0x91, 0xb9, 0x8c, 0x03,
    0x29, 0x08, 0xf0, 0x06, 0xb9, 0x70, 0x05, 0x30, 0xf1, 0x60, 0xa9, 0x06,
    0x99, 0x70, 0x05, 0xb9, 0x8c, 0x03, 0x29, 0x20, 0xf0, 0x03, 0x4c, 0xf3,
    0x91, 0xb9, 0x64, 0x05, 0x85, 0x22, 0x8a, 0x48, 0x98, 0x48, 0x85, 0x23,
    0xa9, 0x00, 0x85, 0x88, 0xa0, 0x0b, 0xc4, 0x23, 0xf0, 0x19, 0xb9, 0x64,
    0x05, 0xc5, 0x22, 0xd0, 0x12, 0xe6, 0x88, 0xb9, 0x8c, 0x03, 0x09, 0x11,
    0x99, 0x8c, 0x03, 0xa9, 0xff, 0x99, 0x70, 0x05, 0x99, 0x64, 0x05, 0x88,
    0x10, 0xe0, 0xa4, 0x88, 0xb9, 0xed, 0xb0, 0x9d, 0xd8, 0x04, 0xb9, 0xf1,
    0xb0, 0x8d, 0xca, 0x36, 0xa5, 0x40, 0x85, 0x3c, 0x20, 0xdb, 0xa5, 0x68,
    0xa8, 0xb9, 0x64, 0x05, 0xaa, 0xbd, 0x18, 0x04, 0x85, 0x22, 0xbd, 0xd8,
    0x03, 0x85, 0x23, 0x68, 0xaa, 0xa5, 0x22, 0x9d, 0x18, 0x04, 0xa5, 0x23,
    0x9d, 0xd8, 0x03, 0xb9, 0x8c, 0x03, 0x09, 0x08, 0x99, 0x8c, 0x03, 0xa9,
    0xff, 0x99, 0x64, 0x05, 0x60, 0xa9, 0x00, 0x99, 0x80, 0x03, 0x8a, 0xa8,
    0x48, 0x20, 0x86, 0xa2, 0xa0, 0x0b, 0xa2, 0x00, 0xb9, 0x80, 0x03, 0x29,
    0x10, 0xf0, 0x20, 0xb9, 0x58, 0x05, 0x85, 0x22, 0xb5, 0x78, 0xf0, 0x09,
    0x29, 0x7f, 0xc5, 0x22, 0xd0, 0x03, 0x4c, 0xe7, 0x91, 0xe8, 0xe0, 0x10,
    0x90, 0xee, 0x98, 0x48, 0xa4, 0x22, 0x20, 0x60, 0xa2, 0x68, 0xa8, 0x88,
    0x10, 0xd4, 0xa5, 0x36, 0xa9, 0x60, 0x85, 0x36, 0x68, 0xaa, 0x60, 0xa9,
    0x48, 0x9d, 0xd8, 0x04, 0xb9, 0x8c, 0x03, 0x09, 0x08, 0x99, 0x8c, 0x03,
    0x60, 0xb9, 0x00, 0x03, 0x09, 0x10, 0x29, 0xf0, 0x99, 0x00, 0x03, 0x8a,
    0x48, 0xbe, 0x40, 0x03, 0xbd, 0x7c, 0x05, 0x29, 0x7f, 0x85, 0x2e, 0x98,
    0xc5, 0x2e, 0xd0, 0x05, 0xa9, 0x00, 0x9d, 0x7c, 0x05, 0x20, 0x60, 0xa2,
    0x68, 0xaa, 0x60, 0xa5, 0x43, 0x29, 0xd0, 0xf0, 0x01, 0x60, 0xa5, 0x34,
    0x30, 0x05, 0xe6, 0x34, 0x4c, 0x3d, 0x92, 0xa5, 0x44, 0x29, 0xf0, 0x85,
    0x44, 0x20, 0xd8, 0x98, 0xa5, 0x36, 0x30, 0x07, 0xc6, 0x36, 0xd0, 0x03,
    0x20, 0x3e, 0x8e, 0xa6, 0x40, 0xb5, 0x58, 0x29, 0x20, 0xf0, 0x01, 0x60,
    0xa5, 0x35, 0x30, 0x26, 0xc6, 0x35, 0xd0, 0x22, 0xa0, 0x0b, 0xb9, 0x80,
    0x03, 0x29, 0x20, 0xf0, 0x12, 0xb9, 0x8c, 0x03, 0x09, 0x04, 0x99, 0x8c,
    0x03, 0xa9, 0x0d, 0xa2, 0x06, 0x20, 0xa3, 0xa8, 0x4c, 0x7e, 0x92, 0x88,
    0x10, 0xe4, 0xa9, 0x10, 0x85, 0x36, 0x20, 0xdc, 0xa6, 0x60, 0xa4, 0x40,
    0xb9, 0x62, 0x00, 0x38, 0xe9, 0x24, 0x85, 0x4f, 0x38, 0xe9, 0x0a, 0x85,
    0x4d, 0xb9, 0x60, 0x00, 0x38, 0xe9, 0x2e, 0x85, 0x4e, 0x18, 0x69, 0x0a,
    0x85, 0x50, 0x20, 0x36, 0x95, 0x90, 0x73, 0xbd, 0x00, 0x03, 0x29, 0x0f,
    0xa8, 0xb9, 0x80, 0x03, 0x29, 0x40, 0xd0, 0x3d, 0xa4, 0x40, 0xb9, 0x58,
    0x00, 0x29, 0x20, 0xd0, 0x5d, 0xb9, 0x58, 0x00, 0x09, 0x20, 0x99, 0x58,
    0x00, 0xa9, 0x24, 0x99, 0x5a, 0x00, 0x8a, 0x48, 0x20, 0xde, 0xa7, 0xa9,
    0x0c, 0xa2, 0x02, 0x20, 0xa3, 0xa8, 0xa9, 0x0b, 0xa2, 0x00, 0x20, 0xa3,
    0xa8, 0xa6, 0x40, 0xd6, 0x56, 0xa9, 0x45, 0x85, 0x23, 0x20, 0xea, 0xa2,
    0xa6, 0x40, 0xf6, 0x56, 0x68, 0xaa, 0x4c, 0x16, 0x93, 0x8a, 0x48, 0x98,
    0x48, 0xa9, 0x01, 0x8d, 0xca, 0x36, 0xa5, 0x40, 0x85, 0x3c, 0x20, 0xdb,
    0xa5, 0x68, 0xa8, 0x68, 0xaa, 0xb9, 0x8c, 0x03, 0x09, 0x21, 0x99, 0x8c,
    0x03, 0xb9, 0x80, 0x03, 0x09, 0x80, 0x99, 0x80, 0x03, 0xa9, 0x06, 0x99,
    0x70, 0x05, 0xbd, 0xd8, 0x03, 0xa8, 0xb9, 0xf0, 0x35, 0x85, 0x22, 0xbd,
    0x18, 0x04, 0x38, 0xe9, 0x20, 0x4a, 0x4a, 0x4a, 0x4a, 0xa8, 0xb9, 0xa5,
    0xbb, 0x18, 0x65, 0x22, 0x9d, 0x40, 0x03, 0xbd, 0x00, 0x03, 0x29, 0x0f,
    0xa8, 0xb9, 0x80, 0x03, 0x10, 0x01, 0x60, 0xb9, 0x80, 0x03, 0x29, 0x0f,
    0xf0, 0x10, 0xc9, 0x01, 0xf0, 0x20, 0xc9, 0x02, 0xf0, 0x24, 0xc9, 0x04,
    0xf0, 0x28, 0xc9, 0x08, 0xf0, 0x2c, 0xa9, 0x0e, 0x9d, 0xd8, 0x04, 0xb9,
    0x8c, 0x03, 0x29, 0x04, 0xf0, 0x05, 0xa9, 0x10, 0x9d, 0xd8, 0x04, 0x4c,
    0x87, 0x93, 0xa9, 0x10, 0x9d, 0xd8, 0x04, 0x4c, 0x87, 0x93, 0xa9, 0x14,
    0x9d, 0xd8, 0x04, 0x4c, 0x87, 0x93, 0xa9, 0x18, 0x9d, 0xd8, 0x04, 0x4c,
    0x87, 0x93, 0xa9, 0x1c, 0x9d, 0xd8, 0x04, 0xb9, 0x80, 0x03, 0x29, 0x40,
    0xf0, 0x21, 0xb9, 0x70, 0x05, 0xc9, 0x10, 0xb0, 0x12, 0xc9, 0x06, 0x90,
    0x06, 0xa5, 0x13, 0x29, 0x04, 0xd0, 0x08, 0xa9, 0x52, 0x9d, 0xd8, 0x04,
    0x4c, 0x1a, 0x94, 0xa9, 0x3e, 0x9d, 0xd8, 0x04, 0x4c, 0x1a, 0x94, 0xb9,
    0x8c, 0x03, 0x29, 0x04, 0xf0, 0x09, 0xbd, 0xd8, 0x04, 0x18, 0x69, 0x1e,
    0x9d, 0xd8, 0x04, 0xbd, 0xd8, 0x03, 0xc9, 0x8c, 0x90, 0x09, 0xa5, 0x44,
    0x29, 0x01, 0xd0, 0x2d, 0x4c, 0xdc, 0x93, 0xbd, 0xd8, 0x03, 0xc9, 0x0a,
    0xb0, 0x06, 0xa5, 0x44, 0x29, 0x02, 0xd0, 0x1d, 0xbd, 0x18, 0x04, 0xc9,
    0x22, 0xb0, 0x09, 0xa5, 0x44, 0x29, 0x04, 0xd0, 0x10, 0x4c, 0x1a, 0x94,
    0xbd, 0x18, 0x04, 0xc9, 0xb0, 0x90, 0x27, 0xa5, 0x44, 0x29, 0x08, 0xf0,
    0x21, 0xb9, 0x80, 0x03, 0x09, 0x40, 0x99, 0x80, 0x03, 0x98, 0x48, 0x8a,
    0x48, 0xa9, 0x06, 0xa2, 0x06, 0x20, 0xa3, 0xa8, 0x68, 0xaa, 0x68, 0xa8,
    0xa9, 0x3e, 0x9d, 0xd8, 0x04, 0xa9, 0x30, 0x99, 0x70, 0x05, 0xa5, 0x13,
    0x29, 0x08, 0xd0, 0x06, 0xfe, 0xd8, 0x04, 0xfe, 0xd8, 0x04, 0xbc, 0x40,
    0x03, 0x98, 0x48, 0x20, 0xeb, 0x94, 0x90, 0x03, 0x4c, 0xe9, 0x94, 0xbd,
    0xd8, 0x03, 0xc9, 0x14, 0xb0, 0x03, 0x4c, 0x61, 0x94, 0x68, 0x48, 0xa8,
    0x88, 0x20, 0xeb, 0x94, 0x90, 0x03, 0x4c, 0xe9, 0x94, 0xbd, 0x18, 0x04,
    0xc9, 0x30, 0xb0, 0x03, 0x4c, 0x91, 0x94, 0x68, 0x48, 0x38, 0xe9, 0x0d,
    0xa8, 0x20, 0xeb, 0x94, 0x90, 0x03, 0x4c, 0xe9, 0x94, 0xbd, 0x18, 0x04,
    0xc9, 0x30, 0xb0, 0x03, 0x4c, 0x91, 0x94, 0x68, 0x48, 0x18, 0x69, 0x0c,
    0xa8, 0x20, 0xeb, 0x94, 0x90, 0x03, 0x4c, 0xe9, 0x94, 0xbd, 0xd8, 0x03,
    0xc9, 0x8c, 0x90, 0x03, 0x4c, 0xbb, 0x94, 0x68, 0x48, 0x38, 0xe9, 0x0b,
    0xa8, 0x20, 0xeb, 0x94, 0x90, 0x03, 0x4c, 0xe9, 0x94, 0xbd, 0xd8, 0x03,
    0xc9, 0x8c, 0x90, 0x03, 0x4c, 0xbb, 0x94, 0x68, 0x48, 0xa8, 0xc8, 0x20,
    0xeb, 0x94, 0xb0, 0x45, 0xbd, 0x18, 0x04, 0xc9, 0xa0, 0x90, 0x05, 0xf0,
    0x03, 0x4c, 0xe7, 0x94, 0x68, 0x48, 0x18, 0x69, 0x0d, 0xa8, 0x20, 0xeb,
    0x94, 0xb0, 0x2e, 0xbd, 0x18, 0x04, 0xc9, 0xa0, 0x90, 0x05, 0xf0, 0x03,
    0x4c, 0xe7, 0x94, 0x68, 0x48, 0x18, 0x69, 0x0c, 0xa8, 0x20, 0xeb, 0x94,
    0xb0, 0x17, 0xbd, 0xd8, 0x03, 0xc9, 0x14, 0xb0, 0x03, 0x4c, 0xe7, 0x94,
    0x68, 0x38, 0xe9, 0x01, 0x48, 0xa8, 0x20, 0xeb, 0x94, 0xb0, 0x02, 0x68,
    0x60, 0x68, 0x60, 0xb9, 0x7c, 0x05, 0xd0, 0x02, 0x18, 0x60, 0x29, 0x7f,
    0xa8, 0xb9, 0x00, 0x03, 0x29, 0x40, 0xf0, 0x14, 0x98, 0x48, 0xb9, 0x00,
    0x03, 0x29, 0x0f, 0xa8, 0xb9, 0x80, 0x03, 0x85, 0x1c, 0x68, 0xa8, 0xa5,
    0x1c, 0x4c, 0x15, 0x95, 0xb9, 0x00, 0x03, 0x85, 0x1c, 0x29, 0x0f, 0xd0,
    0x00, 0xb9, 0x18, 0x04, 0x85, 0x4f, 0x38, 0xe9, 0x0e, 0x85, 0x4d, 0xb9,
    0xd8, 0x03, 0x18, 0x69, 0x01, 0x85, 0x4e, 0x18, 0x69, 0x0a, 0x85, 0x50,
    0x20, 0x36, 0x95, 0xb0, 0x46, 0x60, 0xbd, 0x18, 0x04, 0x38, 0xe9, 0x02,
    0xc5, 0x4d, 0x90, 0x06, 0xc5, 0x4f, 0xf0, 0x15, 0x90, 0x13, 0xbd, 0x18,
    0x04, 0x38, 0xe9, 0x0d, 0xc5, 0x4d, 0x90, 0x07, 0xc5, 0x4f, 0xb0, 0x03,
    0x4c, 0x59, 0x95, 0x18, 0x60, 0xbd, 0xd8, 0x03, 0x18, 0x69, 0x03, 0xc5,
    0x4e, 0x90, 0x06, 0xc5, 0x50, 0xb0, 0x02, 0x38, 0x60, 0xbd, 0xd8, 0x03,
    0x18, 0x69, 0x09, 0xc5, 0x4e, 0x90, 0x06, 0xc5, 0x50, 0xb0, 0x02, 0x38,
    0x60, 0x18, 0x60, 0xa5, 0x1c, 0x29, 0x01, 0xd0, 0x46, 0xa5, 0x1c, 0x29,
    0x02, 0xd0, 0x5d, 0xa5, 0x1c, 0x29, 0x04, 0xd0, 0x1d, 0xb9, 0xd8, 0x03,
    0x9d, 0xd8, 0x03, 0xb9, 0x40, 0x03, 0x9d, 0x40, 0x03, 0xb9, 0x18, 0x04,
    0x18, 0x69, 0x08, 0x9d, 0x18, 0x04, 0xa9, 0x28, 0x9d, 0xd8, 0x04, 0x4c,
    0xfe, 0x95, 0xb9, 0xd8, 0x03, 0x9d, 0xd8, 0x03, 0xb9, 0x40, 0x03, 0x9d,
    0x40, 0x03, 0xb9, 0x18, 0x04, 0x38, 0xe9, 0x0c, 0x9d, 0x18, 0x04, 0xa9,
    0x26, 0x9d, 0xd8, 0x04, 0x4c, 0xfe, 0x95, 0xb9, 0x18, 0x04, 0x9d, 0x18,
    0x04, 0xb9, 0x40, 0x03, 0x9d, 0x40, 0x03, 0xb9, 0xd8, 0x03, 0x18, 0x69,
    0x04, 0x9d, 0xd8, 0x03, 0xa9, 0x22, 0x9d, 0xd8, 0x04, 0x4c, 0xfe, 0x95,
    0xb9, 0x18, 0x04, 0x9d, 0x18, 0x04, 0xb9, 0x40, 0x03, 0x9d, 0x40, 0x03,
    0xb9, 0xd8, 0x03, 0x38, 0xe9, 0x0c, 0x9d, 0xd8, 0x03, 0xa9, 0x24, 0x9d,
    0xd8, 0x04, 0x84, 0x22, 0xbd, 0x00, 0x03, 0x29, 0x0f, 0xa8, 0xa5, 0x22,
    0x09, 0x80, 0x99, 0x64, 0x05, 0xb9, 0x80, 0x03, 0x29, 0xf0, 0x09, 0x80,
    0x99, 0x80, 0x03, 0xa5, 0x1c, 0x29, 0x0f, 0x19, 0x80, 0x03, 0x99, 0x80,
    0x03, 0x38, 0x60, 0x98, 0x48, 0xbd, 0x00, 0x03, 0x29, 0x0f, 0xa8, 0xb9,
    0x64, 0x05, 0x29, 0x7f, 0xa8, 0xb9, 0x00, 0x03, 0x29, 0x40, 0xf0, 0x12,
    0xb9, 0x00, 0x03, 0x29, 0x0f, 0xa8, 0xb9, 0x80, 0x03, 0x29, 0x0f, 0xd0,
    0x11, 0x68, 0xa8, 0x4c, 0xba, 0x96, 0xb9, 0x00, 0x03, 0x29, 0x0f, 0xd0,
    0x05, 0x68, 0xa8, 0x4c, 0xba, 0x96, 0x68, 0xa8, 0xa5, 0x1c, 0x29, 0x03,
    0xf0, 0x1d, 0xbd, 0xd8, 0x03, 0xc9, 0x14, 0x90, 0x09, 0xc9, 0x81, 0xb0,
    0x05, 0xb9, 0x7c, 0x05, 0xd0, 0x2a, 0xbd, 0xd8, 0x03, 0xc9, 0x0a, 0x90,
    0x45, 0xc9, 0x8c, 0xb0, 0x41, 0x18, 0x60, 0xbd, 0x18, 0x04, 0xc9, 0x2f,
    0x90, 0x09, 0xc9, 0xa1, 0xb0, 0x05, 0xb9, 0x7c, 0x05, 0xd0, 0x0d, 0xbd,
    0x18, 0x04, 0xc9, 0xb0, 0xb0, 0x28, 0xc9, 0x22, 0x90, 0x24, 0x18, 0x60,
    0x29, 0x7f, 0xa8, 0xb9, 0x00, 0x03, 0x29, 0x40, 0xf0, 0x0f, 0xb9, 0x00,
    0x03, 0x29, 0x0f, 0xa8, 0xb9, 0x80, 0x03, 0x29, 0x0f, 0xf0, 0x0b, 0x18,
    0x60, 0xb9, 0x00, 0x03, 0x29, 0x0f, 0xf0, 0x02, 0x18, 0x60, 0xbd, 0x00,
    0x03, 0x29, 0x0f, 0xa8, 0xb9, 0x8c, 0x03, 0x09, 0x01, 0x99, 0x8c, 0x03,
    0xa9, 0x1f, 0x99, 0x70, 0x05, 0x98, 0x48, 0x8a, 0x48, 0xa9, 0x14, 0xa2,
    0x06, 0x20, 0xa3, 0xa8, 0x68, 0xaa, 0x68, 0xa8, 0x38, 0x60, 0xa5, 0x43,
    0x29, 0xd0, 0xd0, 0x1b, 0xb9, 0x70, 0x05, 0x30, 0x07, 0x38, 0xe9, 0x01,
    0x99, 0x70, 0x05, 0x60, 0xb9, 0x80, 0x03, 0x29, 0x40, 0xf0, 0x08, 0xb9,
    0x80, 0x03, 0x29, 0xbf, 0x99, 0x80, 0x03, 0x60, 0xbd, 0x00, 0x03, 0x29,
    0x0f, 0xa8, 0xb9, 0x8c, 0x03, 0x29, 0x04, 0xf0, 0x03, 0x4c, 0xc2, 0x97,
    0xa5, 0x3a, 0xc9, 0x02, 0xb0, 0x0d, 0xa5, 0x53, 0xd0, 0x09, 0x18, 0xa5,
    0x33, 0x65, 0x52, 0x85, 0x33, 0x90, 0x33, 0x8a, 0x48, 0xa6, 0x40, 0xb5,
    0x62, 0x38, 0xe9, 0x20, 0x85, 0x22, 0xb5, 0x60, 0x38, 0xe9, 0x2e, 0x85,
    0x23, 0x68, 0xaa, 0xad, 0x0a, 0xd2, 0x29, 0x01, 0xd0, 0x0c, 0xbd, 0xd8,
    0x03, 0xc5, 0x23, 0xf0, 0x05, 0x90, 0x20, 0x4c, 0x7b, 0x97, 0xbd, 0x18,
    0x04, 0xc5, 0x22, 0xf0, 0x05, 0x90, 0x50, 0x4c, 0x8f, 0x97, 0xad, 0x0a,
    0xd2, 0x29, 0x03, 0xc9, 0x01, 0xf0, 0x30, 0xc9, 0x02, 0xf0, 0x40, 0xc9,
    0x03, 0xf0, 0x14, 0xb9, 0x80, 0x03, 0x29, 0x01, 0xd0, 0x0d, 0xb9, 0x80,
    0x03, 0x09, 0x01, 0x29, 0xf1, 0x99, 0x80, 0x03, 0x4c, 0xb4, 0x97, 0xb9,
    0x80, 0x03, 0x29, 0x02, 0xd0, 0x0d, 0xb9, 0x80, 0x03, 0x09, 0x02, 0x29,
    0xf2, 0x99, 0x80, 0x03, 0x4c, 0xb4, 0x97, 0xb9, 0x80, 0x03, 0x29, 0x04,
    0xd0, 0x0d, 0xb9, 0x80, 0x03, 0x09, 0x04, 0x29, 0xf4, 0x99, 0x80, 0x03,
    0x4c, 0xb4, 0x97, 0xb9, 0x80, 0x03, 0x29, 0x08, 0xd0, 0xd1, 0xb9, 0x80,
    0x03, 0x09, 0x08, 0x29, 0xf8, 0x99, 0x80, 0x03, 0xad, 0x0a, 0xd2, 0x29,
    0x0f, 0x99, 0x70, 0x05, 0xbe, 0x58, 0x05, 0x4c, 0x82, 0x92, 0xb9, 0x80,
    0x03, 0x29, 0x0f, 0xd0, 0x03, 0x4c, 0x47, 0x98, 0x29, 0x07, 0xf0, 0x5a,
    0x29, 0x03, 0xf0, 0x40, 0x29, 0x01, 0xf0, 0x1e, 0xbd, 0xd8, 0x03, 0xc9,
    0x8c, 0x90, 0x03, 0x4c, 0x86, 0x98, 0x98, 0x48, 0xbd, 0x40, 0x03, 0xa8,
    0xc8, 0x20, 0x29, 0x9a, 0x68, 0xa8, 0x90, 0x03, 0x4c, 0x86, 0x98, 0x4c,
    0xc7, 0x98, 0xbd, 0xd8, 0x03, 0xc9, 0x0a, 0xb0, 0x03, 0x4c, 0x86, 0x98,
    0x98, 0x48, 0xbd, 0x40, 0x03, 0xa8, 0x88, 0x20, 0x29, 0x9a, 0x68, 0xa8,
    0x90, 0x03, 0x4c, 0x86, 0x98, 0x4c, 0xc7, 0x98, 0xbd, 0x18, 0x04, 0xc9,
    0x22, 0xb0, 0x03, 0x4c, 0x47, 0x98, 0x98, 0x48, 0xbd, 0x40, 0x03, 0x38,
    0xe9, 0x0c, 0xa8, 0x4c, 0xc0, 0x98, 0xbd, 0x18, 0x04, 0xc9, 0xb0, 0x90,
    0x03, 0x4c, 0x47, 0x98, 0x98, 0x48, 0xbd, 0x40, 0x03, 0x18, 0x69, 0x0c,
    0xa8, 0x20, 0x29, 0x9a, 0x68, 0xa8, 0xb0, 0x03, 0x4c, 0xc7, 0x98, 0xbd,
    0xd8, 0x03, 0xc9, 0x8c, 0xb0, 0x35, 0xc9, 0x08, 0xf0, 0x31, 0x90, 0x2f,
    0xbd, 0xd8, 0x03, 0xc9, 0x49, 0x90, 0x14, 0xb9, 0x80, 0x03, 0x29, 0xf0,
    0x09, 0x02, 0x99, 0x80, 0x03, 0x98, 0x48, 0xbd, 0x40, 0x03, 0xa8, 0xc8,
    0x4c, 0xc0, 0x98, 0xb9, 0x80, 0x03, 0x29, 0xf0, 0x09, 0x01, 0x99, 0x80,
    0x03, 0x98, 0x48, 0xbd, 0x40, 0x03, 0xa8, 0x88, 0x4c, 0xc0, 0x98, 0x4c,
    0xd5, 0x98, 0xbd, 0x18, 0x04, 0xc9, 0x20, 0xf0, 0x48, 0x90, 0x46, 0xc9,
    0xb0, 0xb0, 0x42, 0xc9, 0x62, 0x90, 0x16, 0xb9, 0x80, 0x03, 0x29, 0xf0,
    0x09, 0x08, 0x99, 0x80, 0x03, 0x98, 0x48, 0xbd, 0x40, 0x03, 0x18, 0x69,
    0x0c, 0xa8, 0x4c, 0xc0, 0x98, 0xb9, 0x80, 0x03, 0x29, 0xf0, 0x09, 0x04,
    0x99, 0x80, 0x03, 0x98, 0x48, 0xbd, 0x40, 0x03, 0x38, 0xe9, 0x0c, 0xa8,
    0x20, 0x29, 0x9a, 0x68, 0xa8, 0xb0, 0x0e, 0xad, 0x0a, 0xd2, 0x29, 0x07,
    0x99, 0x70, 0x05, 0xbe, 0x58, 0x05, 0x4c, 0x82, 0x92, 0x4c, 0x88, 0xa7,
    0xa5, 0x13, 0x29, 0x01, 0xf0, 0x01, 0x60, 0xa5, 0x44, 0x29, 0x30, 0xd0,
    0x0c, 0xa5, 0x34, 0x10, 0x01, 0x60, 0xa5, 0x44, 0x29, 0x0c, 0xd0, 0x1d,
    0x60, 0xa5, 0x44, 0x29, 0x14, 0xd0, 0x0b, 0xa5, 0x44, 0x29, 0x0f, 0x85,
    0x44, 0xa9, 0x3e, 0x4c, 0x27, 0x99, 0xa5, 0x44, 0x29, 0x0f, 0x85, 0x44,
    0xa9, 0x3b, 0x4c, 0x36, 0x99, 0x29, 0x04, 0xd0, 0x0b, 0xa5, 0x44, 0x09,
    0x20, 0x85, 0x44, 0xa9, 0x3f, 0x4c, 0x27, 0x99, 0xa5, 0x44, 0x09, 0x10,
    0x85, 0x44, 0xa9, 0x3c, 0x4c, 0x36, 0x99, 0xa2, 0x01, 0xa0, 0x25, 0x84,
    0x22, 0x9d, 0xa0, 0x08, 0xe8, 0xc6, 0x22, 0x10, 0xf8, 0x60, 0xa2, 0x01,
    0xa0, 0x25, 0x84, 0x22, 0x9d, 0x78, 0x08, 0xe8, 0xc6, 0x22, 0x10, 0xf8,
    0x60, 0xa5, 0x30, 0x29, 0x40, 0xd0, 0x01, 0x60, 0xa6, 0x40, 0xb5, 0x58,
    0x29, 0x40, 0xf0, 0x03, 0x4c, 0xa7, 0x99, 0xa0, 0x02, 0xa9, 0x00, 0x99,
    0x75, 0x00, 0xb6, 0x72, 0xbd, 0x00, 0x03, 0x29, 0x0f, 0xd0, 0x03, 0x20,
    0xc8, 0x99, 0x88, 0x10, 0xec, 0xa2, 0x00, 0xa0, 0x02, 0xb9, 0x75, 0x00,
    0x29, 0x01, 0xf0, 0x01, 0xe8, 0x88, 0x10, 0xf5, 0xe0, 0x03, 0x90, 0x03,
    0x4c, 0x58, 0x9a, 0xe0, 0x01, 0x90, 0x03, 0x4c, 0x43, 0x9a, 0xa2, 0x00,
    0xa0, 0x02, 0xb9, 0x75, 0x00, 0x29, 0x02, 0xf0, 0x01, 0xe8, 0x88, 0x10,
    0xf5, 0xe0, 0x03, 0x90, 0x03, 0x4c, 0x58, 0x9a, 0xe0, 0x01, 0x90, 0x03,
    0x4c, 0x43, 0x9a, 0xa2, 0x02, 0xa9, 0x00, 0x95, 0x75, 0xb4, 0x72, 0xb9,
    0x00, 0x03, 0x29, 0x0f, 0xd0, 0x0e, 0xb9, 0xd8, 0x04, 0xc9, 0x2a, 0xd0,
    0x07, 0x8a, 0x48, 0x20, 0x86, 0xa2, 0x68, 0xaa, 0xca, 0x10, 0xe2, 0x60,
    0x98, 0x48, 0xbd, 0xd8, 0x03, 0xc9, 0x8c, 0xb0, 0x09, 0xbc, 0x40, 0x03,
    0xc8, 0x20, 0x29, 0x9a, 0xb0, 0x39, 0xbd, 0xd8, 0x03, 0xc9, 0x0a, 0x90,
    0x09, 0xbc, 0x40, 0x03, 0x88, 0x20, 0x29, 0x9a, 0xb0, 0x29, 0xbd, 0x18,
    0x04, 0xc9, 0x22, 0x90, 0x0c, 0xbd, 0x40, 0x03, 0x38, 0xe9, 0x0c, 0xa8,
    0x20, 0x29, 0x9a, 0xb0, 0x21, 0xbd, 0x18, 0x04, 0xc9, 0xb0, 0xb0, 0x0c,
    0xbd, 0x40, 0x03, 0x18, 0x69, 0x0c, 0xa8, 0x20, 0x29, 0x9a, 0xb0, 0x0e,
    0x68, 0xa8, 0x60, 0x68, 0xa8, 0xb9, 0x75, 0x00, 0x09, 0x01, 0x99, 0x75,
    0x00, 0x60, 0x68, 0xa8, 0xb9, 0x75, 0x00, 0x09, 0x02, 0x99, 0x75, 0x00,
    0x60, 0xb9, 0x7c, 0x05, 0xf0, 0x13, 0x29, 0x7f, 0xa8, 0xb9, 0x00, 0x03,
    0x29, 0x80, 0xf0, 0x09, 0xb9, 0x00, 0x03, 0x29, 0x0f, 0xd0, 0x02, 0x38,
    0x60, 0x18, 0x60, 0xa2, 0x02, 0xb5, 0x75, 0x09, 0x04, 0x95, 0x75, 0xb4,
    0x72, 0x8a, 0x48, 0x20, 0x60, 0xa2, 0x68, 0xaa, 0xca, 0x10, 0xee, 0x60,
    0x20, 0x43, 0x9a, 0xa6, 0x40, 0xb5, 0x58, 0x09, 0x40, 0x95, 0x58, 0xa2,
    0x02, 0xb4, 0x72, 0xb9, 0xd8, 0x03, 0xc9, 0x0a, 0x90, 0x22, 0xc9, 0x8c,
    0xb0, 0x1e, 0xb9, 0x18, 0x04, 0xc9, 0x22, 0x90, 0x17, 0xc9, 0xb0, 0xb0,
    0x13, 0xca, 0x10, 0xe5, 0xa9, 0x00, 0x8d, 0x14, 0x31, 0x8d, 0x15, 0x31,
    0xa9, 0x01, 0x8d, 0x16, 0x31, 0x4c, 0x9d, 0x9a, 0xa9, 0x00, 0x8d, 0x14,
    0x31, 0x8d, 0x16, 0x31, 0xa9, 0x50, 0x8d, 0x15, 0x31, 0xa5, 0x43, 0x09,
    0x10, 0x85, 0x43, 0x20, 0xb1, 0xa3, 0x20, 0xcf, 0xa3, 0x20, 0xf1, 0xa3,
    0xa2, 0x06, 0x20, 0x74, 0xa3, 0xa2, 0x04, 0xbd, 0x8b, 0xaa, 0x9d, 0x00,
    0x09, 0xca, 0x10, 0xf7, 0xa2, 0x07, 0x20, 0x74, 0xa3, 0xa2, 0x03, 0xbd,
    0x65, 0xaa, 0x9d, 0x31, 0x09, 0xca, 0x10, 0xf7, 0x20, 0x13, 0xa4, 0x20,
    0xde, 0xa7, 0xa9, 0x0a, 0xa2, 0x02, 0x20, 0xa3, 0xa8, 0x60, 0xa9, 0x0f,
    0x85, 0x3d, 0xbd, 0x00, 0x03, 0x29, 0x60, 0xd0, 0x28, 0xbd, 0x00, 0x03,
    0x29, 0x80, 0xf0, 0x1e, 0xa5, 0x75, 0x05, 0x76, 0x05, 0x77, 0x29, 0x04,
    0xf0, 0x0f, 0xbd, 0xd8, 0x04, 0xc9, 0x42, 0xf0, 0x08, 0xa9, 0x42, 0x9d,
    0xd8, 0x04, 0x4c, 0xfe, 0x9b, 0xa9, 0x2a, 0x9d, 0xd8, 0x04, 0x4c, 0xfe,
    0x9b, 0x29, 0x40, 0xd0, 0x03, 0x4c, 0xc2, 0x9b, 0xbd, 0x00, 0x03, 0x29,
    0x0f, 0xa8, 0xb9, 0x80, 0x03, 0x29, 0x10, 0xd0, 0x0b, 0xb9, 0x8c, 0x03,
    0x29, 0x02, 0xf0, 0x01, 0x60, 0x4c, 0xfe, 0x9b, 0xa5, 0x36, 0x30, 0x1c,
    0xbd, 0x00, 0x03, 0x29, 0x20, 0xd0, 0x36, 0xbd, 0xd8, 0x04, 0xf0, 0x08,
    0xa9, 0x00, 0x9d, 0xd8, 0x04, 0x4c, 0xfe, 0x9b, 0xa9, 0x2c, 0x9d, 0xd8,
    0x04, 0x4c, 0xfe, 0x9b, 0xbd, 0x00, 0x03, 0x29, 0x20, 0xd0, 0x1a, 0xb9,
    0x80, 0x03, 0x29, 0x20, 0xd0, 0x08, 0xa9, 0x00, 0x9d, 0xd8, 0x04, 0x4c,
    0xfe, 0x9b, 0xb9, 0x80, 0x03, 0x29, 0xef, 0x99, 0x80, 0x03, 0x4c, 0xfe,
    0x9b, 0xbd, 0xd8, 0x04, 0xc9, 0x05, 0x90, 0xf6, 0xbd, 0x00, 0x03, 0x29,
    0x0f, 0xa8, 0xb9, 0x80, 0x03, 0x29, 0x20, 0xf0, 0x2e, 0xbd, 0xd8, 0x04,
    0xc9, 0x0f, 0x90, 0x76, 0xb9, 0x80, 0x03, 0x29, 0xef, 0x99, 0x80, 0x03,
    0xbd, 0x00, 0x03, 0x29, 0xcf, 0x9d, 0x00, 0x03, 0xbc, 0x40, 0x03, 0xb9,
    0x7c, 0x05, 0x85, 0x22, 0x8a, 0x09, 0x80, 0xc5, 0x22, 0xd0, 0x05, 0xa9,
    0x00, 0x99, 0x7c, 0x05, 0x4c, 0xfe, 0x9b, 0xbd, 0xd8, 0x04, 0xc9, 0x47,
    0xb0, 0x13, 0xc9, 0x44, 0xb0, 0x44, 0xa9, 0x44, 0x9d, 0xd8, 0x04, 0x4c,
    0xfe, 0x9b, 0xbd, 0xd8, 0x04, 0xc9, 0x05, 0x90, 0x35, 0xbc, 0x40, 0x03,
    0xb9, 0x7c, 0x05, 0x85, 0x22, 0x8a, 0x09, 0x80, 0xc5, 0x22, 0xd0, 0x05,
    0xa9, 0x00, 0x99, 0x7c, 0x05, 0xbd, 0x00, 0x03, 0x29, 0x40, 0xf0, 0x0b,
    0xbd, 0x00, 0x03, 0x29, 0x0f, 0xa8, 0xa9, 0x00, 0x99, 0x80, 0x03, 0xa9,
    0xff, 0x9d, 0x40, 0x03, 0xa9, 0x00, 0x9d, 0x00, 0x03, 0x8a, 0xa8, 0x4c,
    0x86, 0xa2, 0xbc, 0x18, 0x04, 0xb9, 0x00, 0x33, 0x85, 0x2a, 0xb9, 0x00,
    0x34, 0x85, 0x2b, 0xbc, 0xd8, 0x04, 0xbd, 0xd8, 0x03, 0x29, 0x03, 0xf0,
    0x00, 0x98, 0x0a, 0xa8, 0xb9, 0x41, 0xb0, 0x85, 0x2c, 0xc8, 0xb9, 0x41,
    0xb0, 0x85, 0x2d, 0xbd, 0xd8, 0x03, 0x4a, 0x4a, 0x85, 0x46, 0xa5, 0x3d,
    0x0a, 0x18, 0x65, 0x3d, 0xa8, 0xb1, 0x2c, 0x85, 0x47, 0xc8, 0xb1, 0x2c,
    0x85, 0x48, 0xc8, 0xb1, 0x2c, 0x85, 0x49, 0xa9, 0x00, 0x85, 0x4a, 0xbd,
    0xd8, 0x03, 0x29, 0x03, 0xf0, 0x1e, 0xc9, 0x02, 0xf0, 0x0a, 0x90, 0x10,
    0x46, 0x47, 0x66, 0x48, 0x66, 0x49, 0x66, 0x4a, 0x46, 0x47, 0x66, 0x48,
    0x66, 0x49, 0x66, 0x4a, 0x46, 0x47, 0x66, 0x48, 0x66, 0x49, 0x66, 0x4a,
    0xa4, 0x46, 0xb1, 0x2a, 0x45, 0x47, 0x91, 0x2a, 0xc8, 0xb1, 0x2a, 0x45,
    0x48, 0x91, 0x2a, 0xc8, 0xb1, 0x2a, 0x45, 0x49, 0x91, 0x2a, 0xc8, 0xb1,
    0x2a, 0x45, 0x4a, 0x91, 0x2a, 0xc6, 0x3d, 0x10, 0x07, 0xbd, 0xd8, 0x04,
    0x9d, 0x18, 0x05, 0x60, 0xa5, 0x2a, 0x38, 0xe9, 0x28, 0x85, 0x2a, 0xb0,
    0x91, 0xc6, 0x2b, 0x4c, 0x2a, 0x9c, 0xa9, 0x0f, 0x85, 0x3d, 0xbd, 0x00,
    0x03, 0x29, 0x40, 0xf0, 0x22, 0xbd, 0x00, 0x03, 0x29, 0x0f, 0xa8, 0xb9,
    0x8c, 0x03, 0x29, 0x01, 0xf0, 0x15, 0xb9, 0x70, 0x05, 0x10, 0x10, 0xb9,
    0x8c, 0x03, 0x29, 0x02, 0xf0, 0x01, 0x60, 0xb9, 0x8c, 0x03, 0x09, 0x02,
    0x99, 0x8c, 0x03, 0xbc, 0x98, 0x04, 0xb9, 0x00, 0x33, 0x85, 0x2a, 0xb9,
    0x00, 0x34, 0x85, 0x2b, 0xbc, 0x18, 0x05, 0xbd, 0x58, 0x04, 0x29, 0x03,
    0xf0, 0x00, 0x98, 0x0a, 0xa8, 0xb9, 0x41, 0xb0, 0x85, 0x2c, 0xc8, 0xb9,
    0x41, 0xb0, 0x85, 0x2d, 0xbd, 0x58, 0x04, 0x4a, 0x4a, 0x85, 0x46, 0xa5,
    0x3d, 0x0a, 0x18, 0x65, 0x3d, 0xa8, 0xb1, 0x2c, 0x85, 0x47, 0xc8, 0xb1,
    0x2c, 0x85, 0x48, 0xc8, 0xb1, 0x2c, 0x85, 0x49, 0xa9, 0x00, 0x85, 0x4a,
    0xbd, 0x58, 0x04, 0x29, 0x03, 0xf0, 0x1e, 0xc9, 0x02, 0xf0, 0x0a, 0x90,
    0x10, 0x46, 0x47, 0x66, 0x48, 0x66, 0x49, 0x66, 0x4a, 0x46, 0x47, 0x66,
    0x48, 0x66, 0x49, 0x66, 0x4a, 0x46, 0x47, 0x66, 0x48, 0x66, 0x49, 0x66,
    0x4a, 0xa4, 0x46, 0xb1, 0x2a, 0x45, 0x47, 0x91, 0x2a, 0xc8, 0xb1, 0x2a,
    0x45, 0x48, 0x91, 0x2a, 0xc8, 0xb1, 0x2a, 0x45, 0x49, 0x91, 0x2a, 0xc8,
    0xb1, 0x2a, 0x45, 0x4a, 0x91, 0x2a, 0xc6, 0x3d, 0x10, 0x01, 0x60, 0xa5,
    0x2a, 0x38, 0xe9, 0x28, 0x85, 0x2a, 0xb0, 0x97, 0xc6, 0x2b, 0x4c, 0xf7,
    0x9c, 0xa2, 0x00, 0xbc, 0xa7, 0x9d, 0xb9, 0x7c, 0x05, 0xf0, 0x04, 0xe8,
    0x4c, 0x67, 0x9d, 0xa6, 0x40, 0x94, 0x70, 0xb9, 0x00, 0x35, 0x18, 0x69,
    0x2e, 0x95, 0x60, 0x95, 0x66, 0xb9, 0x78, 0x35, 0x18, 0x69, 0x20, 0x95,
    0x62, 0x95, 0x64, 0xb5, 0x58, 0x29, 0xc0, 0x95, 0x58, 0xd6, 0x56, 0xa9,
    0x41, 0x85, 0x23, 0x20, 0xea, 0xa2, 0xa6, 0x40, 0xf6, 0x56, 0xa9, 0x00,
    0xa2, 0x00, 0x4c, 0xa3, 0xa8, 0x49, 0x51, 0x35, 0x29, 0x41, 0x42, 0x28,
    0x34, 0x40, 0x2a, 0x36, 0x20, 0xde, 0xa7, 0xa6, 0x40, 0xa5, 0x43, 0x09,
    0x40, 0x85, 0x43, 0xa2, 0x06, 0x20, 0x74, 0xa3, 0x20, 0x3b, 0xa2, 0xa2,
    0x07, 0x20, 0x74, 0xa3, 0xa0, 0x5e, 0xa2, 0x10, 0xa9, 0x08, 0x85, 0x22,
    0x20, 0x53, 0xa2, 0x20, 0xe0, 0xa1, 0x20, 0x13, 0xa4, 0xa9, 0x01, 0x85,
    0x22, 0x20, 0xc4, 0xa2, 0x20, 0xfa, 0x9d, 0xb0, 0x09, 0xa5, 0x43, 0x29,
    0xbf, 0x85, 0x43, 0x4c, 0x27, 0xa4, 0xa6, 0x40, 0x20, 0x17, 0x88, 0xa5,
    0x30, 0x29, 0x00, 0x85, 0x30, 0x60, 0xa6, 0x40, 0x20, 0x6a, 0x89, 0xa5,
    0x43, 0x29, 0x04, 0xf0, 0x11, 0xa5, 0x40, 0x49, 0x01, 0xaa, 0xb5, 0x56,
    0xf0, 0x08, 0xa5, 0x40, 0x49, 0x01, 0x85, 0x40, 0x18, 0x60, 0xa6, 0x40,
    0x38, 0x60, 0xa6, 0x40, 0xb5, 0x58, 0x29, 0x20, 0xf0, 0x20, 0xb5, 0x5a,
    0x30, 0x09, 0xd0, 0x17, 0xd6, 0x56, 0xd0, 0x13, 0x4c, 0xb0, 0x9d, 0x20,
    0xb9, 0xa1, 0x20, 0xde, 0xa7, 0x20, 0xfa, 0x9d, 0xa5, 0x30, 0x09, 0x10,
    0x85, 0x30, 0x60, 0x4c, 0xd7, 0xa0, 0xb5, 0x62, 0x38, 0xe9, 0x20, 0x20,
    0x38, 0xa4, 0xb0, 0x07, 0xa9, 0x00, 0x95, 0x6e, 0x4c, 0x88, 0xa0, 0xb5,
    0x60, 0x38, 0xe9, 0x2e, 0x20, 0x46, 0xa4, 0xb0, 0x07, 0xa9, 0x00, 0x95,
    0x6c, 0x4c, 0x51, 0x9f, 0xb5, 0x68, 0xf0, 0x05, 0x10, 0x06, 0x4c, 0xa6,
    0x9e, 0x4c, 0x42, 0x9f, 0xb5, 0x58, 0x09, 0x01, 0x29, 0xf1, 0x95, 0x58,
    0xb5, 0x60, 0xc9, 0xb9, 0x90, 0x21, 0xb5, 0x58, 0x29, 0x10, 0xd0, 0x03,
    0x4c, 0x49, 0x9f, 0xa5, 0x44, 0x09, 0x01, 0x85, 0x44, 0xa9, 0x70, 0x85,
    0x34, 0x8a, 0x48, 0xa9, 0x16, 0xa2, 0x06, 0x20, 0xa3, 0xa8, 0x68, 0xaa,
    0x4c, 0x42, 0x9f, 0xb5, 0x70, 0xa8, 0xc8, 0x4c, 0xd9, 0x9e, 0xb5, 0x58,
    0x09, 0x02, 0x29, 0xf2, 0x95, 0x58, 0xb5, 0x60, 0xc9, 0x38, 0xb0, 0x21,
    0xb5, 0x58, 0x29, 0x10, 0xd0, 0x03, 0x4c, 0x49, 0x9f, 0xa5, 0x44, 0x09,
    0x02, 0x85, 0x44, 0xa9, 0x70, 0x85, 0x34, 0x8a, 0x48, 0xa9, 0x16, 0xa2,
    0x06, 0x20, 0xa3, 0xa8, 0x68, 0xaa, 0x4c, 0x42, 0x9f, 0xb5, 0x70, 0xa8,
    0x88, 0xb9, 0x7c, 0x05, 0xd0, 0x03, 0x4c, 0x49, 0x9f, 0x29, 0x7f, 0xa8,
    0xb5, 0x58, 0x29, 0x10, 0xf0, 0x56, 0xb9, 0x00, 0x03, 0x29, 0x30, 0xd0,
    0x4f, 0xb5, 0x58, 0x29, 0x03, 0x48, 0x98, 0xaa, 0xb9, 0x00, 0x03, 0x29,
    0x40, 0xf0, 0x25, 0xb9, 0x00, 0x03, 0x29, 0x0f, 0xa8, 0xb9, 0x80, 0x03,
    0x29, 0x20, 0xd0, 0x14, 0x68, 0x19, 0x80, 0x03, 0x99, 0x80, 0x03, 0x8a,
    0xa8, 0xb9, 0x00, 0x03, 0x09, 0x10, 0x99, 0x00, 0x03, 0x4c, 0x2f, 0x9f,
    0x68, 0x4c, 0x3a, 0x9f, 0x8a, 0xa8, 0x68, 0x19, 0x00, 0x03, 0x09, 0x10,
    0x99, 0x00, 0x03, 0xb9, 0x98, 0x03, 0x09, 0x80, 0x99, 0x98, 0x03, 0x20,
    0x60, 0xa2, 0xa6, 0x40, 0xa9, 0x00, 0x95, 0x6a, 0xa6, 0x40, 0xa9, 0x00,
    0x95, 0x6e, 0x4c, 0x60, 0x9f, 0xb5, 0x68, 0x95, 0x6e, 0xa9, 0x00, 0x95,
    0x6c, 0xb5, 0x60, 0x18, 0x75, 0x6e, 0xc9, 0xbb, 0xb0, 0x06, 0xc9, 0x36,
    0x90, 0x02, 0x95, 0x60, 0xb5, 0x60, 0x38, 0xe9, 0x2e, 0xa8, 0xb9, 0xf0,
    0x35, 0x85, 0x22, 0xb5, 0x62, 0x38, 0xe9, 0x40, 0x4a, 0x4a, 0x4a, 0x4a,
    0xa8, 0xb9, 0xa5, 0xbb, 0x18, 0x65, 0x22, 0x95, 0x70, 0xb4, 0x6a, 0xf0,
    0x04, 0xa0, 0x00, 0x84, 0x18, 0xb5, 0x60, 0x38, 0xe9, 0x2e, 0x20, 0x46,
    0xa4, 0xb0, 0x07, 0xa9, 0x00, 0x95, 0x6c, 0x4c, 0xd7, 0xa0, 0xb5, 0x62,
    0x38, 0xe9, 0x20, 0x20, 0x38, 0xa4, 0xb0, 0x03, 0x4c, 0x80, 0xa0, 0xb5,
    0x6a, 0xd0, 0x03, 0x4c, 0x84, 0xa0, 0x30, 0x38, 0xb5, 0x58, 0x09, 0x08,
    0x29, 0xf8, 0x95, 0x58, 0xb5, 0x62, 0xc9, 0xcf, 0x90, 0x21, 0xb5, 0x58,
    0x29, 0x10, 0xd0, 0x03, 0x4c, 0x84, 0xa0, 0xa5, 0x44, 0x09, 0x08, 0x85,
    0x44, 0xa9, 0x70, 0x85, 0x34, 0x8a, 0x48, 0xa9, 0x16, 0xa2, 0x06, 0x20,
    0xa3, 0xa8, 0x68, 0x8a, 0x4c, 0x77, 0xa0, 0xb5, 0x70, 0x18, 0x69, 0x0c,
    0xa8, 0x4c, 0x19, 0xa0, 0xb5, 0x58, 0x09, 0x04, 0x29, 0xf4, 0x95, 0x58,
    0xb5, 0x62, 0xc9, 0x42, 0xb0, 0x21, 0xb5, 0x58, 0x29, 0x10, 0xd0, 0x03,
    0x4c, 0x84, 0xa0, 0xa5, 0x44, 0x09, 0x04, 0x85, 0x44, 0xa9, 0x70, 0x85,
    0x34, 0x8a, 0x48, 0xa9, 0x16, 0xa2, 0x06, 0x20, 0xa3, 0xa8, 0x68, 0x8a,
    0x4c, 0x77, 0xa0, 0xb5, 0x70, 0x38, 0xe9, 0x0c, 0xa8, 0xb9, 0x7c, 0x05,
    0xf0, 0x62, 0x29, 0x7f, 0xa8, 0xb5, 0x58, 0x29, 0x10, 0xf0, 0x50, 0xb9,
    0x00, 0x03, 0x29, 0x30, 0xd0, 0x49, 0xb5, 0x58, 0x29, 0x0c, 0x48, 0x98,
    0xaa, 0xb9, 0x00, 0x03, 0x29, 0x40, 0xf0, 0x25, 0xb9, 0x00, 0x03, 0x29,
    0x0f, 0xa8, 0xb9, 0x80, 0x03, 0x29, 0x20, 0xd0, 0x14, 0x68, 0x19, 0x80,
    0x03, 0x99, 0x80, 0x03, 0x8a, 0xa8, 0xb9, 0x00, 0x03, 0x09, 0x10, 0x99,
    0x00, 0x03, 0x4c, 0x6c, 0xa0, 0x68, 0x4c, 0x77, 0xa0, 0x8a, 0xa8, 0x68,
    0x09, 0x10, 0x19, 0x00, 0x03, 0x99, 0x00, 0x03, 0xb9, 0x98, 0x03, 0x09,
    0x80, 0x99, 0x98, 0x03, 0x20, 0x60, 0xa2, 0xa6, 0x40, 0xa9, 0x00, 0x95,
    0x6c, 0x4c, 0x88, 0xa0, 0xa9, 0x00, 0x95, 0x6e, 0xb5, 0x6a, 0x95, 0x6c,
    0xb5, 0x62, 0x18, 0x75, 0x6c, 0xc9, 0x40, 0x90, 0x08, 0xc9, 0xd1, 0xf0,
    0x04, 0xb0, 0x02, 0x95, 0x62, 0x4c, 0xd7, 0xa0, 0xa6, 0x40, 0xb5, 0x60,
    0x95, 0x66, 0xb5, 0x62, 0x95, 0x64, 0xb5, 0x60, 0x8d, 0x00, 0xd0, 0x8d,
    0x01, 0xd0, 0x18, 0x69, 0x08, 0x8d, 0x02, 0xd0, 0x8d, 0x03, 0xd0, 0xa6,
    0x40, 0xb5, 0x60, 0x38, 0xe9, 0x2e, 0xa8, 0xb9, 0xf0, 0x35, 0x85, 0x22,
    0xb5, 0x62, 0x38, 0xe9, 0x40, 0x4a, 0x4a, 0x4a, 0x4a, 0xa8, 0xb9, 0xa5,
    0xbb, 0x18, 0x65, 0x22, 0x95, 0x70, 0x60, 0xa0, 0x00, 0xa6, 0x40, 0xb5,
    0x58, 0x29, 0x01, 0xf0, 0x07, 0xa0, 0x08, 0xa9, 0x00, 0x4c, 0x0c, 0xa1,
    0xb5, 0x58, 0x29, 0x02, 0xf0, 0x07, 0xa0, 0x0c, 0xa9, 0x00, 0x4c, 0x0c,
    0xa1, 0xb5, 0x58, 0x29, 0x04, 0xf0, 0x07, 0xa0, 0x04, 0xa9, 0x00, 0x4c,
    0x0c, 0xa1, 0xb5, 0x58, 0x29, 0x08, 0xf0, 0x04, 0xa0, 0x00, 0xa9, 0x00,
    0xb5, 0x58, 0x29, 0x10, 0xf0, 0x18, 0xb5, 0x6e, 0x15, 0x6c, 0xd0, 0x08,
    0xf6, 0x5e, 0xb5, 0x5e, 0xc9, 0x04, 0x90, 0x2b, 0xa9, 0x00, 0x95, 0x5e,
    0xb5, 0x58, 0x29, 0xef, 0x95, 0x58, 0xb5, 0x58, 0x29, 0x20, 0xf0, 0x0b,
    0xa0, 0x10, 0xb5, 0x5a, 0x30, 0x05, 0xd6, 0x5a, 0x4c, 0x41, 0xa1, 0xb5,
    0x68, 0x15, 0x6a, 0xf0, 0x0f, 0xa5, 0x13, 0x29, 0x08, 0xf0, 0x09, 0xc8,
    0x4c, 0x50, 0xa1, 0x98, 0x18, 0x75, 0x5e, 0xa8, 0xa9, 0x3f, 0x48, 0x98,
    0x0a, 0xa8, 0xb9, 0x25, 0xab, 0x48, 0xc8, 0xb9, 0x25, 0xab, 0x48, 0x20,
    0xb9, 0xa1, 0x68, 0x85, 0x1f, 0x68, 0x85, 0x1e, 0x68, 0xa8, 0xa6, 0x40,
    0xb5, 0x62, 0xaa, 0xb1, 0x1e, 0x9d, 0x00, 0x0e, 0x88, 0xb1, 0x1e, 0x9d,
    0x00, 0x0c, 0x88, 0xb1, 0x1e, 0x9d, 0x00, 0x0f, 0x88, 0xb1, 0x1e, 0x9d,
    0x00, 0x0d, 0xca, 0x88, 0x10, 0xe5, 0x60, 0xa0, 0x0b, 0xb9, 0x80, 0x03,
    0x30, 0x23, 0x29, 0x20, 0xf0, 0x1f, 0xb9, 0x8c, 0x03, 0x29, 0x01, 0xd0,
    0x18, 0xb9, 0x80, 0x03, 0x09, 0x40, 0x99, 0x80, 0x03, 0xa9, 0x40, 0x99,
    0x70, 0x05, 0x98, 0x48, 0xa9, 0x06, 0xa2, 0x06, 0x20, 0xa3, 0xa8, 0x68,
    0xa8, 0x88, 0x10, 0xd5, 0x60, 0xa0, 0x0f, 0xb5, 0x64, 0xaa, 0xa9, 0x00,
    0x9d, 0x00, 0x0c, 0x9d, 0x00, 0x0d, 0x9d, 0x00, 0x0e, 0x9d, 0x00, 0x0f,
    0xca, 0x88, 0x10, 0xf0, 0x60, 0xa9, 0x30, 0x85, 0x1d, 0xa9, 0x00, 0x85,
    0x1c, 0xa2, 0x1f, 0xa0, 0x0f, 0x4c, 0xea, 0xa1, 0xa9, 0x0f, 0x85, 0x1d,
    0xa0, 0x00, 0x84, 0x1c, 0xa2, 0x03, 0xa9, 0x00, 0x91, 0x1c, 0x88, 0xd0,
    0xfb, 0xc6, 0x1d, 0xca, 0x10, 0xf6, 0x60, 0xa0, 0xff, 0xa2, 0x00, 0xa9,
    0x10, 0x85, 0x1e, 0xa9, 0x10, 0x85, 0x1f, 0xa5, 0x1e, 0x9d, 0x00, 0x33,
    0xa5, 0x1f, 0x9d, 0x00, 0x34, 0x18, 0xa5, 0x1e, 0x69, 0x28, 0x85, 0x1e,
    0x90, 0x02, 0xe6, 0x1f, 0xe8, 0x88, 0xd0, 0xe7, 0x60, 0xb9, 0x99, 0xaa,
    0x09, 0x80, 0x9d, 0x28, 0x08, 0xc8, 0xe8, 0xc6, 0x22, 0x10, 0xf2, 0x60,
    0xb9, 0x99, 0xaa, 0x09, 0x80, 0x9d, 0x50, 0x08, 0xc8, 0xe8, 0xc6, 0x22,
    0x10, 0xf2, 0x60, 0xa6, 0x40, 0xbc, 0xa5, 0x9d, 0xa2, 0x10, 0xa9, 0x07,
    0x85, 0x22, 0xb9, 0x99, 0xaa, 0x9d, 0xf0, 0x08, 0xc8, 0xe8, 0xc6, 0x22,
    0x10, 0xf4, 0x60, 0xb9, 0x99, 0xaa, 0x9d, 0x18, 0x09, 0xc8, 0xe8, 0xc6,
    0x22, 0x10, 0xf4, 0x60, 0xa2, 0x00, 0x84, 0x22, 0xb5, 0x78, 0xf0, 0x07,
    0x29, 0x7f, 0xc5, 0x22, 0xd0, 0x01, 0x60, 0xe8, 0xe0, 0x10, 0x90, 0xf0,
    0xa2, 0x00, 0xb5, 0x78, 0xf0, 0x06, 0xe8, 0xe0, 0x10, 0x90, 0xf7, 0x60,
    0x98, 0x09, 0x80, 0x95, 0x78, 0x60, 0xa2, 0x00, 0x98, 0x09, 0x80, 0xd5,
    0x78, 0xf0, 0x06, 0xe8, 0xe0, 0x10, 0x90, 0xf7, 0x60, 0xa9, 0x00, 0x95,
    0x78, 0x60, 0xa2, 0x00, 0xa0, 0x00, 0xb5, 0x78, 0xd0, 0x17, 0xb9, 0x78,
    0x00, 0xd0, 0x08, 0xc8, 0xc0, 0x10, 0xb0, 0x17, 0x4c, 0xa2, 0xa2, 0xb9,
    0x78, 0x00, 0x95, 0x78, 0xa9, 0x00, 0x99, 0x78, 0x00, 0xe8, 0xe0, 0x10,
    0xb0, 0x05, 0x8a, 0xa8, 0x4c, 0x9e, 0xa2, 0x60, 0x85, 0x25, 0xa9, 0x3b,
    0x85, 0x24, 0xa9, 0x00, 0x85, 0x42, 0xa5, 0x42, 0xf0, 0xfc, 0xc6, 0x24,
    0xd0, 0xf4, 0xc6, 0x25, 0x10, 0xec, 0x60, 0x85, 0x26, 0xa0, 0x07, 0x8d,
    0x0a, 0xd4, 0x88, 0x10, 0xfa, 0xc6, 0x26, 0x10, 0xf4, 0x60, 0xa9, 0x00,
    0xa2, 0x0a, 0x9d, 0x29, 0x08, 0xca, 0x10, 0xfa, 0xa6, 0x40, 0xb5, 0x56,
    0x30, 0x02, 0xd0, 0x01, 0x60, 0x85, 0x22, 0xa5, 0x22, 0x0a, 0xaa, 0xa4,
    0x23, 0x98, 0x9d, 0x28, 0x08, 0xe8, 0xc8, 0x98, 0x9d, 0x28, 0x08, 0xc6,
    0x22, 0xd0, 0xec, 0x60, 0xa9, 0x00, 0xa2, 0x18, 0x9d, 0x34, 0x08, 0xca,
    0x10, 0xfa, 0xa0, 0x0b, 0xa2, 0x18, 0xb9, 0x80, 0x03, 0x29, 0x10, 0xf0,
    0x0c, 0xa9, 0x48, 0x9d, 0x34, 0x08, 0xca, 0xa9, 0x47, 0x9d, 0x34, 0x08,
    0xca, 0x88, 0x10, 0xea, 0x60, 0xa2, 0x02, 0xa9, 0x49, 0x9d, 0xc8, 0x08,
    0xe8, 0xa9, 0x4a, 0x9d, 0xc8, 0x08, 0xe8, 0xa9, 0x1b, 0x9d, 0xc8, 0x08,
    0xe8, 0xa9, 0x1c, 0x9d, 0xc8, 0x08, 0xe8, 0xa9, 0x1d, 0x9d, 0xc8, 0x08,
    0xe8, 0x8a, 0xa8, 0x2c, 0x63, 0xa3, 0xa5, 0x3a, 0x20, 0xb5, 0xa6, 0x60,
    0x00, 0x08, 0x28, 0x08, 0x50, 0x08, 0x78, 0x08, 0xa0, 0x08, 0xc8, 0x08,
    0xf0, 0x08, 0x18, 0x09, 0x8a, 0x0a, 0xa8, 0xb9, 0x64, 0xa3, 0x85, 0x1e,
    0xc8, 0xb9, 0x64, 0xa3, 0x85, 0x1f, 0xa0, 0x27, 0xa9, 0x00, 0x91, 0x1e,
    0x88, 0x10, 0xfb, 0x60, 0xa9, 0x5a, 0xa2, 0xd0, 0x9d, 0x00, 0x0b, 0x49,
    0xdb, 0xca, 0xe0, 0x30, 0xb0, 0xf6, 0x60, 0xa2, 0x01, 0xa9, 0x25, 0x85,
    0x22, 0xa9, 0x3b, 0x9d, 0x78, 0x08, 0xa9, 0x3e, 0x9d, 0xa0, 0x08, 0xe8,
    0xc6, 0x22, 0x10, 0xf1, 0x60, 0xa2, 0xd0, 0xa0, 0x07, 0xb9, 0xc7, 0xa3,
    0x9d, 0x00, 0x0b, 0xca, 0xe0, 0x30, 0xb0, 0x01, 0x60, 0x88, 0x10, 0xf1,
    0x4c, 0xb3, 0xa3, 0x0f, 0x96, 0x96, 0x0f, 0xf0, 0x69, 0x69, 0xf0, 0xa2,
    0x01, 0xa9, 0x25, 0x85, 0x22, 0x4c, 0xe8, 0xa3, 0xa5, 0x24, 0x9d, 0x78,
    0x08, 0xe8, 0xe6, 0x24, 0xc6, 0x22, 0x10, 0x01, 0x60, 0x88, 0x10, 0xf0,
    0xa0, 0x01, 0xa9, 0x05, 0x85, 0x24, 0x4c, 0xd8, 0xa3, 0xa2, 0x26, 0xa9,
    0x25, 0x85, 0x22, 0x4c, 0x0a, 0xa4, 0xa5, 0x24, 0x9d, 0xa0, 0x08, 0xca,
    0xe6, 0x24, 0xc6, 0x22, 0x10, 0x01, 0x60, 0x88, 0x10, 0xf0, 0xa0, 0x01,
    0xa9, 0x07, 0x85, 0x24, 0x4c, 0xfa, 0xa3, 0xa9, 0x00, 0x85, 0x42, 0xa5,
    0x42, 0xf0, 0xfc, 0xa0, 0x02, 0xb9, 0x52, 0xa9, 0x99, 0x4e, 0x06, 0x88,
    0x10, 0xf7, 0x60, 0xa5, 0x43, 0x29, 0x40, 0xd0, 0x0a, 0xa0, 0x02, 0xa9,
    0x0e, 0x99, 0x4e, 0x06, 0x88, 0x10, 0xf8, 0x60, 0xa0, 0x09, 0xd9, 0x9b,
    0xbb, 0xf0, 0x05, 0x88, 0x10, 0xf8, 0x18, 0x60, 0x38, 0x60, 0xa0, 0x0b,
    0xd9, 0x00, 0x35, 0xf0, 0x05, 0x88, 0x10, 0xf8, 0x18, 0x60, 0x38, 0x60,
    0xa9, 0x09, 0x85, 0x22, 0xa2, 0x00, 0xa9, 0x08, 0xa0, 0x0b, 0x9d, 0x00,
    0x35, 0x18, 0x69, 0x0c, 0xe8, 0x88, 0x10, 0xf6, 0xc6, 0x22, 0x10, 0xee,
    0x60, 0xa9, 0x09, 0x85, 0x22, 0xa9, 0x20, 0xa2, 0x00, 0xa0, 0x0b, 0x9d,
    0x78, 0x35, 0xe8, 0x88, 0x10, 0xf9, 0x18, 0x69, 0x10, 0xc6, 0x22, 0x10,
    0xf0, 0x60, 0xa9, 0x0b, 0x85, 0x22, 0xa2, 0x14, 0xa9, 0x01, 0xa0, 0x0b,
    0x9d, 0xf0, 0x35, 0xe8, 0x88, 0x10, 0xf9, 0x18, 0x69, 0x01, 0xc6, 0x22,
    0x10, 0xf0, 0x60, 0x2c, 0x4b, 0xa5, 0xa0, 0x10, 0xad, 0x17, 0x31, 0x20,
    0x8e, 0xa6, 0xad, 0x16, 0x31, 0x20, 0x8e, 0xa6, 0xad, 0x15, 0x31, 0x20,
    0x8e, 0xa6, 0xad, 0x14, 0x31, 0xb8, 0x20, 0x8e, 0xa6, 0xf8, 0xad, 0x14,
    0x31, 0x38, 0xe9, 0x25, 0x8d, 0x14, 0x31, 0xad, 0x15, 0x31, 0xe9, 0x00,
    0x8d, 0x15, 0x31, 0xad, 0x16, 0x31, 0xe9, 0x00, 0x8d, 0x16, 0x31, 0xad,
    0x17, 0x31, 0xe9, 0x00, 0x8d, 0x17, 0x31, 0xd8, 0xa9, 0x25, 0x8d, 0xc9,
    0x36, 0xa9, 0x00, 0x8d, 0xca, 0x36, 0x8d, 0xcb, 0x36, 0xa5, 0x40, 0x85,
    0x3c, 0x20, 0xdb, 0xa5, 0xad, 0x14, 0x31, 0xd0, 0x38, 0xad, 0x15, 0x31,
    0xd0, 0x33, 0xad, 0x16, 0x31, 0xd0, 0x2e, 0xad, 0x17, 0x31, 0xd0, 0x29,
    0x20, 0x8b, 0xa1, 0x20, 0xde, 0xa7, 0xa9, 0x0e, 0xa2, 0x00, 0x20, 0xa3,
    0xa8, 0x20, 0x27, 0xa4, 0x20, 0x9b, 0xa3, 0x20, 0x8c, 0xa3, 0xa6, 0x40,
    0xb5, 0x58, 0x09, 0x40, 0x95, 0x58, 0xa5, 0x43, 0x29, 0xef, 0x09, 0x20,
    0x85, 0x43, 0x4c, 0x37, 0xa5, 0xa5, 0x13, 0x29, 0x08, 0xd0, 0x05, 0xa9,
    0x41, 0x4c, 0x3e, 0xa5, 0xa9, 0x43, 0x85, 0x23, 0xa6, 0x40, 0xd6, 0x56,
    0x20, 0xea, 0xa2, 0xa6, 0x40, 0xf6, 0x56, 0x60, 0xa9, 0x00, 0x8d, 0xbf,
    0x36, 0x8d, 0xc2, 0x36, 0x8d, 0xc5, 0x36, 0x60, 0xa2, 0x01, 0xa9, 0x00,
    0x9d, 0xbd, 0x36, 0x9d, 0xc0, 0x36, 0x9d, 0xc3, 0x36, 0x9d, 0xc6, 0x36,
    0xa9, 0x03, 0x9d, 0xce, 0x36, 0xa9, 0x00, 0x9d, 0xcc, 0x36, 0xca, 0x10,
    0xe5, 0xa9, 0x00, 0x8d, 0xc9, 0x36, 0x8d, 0xca, 0x36, 0x8d, 0xcb, 0x36,
    0xa9, 0x02, 0x85, 0x3c, 0x20, 0xdb, 0xa5, 0xa9, 0x00, 0x85, 0x3c, 0x20,
    0xdb, 0xa5, 0xa9, 0x01, 0x85, 0x3c, 0x20, 0xdb, 0xa5, 0x60, 0xa2, 0x01,
    0xad, 0xbf, 0x36, 0xdd, 0xbd, 0x36, 0xad, 0xc2, 0x36, 0xfd, 0xc0, 0x36,
    0xad, 0xc5, 0x36, 0xfd, 0xc3, 0x36, 0xad, 0xc8, 0x36, 0xfd, 0xc6, 0x36,
    0xb0, 0x18, 0xbd, 0xbd, 0x36, 0x8d, 0xbf, 0x36, 0xbd, 0xc0, 0x36, 0x8d,
    0xc2, 0x36, 0xbd, 0xc3, 0x36, 0x8d, 0xc5, 0x36, 0xbd, 0xc6, 0x36, 0x8d,
    0xc8, 0x36, 0xca, 0x10, 0xcb, 0xa5, 0x3c, 0x48, 0xa9, 0x02, 0x85, 0x3c,
    0x20, 0xdb, 0xa5, 0x68, 0x85, 0x3c, 0x60, 0xa6, 0x3c, 0xf8, 0xbd, 0xbd,
    0x36, 0x18, 0x6d, 0xc9, 0x36, 0x9d, 0xbd, 0x36, 0xbd, 0xc0, 0x36, 0x6d,
    0xca, 0x36, 0x9d, 0xc0, 0x36, 0xbd, 0xc3, 0x36, 0x6d, 0xcb, 0x36, 0x9d,
    0xc3, 0x36, 0xa9, 0x00, 0x7d, 0xc6, 0x36, 0x9d, 0xc6, 0x36, 0xd8, 0xa9,
    0x00, 0x8d, 0xc9, 0x36, 0x8d, 0xca, 0x36, 0x8d, 0xcb, 0x36, 0x2c, 0x66,
    0xa6, 0xbc, 0x8e, 0xa9, 0xbd, 0xc6, 0x36, 0x20, 0x67, 0xa6, 0xbd, 0xc3,
    0x36, 0x20, 0x67, 0xa6, 0xbd, 0xc0, 0x36, 0x20, 0x67, 0xa6, 0xbd, 0xbd,
    0x36, 0xb8, 0x20, 0x67, 0xa6, 0xe0, 0x02, 0xb0, 0x35, 0xbd, 0xcc, 0x36,
    0xc9, 0xff, 0xf0, 0x2e, 0xbd, 0xc0, 0x36, 0xdd, 0xcc, 0x36, 0xbd, 0xc3,
    0x36, 0xfd, 0xce, 0x36, 0x90, 0x20, 0xa9, 0xff, 0x9d, 0xcc, 0x36, 0xb5,
    0x56, 0x30, 0x17, 0xc9, 0x06, 0x90, 0x06, 0xa9, 0x06, 0x95, 0x56, 0xd0,
    0x0d, 0xa6, 0x40, 0xa9, 0x41, 0x85, 0x23, 0x20, 0xea, 0xa2, 0xa6, 0x40,
    0xf6, 0x56, 0x60, 0x85, 0x22, 0x4a, 0x4a, 0x4a, 0x4a, 0xd0, 0x04, 0x50,
    0x02, 0xf0, 0x04, 0xb8, 0x18, 0x69, 0x10, 0x99, 0x00, 0x08, 0xa5, 0x22,
    0x29, 0x0f, 0xd0, 0x04, 0x50, 0x02, 0xf0, 0x04, 0xb8, 0x18, 0x69, 0x10,
    0xc8, 0x99, 0x00, 0x08, 0xc8, 0x60, 0x85, 0x22, 0x4a, 0x4a, 0x4a, 0x4a,
    0xd0, 0x04, 0x50, 0x02, 0xf0, 0x04, 0xb8, 0x18, 0x69, 0x10, 0x99, 0x18,
    0x09, 0xa5, 0x22, 0x29, 0x0f, 0xd0, 0x04, 0x50, 0x02, 0xf0, 0x04, 0xb8,
    0x18, 0x69, 0x10, 0xc8, 0x99, 0x18, 0x09, 0xc8, 0x60, 0x85, 0x22, 0x4a,
    0x4a, 0x4a, 0x4a, 0xd0, 0x04, 0x50, 0x02, 0xf0, 0x04, 0xb8, 0x18, 0x69,
    0x10, 0x99, 0xc8, 0x08, 0xa5, 0x22, 0x29, 0x0f, 0xd0, 0x04, 0x50, 0x02,
    0xf0, 0x04, 0xb8, 0x18, 0x69, 0x10, 0xc8, 0x99, 0xc8, 0x08, 0xc8, 0x60,
    0xa6, 0x40, 0xf8, 0xbd, 0xb7, 0x36, 0x18, 0x69, 0x01, 0x9d, 0xb7, 0x36,
    0xc9, 0x60, 0x90, 0x20, 0xa9, 0x00, 0x9d, 0xb7, 0x36, 0xbd, 0xb9, 0x36,
    0x18, 0x69, 0x01, 0x9d, 0xb9, 0x36, 0xc9, 0x60, 0x90, 0x0e, 0xa9, 0x00,
    0x9d, 0xb9, 0x36, 0xbd, 0xbb, 0x36, 0x18, 0x69, 0x01, 0x9d, 0xbb, 0x36,
    0xd8, 0x60, 0xa2, 0x07, 0x20, 0x74, 0xa3, 0xa0, 0x18, 0xb9, 0x91, 0xa9,
    0x99, 0x20, 0x09, 0x88, 0x10, 0xf7, 0xa6, 0x40, 0xb8, 0xa0, 0x11, 0xbd,
    0xbb, 0x36, 0x20, 0x8e, 0xa6, 0xa0, 0x19, 0xbd, 0xb9, 0x36, 0xb8, 0x20,
    0x8e, 0xa6, 0xf8, 0xbd, 0xbb, 0x36, 0xd0, 0x13, 0xa0, 0x02, 0xbd, 0xb9,
    0x36, 0xc9, 0x20, 0x90, 0x0c, 0x38, 0xe9, 0x10, 0x9d, 0xb9, 0x36, 0xc8,
    0x4c, 0x3a, 0xa7, 0xa0, 0x07, 0xd8, 0x98, 0x0a, 0x85, 0x3b, 0xc0, 0x03,
    0xb0, 0x08, 0xa9, 0x50, 0x8d, 0xca, 0x36, 0x4c, 0x87, 0xa7, 0xc0, 0x04,
    0xb0, 0x08, 0xa9, 0x20, 0x8d, 0xca, 0x36, 0x4c, 0x87, 0xa7, 0xc0, 0x05,
    0xb0, 0x06, 0xa9, 0x10, 0x8d, 0xca, 0x36, 0x60, 0xc0, 0x06, 0xb0, 0x06,
    0xa9, 0x05, 0x8d, 0xca, 0x36, 0x60, 0xc0, 0x07, 0xb0, 0x05, 0xa9, 0x10,
    0x8d, 0xc9, 0x36, 0x60, 0x8a, 0x48, 0x20, 0xde, 0xa7, 0xa6, 0x40, 0x20,
    0xb9, 0xa1, 0x20, 0x0e, 0xa7, 0x78, 0xa9, 0xa8, 0x8d, 0x31, 0x02, 0xa9,
    0xe8, 0x8d, 0x30, 0x02, 0xa5, 0x43, 0x09, 0x08, 0x85, 0x43, 0x58, 0xa9,
    0x01, 0x20, 0xc4, 0xa2, 0xa5, 0x40, 0x85, 0x3c, 0x20, 0xdb, 0xa5, 0xa9,
    0x04, 0xa2, 0x04, 0x20, 0xa3, 0xa8, 0x20, 0xd1, 0xa1, 0x78, 0x20, 0x89,
    0x88, 0x20, 0xde, 0xa7, 0xa9, 0x06, 0x8d, 0x31, 0x02, 0xa9, 0x00, 0x8d,
    0x30, 0x02, 0xa5, 0x43, 0x29, 0xf7, 0x85, 0x43, 0x58, 0xa5, 0x30, 0x09,
    0x08, 0x85, 0x30, 0x68, 0xaa, 0x60, 0xa9, 0x00, 0xa2, 0x08, 0x95, 0xa0,
    0x95, 0xc0, 0xca, 0x10, 0xf9, 0xa2, 0x07, 0xb5, 0xa8, 0x9d, 0x00, 0xd2,
    0xca, 0x10, 0xf8, 0xa2, 0x06, 0x20, 0x00, 0xa8, 0xca, 0xca, 0x10, 0xf9,
    0x60, 0x20, 0x9c, 0xa8, 0xb5, 0xa0, 0xd0, 0x0a, 0xb5, 0xa1, 0xd0, 0x06,
    0x95, 0xa9, 0x9d, 0x01, 0xd2, 0x60, 0xa1, 0xa0, 0x4a, 0x4a, 0x4a, 0x4a,
    0x4a, 0xd0, 0x06, 0xa1, 0xa0, 0x29, 0x1f, 0x69, 0x08, 0xa8, 0xb9, 0xc4,
    0xa8, 0x48, 0xb9, 0xbf, 0xa8, 0x48, 0xa1, 0xa0, 0x29, 0x1f, 0x60, 0x20,
    0x9c, 0xa8, 0x29, 0x01, 0xf0, 0x07, 0xa1, 0xa0, 0x95, 0xa8, 0x4c, 0xfd,
    0xa7, 0xa1, 0xa0, 0x95, 0xa9, 0x4c, 0xfd, 0xa7, 0x20, 0x9c, 0xa8, 0xa1,
    0xa0, 0xa8, 0x20, 0x9c, 0xa8, 0xa1, 0xa0, 0x85, 0x22, 0x20, 0x9c, 0xa8,
    0xb5, 0xa0, 0x95, 0xb8, 0xb5, 0xa1, 0x95, 0xb9, 0x98, 0x95, 0xa0, 0xa5,
    0x22, 0x95, 0xa1, 0x4c, 0xfd, 0xa7, 0xb5, 0xb8, 0x95, 0xa0, 0xb5, 0xb9,
    0x95, 0xa1, 0x4c, 0xfd, 0xa7, 0x20, 0x9c, 0xa8, 0xa1, 0xa0, 0xa8, 0x20,
    0x9c, 0xa8, 0xa1, 0xa0, 0x95, 0xa1, 0x94, 0xa0, 0x4c, 0x00, 0xa8, 0xa8,
    0xb5, 0xb0, 0xd0, 0x0c, 0xb5, 0xb1, 0x30, 0x0b, 0x94, 0xb0, 0xb5, 0xb1,
    0x09, 0x80, 0x95, 0xb1, 0xd6, 0xb0, 0x60, 0xb5, 0xb1, 0x29, 0x7f, 0x95,
    0xb1, 0x4c, 0xfd, 0xa7, 0xf6, 0xa0, 0xd0, 0x02, 0xf6, 0xa1, 0x60, 0x0a,
    0xa8, 0xb9, 0xb1, 0xbb, 0xd5, 0xa1, 0x90, 0x13, 0x85, 0x22, 0xb9, 0xb0,
    0xbb, 0xd5, 0xa0, 0x90, 0x0a, 0x95, 0xc0, 0xa5, 0x22, 0x95, 0xc1, 0xa9,
    0xff, 0x95, 0xd1, 0x60, 0x2a, 0x3f, 0x61, 0x6c, 0x7e, 0xa8, 0xa8, 0xa8,
    0xa8, 0xa8, 0x21, 0x40, 0x20, 0xc5, 0xa2, 0x21, 0x36, 0xa2, 0x21, 0x20,
    0xa4, 0x80, 0xca, 0xa8, 0x13, 0x85, 0x6b, 0x84, 0x6b, 0x84, 0xc8, 0x85,
    0xd4, 0x85, 0x32, 0x86, 0x32, 0x86, 0x32, 0x86, 0x70, 0x60, 0x42, 0x00,
    0x08, 0x80, 0x44, 0x28, 0x08, 0x44, 0x78, 0x08, 0x4e, 0x90, 0x12, 0x70,
    0x70, 0x70, 0x70, 0x44, 0x18, 0x09, 0x70, 0x44, 0xa9, 0xa9, 0x70, 0x44,
    0xd1, 0xa9, 0x70, 0x44, 0xf9, 0xa9, 0x70, 0x44, 0x21, 0xaa, 0x70, 0x44,
    0x49, 0xaa, 0x70, 0x44, 0x71, 0xaa, 0x70, 0x70, 0x70, 0x44, 0xa0, 0x08,
    0x44, 0xc8, 0x08, 0x41, 0x00, 0x06, 0x4e, 0x00, 0x20, 0x70, 0x70, 0xf0,
    0x45, 0x78, 0x08, 0x30, 0xc4, 0x18, 0x09, 0x47, 0xdc, 0xbf, 0xb0, 0x45,
    0x78, 0x08, 0x70, 0x70, 0x70, 0xf0, 0x46, 0x50, 0x08, 0x30, 0x46, 0x64,
    0x08, 0x70, 0x70, 0x70, 0x70, 0x70, 0x60, 0xf0, 0x45, 0x78, 0x08, 0x80,
    0x44, 0xc8, 0x08, 0x41, 0x25, 0xa9, 0x01, 0x55, 0xa9, 0x44, 0xf0, 0x08,
    0x44, 0x18, 0x09, 0x01, 0x60, 0x06, 0x00, 0x0e, 0x1c, 0x04, 0x03, 0x05,
    0xc8, 0x36, 0xc8, 0x36, 0x36, 0x36, 0x00, 0x84, 0x00, 0x28, 0x48, 0x1a,
    0x68, 0x00, 0x00, 0x02, 0x02, 0x02, 0x02, 0x02, 0x02, 0x02, 0x02, 0x00,
    0x00, 0x00, 0x02, 0x02, 0x02, 0x02, 0x02, 0x02, 0x02, 0x02, 0x02, 0x02,
    0x02, 0x02, 0x02, 0x02, 0x02, 0x02, 0x03, 0x1f, 0x10, 0x27, 0x21, 0x2d,
    0x25, 0x34, 0x29, 0x2d, 0x25, 0x00, 0x00, 0x00, 0x00, 0x00, 0x2d, 0x29,
    0x2e, 0x0e, 0x00, 0x00, 0x00, 0x33, 0x25, 0x23, 0x0e, 0x00, 0x00, 0x00,
    0x00, 0x00, 0x00, 0x00, 0x00, 0x26, 0x32, 0x2f, 0x2d, 0x00, 0x10, 0x10,
    0x00, 0x34, 0x2f, 0x00, 0x11, 0x19, 0x00, 0x0e, 0x15, 0x10, 0x10, 0x10,
    0x00, 0x30, 0x34, 0x33, 0x0e, 0x00, 0x00, 0x00, 0x00, 0x00, 0x00, 0x00,
    0x00, 0x00, 0x00, 0x00, 0x00, 0x00, 0x00, 0x00, 0x00, 0x26, 0x32, 0x2f,
    0x2d, 0x00, 0x12, 0x10, 0x00, 0x34, 0x2f, 0x00, 0x12, 0x19, 0x00, 0x0e,
    0x12, 0x10, 0x10, 0x10, 0x00, 0x30, 0x34, 0x33, 0x0e, 0x00, 0x00, 0x00,
    0x00, 0x00, 0x00, 0x00, 0x00, 0x00, 0x00, 0x00, 0x00, 0x00, 0x00, 0x00,
    0x00, 0x26, 0x32, 0x2f, 0x2d, 0x00, 0x13, 0x10, 0x00, 0x34, 0x2f, 0x00,
    0x13, 0x19, 0x00, 0x0e, 0x11, 0x10, 0x10, 0x10, 0x00, 0x30, 0x34, 0x33,
    0x0e, 0x00, 0x00, 0x00, 0x00, 0x00, 0x00, 0x00, 0x00, 0x00, 0x00, 0x00,
    0x00, 0x00, 0x00, 0x00, 0x00, 0x26, 0x32, 0x2f, 0x2d, 0x00, 0x14, 0x10,
    0x00, 0x34, 0x2f, 0x00, 0x14, 0x19, 0x00, 0x0e, 0x0e, 0x15, 0x10, 0x10,
    0x00, 0x30, 0x34, 0x33, 0x0e, 0x00, 0x00, 0x00, 0x00, 0x00, 0x00, 0x00,
    0x00, 0x00, 0x00, 0x00, 0x00, 0x00, 0x00, 0x00, 0x00, 0x26, 0x32, 0x2f,
    0x2d, 0x00, 0x15, 0x10, 0x00, 0x34, 0x2f, 0x00, 0x15, 0x19, 0x00, 0x0e,
    0x0e, 0x0e, 0x11, 0x10, 0x00, 0x30, 0x34, 0x33, 0x0e, 0x00, 0x00, 0x00,
    0x00, 0x00, 0x00, 0x00, 0x00, 0x00, 0x00, 0x00, 0x00, 0x00, 0x00, 0x00,
    0x00, 0x16, 0x10, 0x00, 0x21, 0x2e, 0x24, 0x00, 0x2f, 0x36, 0x25, 0x32,
    0x00, 0x00, 0x00, 0x00, 0x2e, 0x2f, 0x00, 0x22, 0x2f, 0x2e, 0x35, 0x33,
    0x0e, 0x00, 0x00, 0x00, 0x00, 0x00, 0x00, 0x00, 0x00, 0x00, 0x29, 0x2e,
    0x34, 0x25, 0x32, 0x2d, 0x25, 0x24, 0x29, 0x21, 0x34, 0x25, 0x00, 0x00,
    0x00, 0x21, 0x24, 0x36, 0x21, 0x2e, 0x23, 0x25, 0x24, 0x00, 0x00, 0x00,
    0x00, 0x00, 0x00, 0x00, 0x22, 0x25, 0x27, 0x29, 0x2e, 0x2e, 0x25, 0x32,
    0x00, 0x00, 0x00, 0x00, 0x00, 0x00, 0x00, 0x34, 0x37, 0x2f, 0x00, 0x30,
    0x2c, 0x21, 0x39, 0x25, 0x32, 0x33, 0x00, 0x00, 0x00, 0x2f, 0x2e, 0x25,
    0x00, 0x30, 0x2c, 0x21, 0x39, 0x25, 0x32, 0x00, 0x00, 0x00, 0x30, 0x2c,
    0x21, 0x39, 0x25, 0x32, 0x00, 0x11, 0x30, 0x2c, 0x21, 0x39, 0x25, 0x32,
    0x00, 0x12, 0x32, 0x25, 0x21, 0x24, 0x39, 0x27, 0x21, 0x2d, 0x25, 0x00,
    0x2f, 0x36, 0x25, 0x32, 0x00, 0x30, 0x21, 0x35, 0x33, 0x25, 0x00, 0x2d,
    0x2f, 0x24, 0x25, 0x00, 0x00, 0x00, 0x00, 0x00, 0x00, 0x00, 0x00, 0x00,
    0x00, 0x00, 0x00, 0x00, 0x03, 0x04, 0x00, 0x11, 0x19, 0x18, 0x13, 0x00,
    0x21, 0x34, 0x21, 0x32, 0x29, 0xc9, 0xab, 0x09, 0xac, 0xc9, 0xae, 0x09,
    0xaf, 0x49, 0xab, 0x89, 0xab, 0x49, 0xae, 0x89, 0xae, 0x49, 0xac, 0x89,
    0xac, 0x49, 0xad, 0x89, 0xad, 0xc9, 0xac, 0x09, 0xad, 0xc9, 0xad, 0x09,
    0xae, 0x49, 0xaf, 0x89, 0xaf, 0x03, 0xc0, 0x00, 0x00, 0x07, 0xe0, 0x01,
    0x00, 0x0f, 0xf0, 0x02, 0x00, 0x0f, 0xf0, 0x02, 0x00, 0x0f, 0xf0, 0x00,
    0x00, 0x0f, 0xf0, 0x00, 0x00, 0x07, 0xe0, 0x02, 0x00, 0x07, 0xe0, 0x0a,
    0x10, 0x0f, 0xf0, 0x10, 0x08, 0x0f, 0xf0, 0x30, 0x0c, 0x0f, 0xf0, 0x20,
    0x04, 0x0f, 0xf0, 0x00, 0x00, 0x07, 0xe0, 0x00, 0x00, 0x03, 0x80, 0x06,
    0x60, 0x00, 0x00, 0x0e, 0x00, 0x00, 0x00, 0x0e, 0x00, 0x03, 0xc0, 0x00,
    0x00, 0x07, 0xe0, 0x01, 0x00, 0x0f, 0xf0, 0x02, 0x00, 0x0f, 0xf0, 0x22,
    0x04, 0x0f, 0xf0, 0x20, 0x04, 0x0f, 0xf0, 0x20, 0x04, 0x07, 0xe0, 0x32,
    0x0c, 0x0f, 0xf0, 0x12, 0x08, 0x0f, 0xf0, 0x10, 0x08, 0x0f, 0xf0, 0x00,
    0x00, 0x0f, 0xf0, 0x00, 0x00, 0x0f, 0xf0, 0x00, 0x00, 0x0f, 0xf0, 0x00,
    0x00, 0x01, 0xc0, 0x06, 0x30, 0x00, 0x00, 0x00, 0x70, 0x00, 0x00, 0x00,
    0x70, 0x03, 0xc0, 0x00, 0x00, 0x07, 0xe0, 0x00, 0x00, 0x0f, 0xf0, 0x02,
    0x40, 0x0d, 0xb0, 0x00, 0x00, 0x0d, 0xb0, 0x00, 0x00, 0x0e, 0x70, 0x01,
    0x80, 0x06, 0x60, 0x01, 0x80, 0x07, 0xe0, 0x08, 0x10, 0x0f, 0xf0, 0x11,
    0x88, 0x0f, 0xf0, 0x33, 0xcc, 0x0f, 0xf0, 0x23, 0xc4, 0x0f, 0xf0, 0x23,
    0xc0, 0x0f, 0xf0, 0x01, 0x80, 0x03, 0x80, 0x0c, 0x60, 0x00, 0x00, 0x0e,
    0x00, 0x00, 0x00, 0x0e, 0x00, 0x03, 0xc0, 0x00, 0x00, 0x07, 0xe0, 0x00,
    0x00, 0x0f, 0xf0, 0x00, 0x00, 0x0f, 0xf0, 0x22, 0x44, 0x0c, 0x30, 0x21,
    0x84, 0x0e, 0x70, 0x21, 0x84, 0x07, 0xe0, 0x30, 0x0c, 0x0f, 0xf0, 0x10,
    0x08, 0x0f, 0xf0, 0x11, 0x88, 0x0f, 0xf0, 0x03, 0xc0, 0x0f, 0xf0, 0x03,
    0xc0, 0x0f, 0xf0, 0x03, 0xc0, 0x07, 0xe0, 0x01, 0x80, 0x01, 0xc0, 0x06,
    0x30, 0x00, 0x00, 0x00, 0x70, 0x00, 0x00, 0x00, 0x70, 0x03, 0x80, 0x00,
    0x00, 0x07, 0xc0, 0x00, 0x00, 0x0f, 0xe0, 0x00, 0x00, 0x0f, 0xc0, 0x00,
    0xb8, 0x0f, 0x20, 0x01, 0x10, 0x07, 0xe0, 0x00, 0x80, 0x04, 0xe0, 0x03,
    0x00, 0x01, 0xe0, 0x0e, 0x40, 0x03, 0xe0, 0x0c, 0xc0, 0x07, 0xe0, 0x19,
    0xc0, 0x07, 0xe0, 0x19, 0xc0, 0x0f, 0xe0, 0x01, 0xc0, 0x07, 0xc0, 0x01,
    0x80, 0x00, 0x00, 0x03, 0x00, 0x00, 0x00, 0x03, 0x80, 0x00, 0x00, 0x00,
    0x00, 0x03, 0x80, 0x00, 0x00, 0x07, 0xc0, 0x00, 0x00, 0x0f, 0xe0, 0x00,
    0x80, 0x0f, 0x20, 0x01, 0x00, 0x0f, 0xc0, 0x00, 0xb8, 0x07, 0xe0, 0x00,
    0x10, 0x06, 0xe0, 0x01, 0x00, 0x0c, 0xe0, 0x03, 0x40, 0x0c, 0xe0, 0x03,
    0xc0, 0x0c, 0xe0, 0x03, 0xc0, 0x0c, 0xe0, 0x03, 0xc0, 0x0c, 0xe0, 0x03,
    0xc0, 0x05, 0xc0, 0x12, 0x90, 0x03, 0x80, 0x18, 0x30, 0x00, 0x00, 0x0c,
    0x60, 0x00, 0x00, 0x00, 0x00, 0x01, 0xc0, 0x00, 0x00, 0x03, 0xe0, 0x00,
    0x00, 0x07, 0xf0, 0x00, 0x00, 0x03, 0xf0, 0x1d, 0x00, 0x04, 0xf0, 0x08,
    0x80, 0x07, 0xe0, 0x01, 0x00, 0x07, 0x20, 0x00, 0xc0, 0x07, 0x80, 0x02,
    0x70, 0x07, 0xc0, 0x03, 0x30, 0x07, 0xe0, 0x03, 0x98, 0x07, 0xe0, 0x03,
    0x98, 0x07, 0xf0, 0x03, 0x80, 0x03, 0xe0, 0x01, 0x80, 0x00, 0x00, 0x00,
    0xc0, 0x00, 0x00, 0x01, 0xc0, 0x00, 0x00, 0x00, 0x00, 0x01, 0xc0, 0x00,
    0x00, 0x03, 0xe0, 0x00, 0x00, 0x07, 0xf0, 0x01, 0x00, 0x04, 0xf0, 0x00,
    0x80, 0x03, 0xf0, 0x1d, 0x00, 0x07, 0xe0, 0x08, 0x00, 0x07, 0x60, 0x00,
    0x80, 0x07, 0x30, 0x02, 0xc0, 0x07, 0x30, 0x03, 0xc0, 0x07, 0x30, 0x03,
    0xc0, 0x07, 0x30, 0x03, 0xc0, 0x07, 0x30, 0x03, 0xc0, 0x03, 0xa0, 0x09,
    0x48, 0x01, 0xc0, 0x0c, 0x18, 0x00, 0x00, 0x06, 0x30, 0x00, 0x00, 0x00,
    0x00, 0x00, 0x70, 0x00, 0x00, 0x00, 0xfb, 0x00, 0x00, 0x01, 0xfc, 0x00,
    0x00, 0x01, 0xf0, 0x00, 0x17, 0x01, 0xe4, 0x00, 0x22, 0x00, 0xfc, 0x00,
    0x10, 0x01, 0xf8, 0x00, 0x00, 0x03, 0xd8, 0x00, 0x20, 0x07, 0xc8, 0x00,
    0x30, 0x03, 0xe0, 0x00, 0x38, 0x03, 0xf0, 0x00, 0x7c, 0x01, 0xf8, 0x00,
    0x76, 0x00, 0xf0, 0x07, 0x22, 0x00, 0x00, 0x03, 0x60, 0x00, 0x00, 0x01,
    0xb0, 0x00, 0x00, 0x00, 0x00, 0x00, 0x70, 0x00, 0x00, 0x00, 0xf8, 0x00,
    0x00, 0x01, 0xf0, 0x00, 0x17, 0x01, 0xe4, 0x00, 0x22, 0x01, 0xfc, 0x00,
    0x10, 0x00, 0xfc, 0x00, 0x00, 0x05, 0xf8, 0x00, 0x01, 0x07, 0xc0, 0x00,
    0x37, 0x03, 0xe0, 0x00, 0x3e, 0x03, 0xf0, 0x00, 0x3c, 0x03, 0xf8, 0x00,
    0x70, 0x01, 0xf8, 0x0c, 0x70, 0x01, 0xf0, 0x06, 0x20, 0x01, 0xc0, 0x06,
    0x20, 0x00, 0x00, 0x03, 0x00, 0x00, 0x00, 0x00, 0x00, 0x00, 0x00, 0x00,
    0x00, 0x0e, 0x80, 0x00, 0x00, 0x1f, 0x80, 0x00, 0x00, 0x3f, 0x80, 0xe8,
    0x00, 0x0f, 0x00, 0x44, 0x00, 0x27, 0x80, 0x08, 0x00, 0x3f, 0xc0, 0x00,
    0x00, 0x1f, 0xe0, 0x04, 0x00, 0x1b, 0xc0, 0x0c, 0x00, 0x13, 0xc0, 0x1c,
    0x00, 0x07, 0x80, 0x3e, 0x00, 0x0f, 0x00, 0x6e, 0x00, 0x1f, 0x00, 0x44,
    0xe0, 0x0f, 0x00, 0x06, 0xc0, 0x00, 0x00, 0x0d, 0x80, 0x00, 0x00, 0x00,
    0x00, 0x0e, 0x00, 0x00, 0x00, 0x1f, 0x00, 0x00, 0x00, 0x0f, 0x80, 0xe8,
    0x00, 0x27, 0x80, 0x44, 0x00, 0x3f, 0x80, 0x08, 0x00, 0x3f, 0x00, 0x00,
    0x00, 0x1f, 0xa0, 0x80, 0x00, 0x03, 0xe0, 0xec, 0x00, 0x07, 0xc0, 0x7c,
    0x00, 0x0f, 0xc0, 0x3c, 0x00, 0x1f, 0xc0, 0x0e, 0x00, 0x1f, 0x80, 0x0e,
    0x30, 0x0f, 0x80, 0x04, 0x60, 0x03, 0x80, 0x04, 0x60, 0x00, 0x00, 0x00,
    0xc0, 0x00, 0x00, 0x00, 0x00, 0x00, 0x00, 0x00, 0x00, 0x03, 0xc0, 0x00,
    0x00, 0x07, 0xe0, 0x01, 0x00, 0x0f, 0xf0, 0x02, 0x00, 0x0f, 0xf0, 0x12,
    0x08, 0x0f, 0xf0, 0x10, 0x08, 0x0f, 0xf0, 0x10, 0x08, 0x07, 0xe0, 0x12,
    0x08, 0x0f, 0xf0, 0x12, 0x08, 0x0f, 0xf0, 0x00, 0x00, 0x1f, 0xf8, 0x00,
    0x00, 0x1f, 0xf8, 0x00, 0x00, 0x1f, 0xf8, 0x00, 0x00, 0x0f, 0xf0, 0x00,
    0x00, 0x07, 0xe0, 0x00, 0x00, 0x00, 0x00, 0x00, 0x00, 0x1f, 0xf8, 0x01,
    0x00, 0x0f, 0xf0, 0x02, 0x00, 0x0f, 0xf0, 0x02, 0x00, 0x0f, 0xf0, 0x00,
    0x00, 0x07, 0xe0, 0x00, 0x00, 0x07, 0xe0, 0x02, 0x00, 0x03, 0xc0, 0x0a,
    0x10, 0x07, 0xe0, 0x18, 0x18, 0x0f, 0xf0, 0x10, 0x08, 0x0f, 0xf0, 0x10,
    0x08, 0x0f, 0xf0, 0x10, 0x08, 0x07, 0xe0, 0x10, 0x08, 0x01, 0x80, 0x0e,
    0x70, 0x00, 0x00, 0x0e, 0x70, 0x00, 0x00, 0x0e, 0x70, 0x00, 0x00, 0x00,
    0x00, 0x03, 0xc0, 0x00, 0x00, 0x07, 0xe0, 0x00, 0x00, 0x0f, 0xf0, 0x12,
    0x48, 0x0d, 0xb0, 0x10, 0x08, 0x0d, 0xb0, 0x10, 0x08, 0x0e, 0x70, 0x11,
    0x88, 0x06, 0x60, 0x11, 0x88, 0x07, 0xe0, 0x18, 0x18, 0x0f, 0xf0, 0x01,
    0x80, 0x0f, 0xf0, 0x03, 0xc0, 0x0f, 0xf0, 0x03, 0xc0, 0x0f, 0xf0, 0x03,
    0xc0, 0x07, 0xe0, 0x01, 0x80, 0x01, 0x80, 0x0e, 0x60, 0x00, 0x00, 0x0e,
    0x00, 0x00, 0x00, 0x0e, 0x00, 0x03, 0xc0, 0x00, 0x00, 0x07, 0xe0, 0x00,
    0x00, 0x0f, 0xf0, 0x00, 0x00, 0x0f, 0xf0, 0x02, 0x40, 0x0c, 0x30, 0x01,
    0x80, 0x0e, 0x70, 0x01, 0x80, 0x07, 0xe0, 0x00, 0x00, 0x0f, 0xf0, 0x10,
    0x08, 0x0f, 0xf0, 0x11, 0x88, 0x0f, 0xf0, 0x33, 0xcc, 0x0f, 0xf0, 0x23,
    0xc4, 0x0f, 0xf0, 0x23, 0xc4, 0x07, 0xe0, 0x01, 0x80, 0x01, 0xc0, 0x06,
    0x30, 0x00, 0x00, 0x00, 0x70, 0x00, 0x00, 0x00, 0x00, 0x00, 0x00, 0x00,
    0x00, 0x00, 0x00, 0x01, 0x00, 0x11, 0x00, 0x15, 0x00, 0x00, 0x80, 0x06,
    0x80, 0x0a, 0x00, 0x04, 0x00, 0x1b, 0xe0, 0x00, 0xe0, 0x3b, 0xf0, 0x0a,
    0xf0, 0x3f, 0xf0, 0x04, 0xf4, 0x3f, 0xf0, 0x00, 0x74, 0x3f, 0xf0, 0x00,
    0x34, 0x3f, 0xe0, 0x00, 0x3c, 0x3b, 0xf0, 0x04, 0x0c, 0x13, 0xe0, 0x0c,
    0x04, 0x00, 0xc0, 0x07, 0x00, 0x00, 0x00, 0x03, 0x80, 0x00, 0x00, 0x00,
    0x00, 0x21, 0x00, 0x21, 0x00, 0x00, 0x00, 0x08, 0x00, 0x00, 0x40, 0x08,
    0x40, 0x00, 0x00, 0x0c, 0x00, 0x16, 0x00, 0x08, 0x10, 0x37, 0xc0, 0x00,
    0xd8, 0x37, 0xe0, 0x14, 0xec, 0x3f, 0xf0, 0x08, 0xf4, 0x3f, 0xf0, 0x00,
    0x70, 0x3f, 0xf0, 0x00, 0x30, 0x3f, 0xe0, 0x00, 0x30, 0x3d, 0xf0, 0x02,
    0x04, 0x18, 0xf0, 0x07, 0x0c, 0x09, 0xc0, 0x06, 0x0c, 0x00, 0x00, 0x1c,
    0x18, 0x00, 0x00, 0x00, 0x00, 0x00, 0x00, 0x01, 0x00, 0x04, 0x40, 0x05,
    0x40, 0x00, 0x20, 0x01, 0xa0, 0x02, 0x80, 0x01, 0x00, 0x06, 0xf8, 0x00,
    0x38, 0x0e, 0xfc, 0x02, 0xbc, 0x0f, 0xfc, 0x01, 0x3d, 0x0f, 0xfc, 0x00,
    0x1d, 0x0f, 0xfc, 0x00, 0x0d, 0x0f, 0xf8, 0x00, 0x0f, 0x0e, 0xfc, 0x01,
    0x03, 0x04, 0xf8, 0x03, 0x01, 0x00, 0x30, 0x01, 0xc0, 0x00, 0x00, 0x00,
    0xe0, 0x00, 0x00, 0x00, 0x00, 0x00, 0x00, 0x02, 0x00, 0x00, 0x10, 0x02,
    0x10, 0x00, 0x00, 0x03, 0x00, 0x05, 0x80, 0x02, 0x04, 0x0d, 0xf0, 0x00,
    0x36, 0x0d, 0xf8, 0x05, 0x3b, 0x0f, 0xfc, 0x02, 0x3d, 0x0f, 0xfc, 0x00,
    0x1c, 0x0f, 0xfc, 0x00, 0x0c, 0x0f, 0xf8, 0x00, 0x0c, 0x0f, 0x7c, 0x00,
    0x81, 0x06, 0x3c, 0x01, 0xc3, 0x02, 0x70, 0x01, 0x83, 0x00, 0x00, 0x07,
    0x06, 0x00, 0x00, 0x00, 0x00, 0xf5, 0xb0, 0xf5, 0xb0, 0x25, 0xb1, 0x55,
    0xb1, 0x85, 0xb1, 0xb5, 0xb1, 0xc5, 0xb3, 0xf5, 0xb3, 0x25, 0xb4, 0x55,
    0xb4, 0x85, 0xb4, 0xb5, 0xb4, 0xe5, 0xb4, 0x15, 0xb5, 0xe5, 0xb4, 0x15,
    0xb5, 0x45, 0xb2, 0x45, 0xb2, 0x75, 0xb2, 0x75, 0xb2, 0xa5, 0xb2, 0xa5,
    0xb2, 0xd5, 0xb2, 0xd5, 0xb2, 0x05, 0xb3, 0x05, 0xb3, 0x35, 0xb3, 0x35,
    0xb3, 0x65, 0xb3, 0x65, 0xb3, 0x95, 0xb3, 0x95, 0xb3, 0x45, 0xb5, 0x45,
    0xb5, 0x35, 0xb6, 0x35, 0xb6, 0x05, 0xb6, 0x05, 0xb6, 0x65, 0xb6, 0x65,
    0xb6, 0x95, 0xb6, 0x95, 0xb6, 0xe5, 0xb1, 0xe5, 0xb1, 0x95, 0xb9, 0x95,
    0xb9, 0xc5, 0xb6, 0xc5, 0xb6, 0xf5, 0xb6, 0xf5, 0xb6, 0xe5, 0xb7, 0xe5,
    0xb7, 0x15, 0xb8, 0x15, 0xb8, 0x85, 0xb7, 0x85, 0xb7, 0xb5, 0xb7, 0xb5,
    0xb7, 0x25, 0xb7, 0x25, 0xb7, 0x55, 0xb7, 0x55, 0xb7, 0x45, 0xb5, 0x45,
    0xb5, 0x75, 0xb5, 0x75, 0xb5, 0x15, 0xb2, 0x15, 0xb2, 0x45, 0xb8, 0x45,
    0xb8, 0xd5, 0xb8, 0xd5, 0xb8, 0x75, 0xb8, 0x75, 0xb8, 0xa5, 0xb8, 0xa5,
    0xb8, 0x05, 0xb9, 0x05, 0xb9, 0x35, 0xb9, 0x35, 0xb9, 0x65, 0xb9, 0x65,
    0xb9, 0xa5, 0xb5, 0xa5, 0xb5, 0xd5, 0xb5, 0xd5, 0xb5, 0x4a, 0x4c, 0x4e,
    0x50, 0x04, 0x16, 0x32, 0x64, 0x2a, 0xaa, 0xa0, 0xaf, 0xab, 0xa8, 0xba,
    0xaa, 0xe8, 0xba, 0xaa, 0xec, 0xba, 0xaa, 0xac, 0xba, 0xaa, 0xac, 0xaa,
    0xaa, 0xac, 0xaa, 0xaa, 0xac, 0xaa, 0xaa, 0xac, 0xaa, 0xaa, 0xac, 0xba,
    0xaa, 0xac, 0xba, 0xaa, 0xec, 0xae, 0xab, 0xac, 0xaa, 0xaa, 0xac, 0x2b,
    0xff, 0xf0, 0x00, 0x00, 0x00, 0x3f, 0xff, 0xf0, 0x3f, 0xcf, 0xcc, 0x3f,
    0xcf, 0xcc, 0xcf, 0xcf, 0x3c, 0xfc, 0x0c, 0xf0, 0xfc, 0x3f, 0xcc, 0xfe,
    0x03, 0x3c, 0xfc, 0x30, 0x00, 0xc0, 0x03, 0x3c, 0xfc, 0x30, 0x0c, 0xfc,
    0x03, 0x3c, 0xf3, 0x0f, 0xcc, 0xcf, 0x3f, 0xf0, 0x3f, 0x3f, 0xfc, 0x3c,
    0xff, 0xfc, 0x00, 0x00, 0x00, 0x00, 0xf0, 0x30, 0x33, 0xc0, 0xc0, 0x3f,
    0x0f, 0x30, 0x0f, 0x0f, 0x30, 0x03, 0x00, 0xf0, 0xf0, 0x0c, 0x00, 0x3c,
    0x03, 0x0c, 0x30, 0x30, 0x00, 0xc0, 0x03, 0x03, 0x30, 0x30, 0x03, 0xf0,
    0x03, 0x3c, 0x30, 0x0f, 0x0c, 0xc0, 0x0f, 0xc0, 0x3f, 0x0c, 0xfc, 0x3c,
    0x3f, 0x3c, 0x00, 0x00, 0x00, 0x00, 0x00, 0x00, 0x00, 0x00, 0x00, 0x00,
    0x00, 0x00, 0x0f, 0x0f, 0x00, 0x03, 0x00, 0x30, 0x00, 0x00, 0x00, 0x30,
    0x00, 0x00, 0x30, 0x30, 0x00, 0x00, 0x03, 0x00, 0x00, 0x30, 0x00, 0x30,
    0x00, 0x00, 0x30, 0x00, 0x0c, 0x00, 0x00, 0xc0, 0x3f, 0x0c, 0xf0, 0x00,
    0x33, 0x30, 0x00, 0x00, 0x00, 0x00, 0x00, 0x00, 0x00, 0x00, 0x00, 0x00,
    0x00, 0x00, 0x00, 0x00, 0x00, 0x00, 0x00, 0x00, 0x00, 0x00, 0x00, 0x00,
    0x00, 0x00, 0x00, 0x00, 0x00, 0x00, 0x00, 0x00, 0x00, 0x00, 0x00, 0x00,
    0x00, 0x00, 0x00, 0x00, 0x00, 0x00, 0x00, 0x00, 0x03, 0x0c, 0x30, 0x00,
    0x33, 0x30, 0x00, 0x00, 0x00, 0x3f, 0xef, 0xf0, 0xff, 0xef, 0xfc, 0xff,
    0xab, 0xfc, 0xfe, 0xaa, 0xfc, 0xfe, 0xaa, 0xfc, 0xfb, 0xff, 0xbc, 0xeb,
    0xff, 0xac, 0xab, 0xff, 0xa8, 0xeb, 0xff, 0xac, 0xfb, 0xff, 0xbc, 0xfe,
    0xaa, 0xfc, 0xfe, 0xaa, 0xfc, 0xff, 0xab, 0xfc, 0xff, 0xef, 0xfc, 0x3f,
    0xef, 0xf0, 0x00, 0x00, 0x00, 0x3f, 0xff, 0xf0, 0xff, 0xff, 0xfc, 0xff,
    0xff, 0xfc, 0xff, 0xff, 0xfc, 0xff, 0xff, 0xfc, 0xff, 0x55, 0xfc, 0xff,
    0x55, 0xfc, 0xff, 0x55, 0xfc, 0xff, 0x55, 0xfc, 0xff, 0x55, 0xfc, 0xff,
    0xff, 0xfc, 0xff, 0xff, 0xfc, 0xff, 0xff, 0xfc, 0xff, 0xff, 0xfc, 0x3f,
    0xff, 0xf0, 0x00, 0x00, 0x00, 0x00, 0x00, 0x00, 0x00, 0x00, 0x00, 0x00,
    0x00, 0x00, 0x01, 0x54, 0x00, 0x05, 0x55, 0x00, 0x15, 0x61, 0x80, 0x15,
    0x61, 0x00, 0x15, 0x59, 0x00, 0x15, 0x55, 0x00, 0x15, 0x55, 0xa0, 0x15,
    0x65, 0xa0, 0x15, 0x6a, 0xa0, 0x05, 0x5a, 0x00, 0x01, 0x54, 0x00, 0x00,
    0x00, 0x00, 0x00, 0x00, 0x00, 0x01, 0x50, 0x00, 0x05, 0x54, 0x00, 0x15,
    0x55, 0x00, 0x15, 0x61, 0x60, 0x55, 0x61, 0x40, 0x55, 0x69, 0x42, 0x55,
    0x55, 0x4a, 0x55, 0x6a, 0xaa, 0x55, 0xaa, 0xaa, 0x55, 0x55, 0x4a, 0x55,
    0x55, 0x4a, 0x55, 0x55, 0x42, 0x15, 0x55, 0x40, 0x05, 0x55, 0x00, 0x01,
    0x54, 0x00, 0x00, 0x00, 0x00, 0x00, 0x00, 0x00, 0x00, 0x00, 0x00, 0x00,
    0x00, 0x00, 0x00, 0x15, 0x40, 0x00, 0x55, 0x50, 0x02, 0x49, 0x54, 0x00,
    0x49, 0x54, 0x00, 0x65, 0x54, 0x00, 0x55, 0x54, 0x0a, 0x55, 0x54, 0x0a,
    0x59, 0x54, 0x0a, 0xa9, 0x54, 0x00, 0xa5, 0x50, 0x00, 0x15, 0x40, 0x00,
    0x00, 0x00, 0x00, 0x00, 0x00, 0x00, 0x05, 0x40, 0x00, 0x15, 0x50, 0x00,
    0x55, 0x54, 0x09, 0x49, 0x54, 0x01, 0x49, 0x55, 0x81, 0x69, 0x55, 0xa1,
    0x55, 0x55, 0xaa, 0xa6, 0x55, 0xaa, 0xaa, 0x55, 0xa1, 0x55, 0x55, 0xa1,
    0x55, 0x55, 0x81, 0x55, 0x55, 0x01, 0x55, 0x54, 0x00, 0x55, 0x50, 0x00,
    0x15, 0x40, 0x00, 0x00, 0x00, 0x00, 0x02, 0xa8, 0x00, 0x02, 0xa8, 0x00,
    0x10, 0xa8, 0x01, 0x55, 0xa0, 0x05, 0x55, 0xa0, 0x19, 0x55, 0x68, 0x29,
    0x65, 0x68, 0x29, 0x55, 0x54, 0x29, 0x95, 0x54, 0x25, 0x95, 0x54, 0x25,
    0x55, 0x54, 0x05, 0x55, 0x54, 0x01, 0x55, 0x50, 0x00, 0x55, 0x50, 0x00,
    0x15, 0x40, 0x00, 0x00, 0x00, 0x2a, 0x80, 0x00, 0x2a, 0x80, 0x00, 0x2a,
    0x04, 0x00, 0x0a, 0x55, 0x40, 0x0a, 0x55, 0x50, 0x29, 0x55, 0x64, 0x29,
    0x95, 0x68, 0x15, 0x55, 0x68, 0x16, 0x55, 0x68, 0x16, 0x55, 0x58, 0x15,
    0x55, 0x58, 0x15, 0x55, 0x50, 0x05, 0x55, 0x40, 0x05, 0x55, 0x00, 0x01,
    0x54, 0x00, 0x00, 0x00, 0x00, 0x00, 0x00, 0x00, 0x00, 0x54, 0x00, 0x05,
    0x55, 0x40, 0x15, 0x55, 0x40, 0x15, 0x55, 0x50, 0x16, 0x59, 0x50, 0x14,
    0x51, 0x58, 0x14, 0x10, 0x68, 0x15, 0x65, 0x68, 0x29, 0x65, 0x68, 0x29,
    0x55, 0x64, 0x0a, 0x55, 0x54, 0x0a, 0x55, 0x50, 0x2a, 0x15, 0x40, 0x2a,
    0x80, 0x00, 0x2a, 0x80, 0x00, 0x00, 0x00, 0x00, 0x00, 0x15, 0x00, 0x01,
    0x55, 0x50, 0x01, 0x55, 0x54, 0x05, 0x55, 0x54, 0x05, 0x65, 0x94, 0x25,
    0x45, 0x14, 0x29, 0x04, 0x14, 0x29, 0x59, 0x54, 0x29, 0x59, 0x68, 0x19,
    0x55, 0x68, 0x15, 0x55, 0xa0, 0x05, 0x55, 0xa0, 0x01, 0x54, 0xa8, 0x00,
    0x02, 0xa8, 0x00, 0x02, 0xa8, 0x00, 0x54, 0x00, 0x05, 0x55, 0x40, 0x05,
    0x55, 0x40, 0x15, 0x55, 0x50, 0x15, 0x55, 0x50, 0x55, 0x55, 0x54, 0x55,
    0x55, 0x54, 0x55, 0x55, 0x54, 0x55, 0x55, 0x54, 0x55, 0x55, 0x54, 0x15,
    0x55, 0x50, 0x15, 0x55, 0x50, 0x05, 0x55, 0x40, 0x05, 0x55, 0x40, 0x00,
    0x54, 0x00, 0x00, 0x00, 0x00, 0x00, 0x00, 0x00, 0x00, 0x54, 0x00, 0x01,
    0x55, 0x00, 0x05, 0xa9, 0x40, 0x06, 0xaa, 0x40, 0x16, 0xaa, 0x50, 0x1a,
    0xaa, 0x90, 0x1a, 0xaa, 0x90, 0x16, 0xaa, 0x50, 0x16, 0xaa, 0x50, 0x05,
    0xa9, 0x40, 0x05, 0x55, 0x40, 0x01, 0x55, 0x00, 0x00, 0x54, 0x00, 0x00,
    0x00, 0x00, 0x00, 0x00, 0x00, 0x00, 0x00, 0x00, 0x00, 0x00, 0x00, 0x00,
    0x00, 0x00, 0x00, 0x54, 0x00, 0x01, 0x55, 0x00, 0x01, 0x55, 0x00, 0x05,
    0x55, 0x40, 0x05, 0x95, 0x40, 0x01, 0xa5, 0x00, 0x01, 0x55, 0x00, 0x00,
    0x54, 0x00, 0x00, 0x00, 0x00, 0x00, 0x00, 0x00, 0x00, 0x00, 0x00, 0x00,
    0x00, 0x00, 0x00, 0x00, 0x00, 0x00, 0x00, 0x00, 0x00, 0x00, 0x00, 0x00,
    0x00, 0x00, 0x00, 0xa8, 0x00, 0x02, 0xaa, 0x00, 0x02, 0xaa, 0x00, 0x0a,
    0xaa, 0x80, 0x0a, 0x6a, 0x80, 0x02, 0x5a, 0x00, 0x02, 0xaa, 0x00, 0x00,
    0xa8, 0x00, 0x00, 0x00, 0x00, 0x00, 0x00, 0x00, 0x00, 0x00, 0x00, 0x00,
    0x00, 0x00, 0x00, 0x00, 0x00, 0x00, 0x00, 0x00, 0x00, 0x00, 0x00, 0x00,
    0x54, 0x00, 0x01, 0x55, 0x00, 0x05, 0x55, 0x40, 0x05, 0x55, 0x40, 0x05,
    0x55, 0x40, 0x05, 0x95, 0x40, 0x05, 0xa5, 0x40, 0x05, 0x55, 0x40, 0x01,
    0x55, 0x00, 0x00, 0x54, 0x00, 0x00, 0x00, 0x00, 0x00, 0x00, 0x00, 0x00,
    0x00, 0x00, 0x00, 0x00, 0x00, 0x00, 0x00, 0x00, 0x00, 0x54, 0x00, 0x01,
    0x55, 0x00, 0x05, 0x55, 0x40, 0x15, 0x55, 0x50, 0x15, 0x99, 0x50, 0x15,
    0x11, 0x50, 0x14, 0x10, 0x50, 0x15, 0x65, 0x50, 0x15, 0x65, 0x50, 0x15,
    0x55, 0x50, 0x05, 0x55, 0x40, 0x01, 0x55, 0x00, 0x00, 0x54, 0x00, 0x00,
    0x00, 0x00, 0x00, 0x00, 0x00, 0x00, 0x00, 0x00, 0x00, 0x00, 0x00, 0x00,
    0x00, 0x00, 0x00, 0x00, 0x00, 0x00, 0x54, 0x00, 0x05, 0x55, 0x00, 0x05,
    0x55, 0x40, 0x15, 0x56, 0x50, 0x15, 0x54, 0x58, 0x55, 0x50, 0x58, 0x55,
    0x55, 0x50, 0x55, 0x55, 0x50, 0x55, 0x55, 0x50, 0x15, 0x55, 0x50, 0x05,
    0x55, 0x40, 0x00, 0x00, 0x00, 0x00, 0x54, 0x00, 0x01, 0x55, 0x00, 0x05,
    0x55, 0x40, 0x05, 0x55, 0x40, 0x15, 0x56, 0x50, 0x15, 0x54, 0x58, 0x15,
    0x50, 0x58, 0x15, 0x55, 0x50, 0x15, 0x55, 0x50, 0x15, 0x55, 0x50, 0x05,
    0x55, 0x40, 0x05, 0x55, 0x40, 0x01, 0x55, 0x00, 0x00, 0x54, 0x00, 0x00,
    0x00, 0x00, 0x00, 0x00, 0x00, 0x00, 0x01, 0x00, 0x01, 0x00, 0x00, 0x00,
    0x00, 0x04, 0x00, 0x00, 0x00, 0x10, 0x00, 0x00, 0x00, 0x05, 0x40, 0x00,
    0x55, 0x50, 0x01, 0x55, 0x50, 0x05, 0x65, 0x54, 0x05, 0x45, 0x94, 0x15,
    0x05, 0x14, 0x15, 0x54, 0x14, 0x15, 0x59, 0x54, 0x15, 0x55, 0x54, 0x05,
    0x55, 0x50, 0x00, 0x00, 0x00, 0x00, 0x00, 0x00, 0x00, 0x00, 0x00, 0x00,
    0x00, 0x00, 0x00, 0x40, 0x00, 0x00, 0x01, 0x00, 0x11, 0x50, 0x00, 0x05,
    0x55, 0x10, 0x05, 0x55, 0x40, 0x15, 0x59, 0x50, 0x16, 0x51, 0x50, 0x14,
    0x50, 0x54, 0x14, 0x15, 0x54, 0x15, 0x65, 0x54, 0x15, 0x55, 0x54, 0x05,
    0x55, 0x50, 0x00, 0x00, 0x00, 0x00, 0x02, 0x00, 0x02, 0x00, 0x00, 0x00,
    0x00, 0x04, 0x00, 0x00, 0x00, 0x20, 0x00, 0x00, 0x00, 0x0a, 0x40, 0x00,
    0xaa, 0xa0, 0x02, 0xaa, 0xa0, 0x0a, 0x6a, 0xa4, 0x0a, 0x4a, 0x94, 0x2a,
    0x0a, 0x24, 0x2a, 0xa4, 0x24, 0x2a, 0xa9, 0xa4, 0x2a, 0xaa, 0xa4, 0x0a,
    0xaa, 0xa0, 0x00, 0x00, 0x00, 0x00, 0x00, 0x00, 0x00, 0x00, 0x00, 0x00,
    0x00, 0x00, 0x00, 0x40, 0x00, 0x00, 0x02, 0x00, 0x22, 0xa0, 0x00, 0x0a,
    0xaa, 0x20, 0x0a, 0xaa, 0x40, 0x2a, 0xa9, 0xa0, 0x26, 0xa2, 0xa0, 0x24,
    0xa0, 0xa4, 0x24, 0x2a, 0xa4, 0x2a, 0x6a, 0xa4, 0x2a, 0xaa, 0xa4, 0x0a,
    0xaa, 0xa0, 0x00, 0x00, 0x00, 0x04, 0x00, 0x00, 0x14, 0x00, 0x00, 0x15,
    0x00, 0x00, 0x55, 0x00, 0x00, 0x65, 0x00, 0x00, 0x45, 0x80, 0x00, 0x45,
    0x80, 0x00, 0x55, 0x00, 0x00, 0x55, 0x00, 0x00, 0x55, 0x00, 0x00, 0x55,
    0x00, 0x00, 0x55, 0x00, 0x00, 0x15, 0x00, 0x00, 0x15, 0x00, 0x00, 0x14,
    0x00, 0x00, 0x04, 0x00, 0x00, 0x00, 0x00, 0x10, 0x00, 0x00, 0x14, 0x00,
    0x00, 0x54, 0x00, 0x00, 0x55, 0x00, 0x00, 0x59, 0x00, 0x02, 0x51, 0x00,
    0x02, 0x51, 0x00, 0x00, 0x55, 0x00, 0x00, 0x55, 0x00, 0x00, 0x55, 0x00,
    0x00, 0x55, 0x00, 0x00, 0x55, 0x00, 0x00, 0x54, 0x00, 0x00, 0x54, 0x00,
    0x00, 0x14, 0x00, 0x00, 0x10, 0x05, 0x55, 0x40, 0x15, 0x99, 0x50, 0x55,
    0x11, 0x54, 0x54, 0x10, 0x54, 0x15, 0x55, 0x50, 0x01, 0x55, 0x00, 0x00,
    0x00, 0x00, 0x00, 0x00, 0x00, 0x00, 0x00, 0x00, 0x00, 0x00, 0x00, 0x00,
    0x00, 0x00, 0x00, 0x00, 0x00, 0x00, 0x00, 0x00, 0x00, 0x00, 0x00, 0x00,
    0x00, 0x00, 0x00, 0x00, 0x00, 0x00, 0x00, 0x00, 0x00, 0x00, 0x00, 0x00,
    0x00, 0x00, 0x00, 0x00, 0x00, 0x00, 0x00, 0x00, 0x00, 0x00, 0x00, 0x00,
    0x00, 0x00, 0x00, 0x00, 0x00, 0x00, 0x00, 0x00, 0x00, 0x00, 0x00, 0x01,
    0x55, 0x00, 0x15, 0x55, 0x50, 0x55, 0x55, 0x54, 0x55, 0x55, 0x54, 0x15,
    0x55, 0x50, 0x01, 0x55, 0x00, 0x00, 0x00, 0x00, 0x00, 0x54, 0x00, 0x01,
    0x55, 0x00, 0x05, 0x55, 0x40, 0x05, 0x58, 0x58, 0x15, 0x58, 0x50, 0x15,
    0x5a, 0x50, 0x15, 0x55, 0x50, 0x15, 0x55, 0x50, 0x15, 0x55, 0x50, 0x15,
    0x55, 0x50, 0x04, 0x54, 0x40, 0xa1, 0x11, 0x28, 0xa8, 0x44, 0xa8, 0x2a,
    0x12, 0xa0, 0x0a, 0x02, 0x80, 0x01, 0x50, 0x00, 0x05, 0x54, 0x00, 0x15,
    0x55, 0x00, 0x15, 0x61, 0x60, 0x55, 0x61, 0x40, 0x55, 0x69, 0x40, 0x55,
    0x55, 0x40, 0x55, 0x55, 0x40, 0x55, 0x55, 0x40, 0x55, 0x55, 0x40, 0x11,
    0x11, 0x00, 0x44, 0x44, 0x40, 0x12, 0x81, 0x00, 0x02, 0x80, 0x00, 0x02,
    0xa8, 0x00, 0x02, 0xa8, 0x00, 0x00, 0x00, 0x00, 0x00, 0x54, 0x00, 0x05,
    0x55, 0x40, 0x15, 0x55, 0x40, 0x15, 0x55, 0x50, 0x16, 0x59, 0x50, 0x14,
    0x51, 0x50, 0x14, 0x10, 0x50, 0x15, 0x65, 0x50, 0x15, 0x65, 0x50, 0x15,
    0x55, 0x50, 0x04, 0x44, 0x40, 0x19, 0x11, 0x10, 0x0a, 0x04, 0x40, 0x2a,
    0x80, 0x00, 0x2a, 0x80, 0x00, 0x00, 0x00, 0x00, 0x00, 0x15, 0x00, 0x01,
    0x55, 0x50, 0x01, 0x55, 0x54, 0x05, 0x55, 0x54, 0x05, 0x65, 0x94, 0x05,
    0x45, 0x14, 0x05, 0x04, 0x14, 0x05, 0x59, 0x54, 0x05, 0x59, 0x54, 0x05,
    0x55, 0x54, 0x01, 0x11, 0x10, 0x04, 0x44, 0x64, 0x01, 0x10, 0xa0, 0x00,
    0x02, 0xa8, 0x00, 0x02, 0xa8, 0x00, 0x55, 0x00, 0x01, 0x55, 0x40, 0x05,
    0x55, 0x50, 0x05, 0x95, 0x50, 0x06, 0x55, 0x50, 0x16, 0x55, 0x54, 0x15,
    0x55, 0x54, 0x16, 0x55, 0x54, 0x15, 0x55, 0x54, 0x14, 0x55, 0x54, 0x26,
    0x46, 0x44, 0x01, 0x92, 0x90, 0x04, 0x46, 0x80, 0x00, 0x02, 0xa8, 0x00,
    0x02, 0xa8, 0x00, 0x00, 0x00, 0x00, 0x55, 0x00, 0x01, 0x55, 0x40, 0x05,
    0x55, 0x50, 0x05, 0x95, 0x50, 0x06, 0x55, 0x50, 0x16, 0x55, 0x54, 0x15,
    0x55, 0x54, 0x16, 0x55, 0x54, 0x15, 0x55, 0x54, 0x15, 0x55, 0x14, 0x11,
    0x9a, 0x98, 0x06, 0x86, 0x40, 0x02, 0x91, 0x10, 0x2a, 0x80, 0x00, 0x2a,
    0x80, 0x00, 0x00, 0x00, 0x00, 0x00, 0x00, 0x00, 0x00, 0x15, 0x00, 0x00,
    0x55, 0x40, 0x01, 0x55, 0x50, 0x25, 0x25, 0x50, 0x05, 0x25, 0x54, 0x05,
    0xa5, 0x54, 0x05, 0x55, 0x54, 0x05, 0x55, 0x54, 0x05, 0x55, 0x54, 0x05,
    0x55, 0x54, 0x01, 0x15, 0x10, 0x28, 0x44, 0x4a, 0x2a, 0x11, 0x2a, 0x0a,
    0x84, 0xa8, 0x02, 0x80, 0xa0, 0x00, 0x05, 0x40, 0x00, 0x15, 0x50, 0x00,
    0x55, 0x54, 0x09, 0x49, 0x54, 0x01, 0x49, 0x55, 0x01, 0x69, 0x55, 0x01,
    0x55, 0x55, 0x01, 0x55, 0x55, 0x01, 0x55, 0x55, 0x01, 0x55, 0x55, 0x00,
    0x44, 0x44, 0x01, 0x11, 0x11, 0x00, 0x42, 0x84, 0x00, 0x02, 0x80, 0x00,
    0x2a, 0x80, 0x00, 0x2a, 0x80, 0x00, 0x00, 0x00, 0x04, 0x00, 0x10, 0x10,
    0x01, 0x10, 0x11, 0x00, 0x50, 0x14, 0x04, 0x54, 0x14, 0x41, 0x54, 0x54,
    0x44, 0x54, 0x15, 0x00, 0x50, 0x55, 0x11, 0x54, 0x55, 0x01, 0x54, 0x15,
    0x45, 0x44, 0x05, 0x45, 0x50, 0x15, 0x45, 0x10, 0x04, 0x55, 0x40, 0x05,
    0x51, 0x00, 0x00, 0x50, 0x00, 0x00, 0x00, 0x00, 0x00, 0x00, 0x00, 0x00,
    0x00, 0x00, 0x04, 0x54, 0x54, 0x14, 0x44, 0x44, 0x14, 0x44, 0x44, 0x04,
    0x44, 0x44, 0x04, 0x44, 0x44, 0x04, 0x44, 0x44, 0x04, 0x44, 0x40, 0x04,
    0x54, 0x54, 0x04, 0x54, 0x54, 0x00, 0x00, 0x00, 0x00, 0x00, 0x00, 0x00,
    0x00, 0x00, 0x00, 0x00, 0x00, 0x00, 0x00, 0x00, 0x00, 0x00, 0x00, 0x00,
    0x00, 0x00, 0x04, 0x54, 0x54, 0x14, 0x44, 0x44, 0x54, 0x44, 0x44, 0x44,
    0x44, 0x44, 0x44, 0x44, 0x44, 0x54, 0x44, 0x44, 0x04, 0x44, 0x44, 0x04,
    0x54, 0x54, 0x04, 0x54, 0x54, 0x00, 0x00, 0x00, 0x00, 0x00, 0x00, 0x00,
    0x00, 0x00, 0x00, 0x00, 0x00, 0x00, 0x00, 0x00, 0x00, 0x00, 0x00, 0x00,
    0x00, 0x00, 0x54, 0x54, 0x54, 0x40, 0x44, 0x44, 0x40, 0x44, 0x44, 0x40,
    0x44, 0x44, 0x54, 0x44, 0x44, 0x04, 0x44, 0x44, 0x04, 0x44, 0x44, 0x54,
    0x54, 0x54, 0x54, 0x54, 0x54, 0x00, 0x00, 0x00, 0x00, 0x00, 0x00, 0x00,
    0x00, 0x00, 0x00, 0x00, 0x00, 0x00, 0x00, 0x00, 0x00, 0x00, 0x00, 0x00,
    0x00, 0x00, 0x44, 0x05, 0x54, 0x44, 0x04, 0x44, 0x44, 0x04, 0x44, 0x44,
    0x04, 0x44, 0x45, 0x44, 0x44, 0x44, 0x44, 0x44, 0x44, 0x44, 0x44, 0x44,
    0x44, 0x44, 0x45, 0x45, 0x54, 0x00, 0x00, 0x00, 0x00, 0x00, 0x00, 0x00,
    0x00, 0x00, 0x00, 0x00, 0x00, 0x00, 0x00, 0x00, 0x00, 0x00, 0x00, 0x00,
    0x00, 0x00, 0x51, 0x45, 0x54, 0x10, 0x44, 0x44, 0x10, 0x44, 0x44, 0x50,
    0x44, 0x44, 0x11, 0x44, 0x44, 0x11, 0x04, 0x44, 0x11, 0x04, 0x44, 0x11,
    0x04, 0x44, 0x51, 0x45, 0x54, 0x00, 0x00, 0x00, 0x00, 0x00, 0x00, 0x00,
    0x00, 0x00, 0x00, 0x00, 0x00, 0x00, 0x00, 0x00, 0x00, 0x00, 0x00, 0x00,
    0x00, 0x00, 0x41, 0x45, 0x54, 0x45, 0x44, 0x44, 0x44, 0x44, 0x44, 0x45,
    0x54, 0x44, 0x40, 0x44, 0x44, 0x54, 0x44, 0x44, 0x44, 0x44, 0x44, 0x44,
    0x44, 0x44, 0x54, 0x45, 0x54, 0x00, 0x00, 0x00, 0x00, 0x00, 0x00, 0x00,
    0x00, 0x00, 0x00, 0x00, 0x00, 0x15, 0x55, 0x50, 0x55, 0x55, 0x54, 0x55,
    0x55, 0x54, 0x55, 0x55, 0x54, 0x55, 0x55, 0x54, 0x55, 0x55, 0x54, 0x55,
    0x55, 0x54, 0x55, 0x55, 0x54, 0x55, 0x55, 0x54, 0x55, 0x55, 0x54, 0x55,
    0x55, 0x54, 0x55, 0x55, 0x54, 0x55, 0x55, 0x54, 0x55, 0x55, 0x54, 0x15,
    0x55, 0x50, 0x00, 0x00, 0x00, 0x37, 0x3b, 0x37, 0x32, 0x3a, 0x35, 0x37,
    0x35, 0xdd, 0xb9, 0x15, 0xba, 0x51, 0xba, 0x89, 0xba, 0xbc, 0xba, 0xf7,
    0xba, 0x2d, 0xbb, 0x65, 0xbb, 0x48, 0x01, 0x0d, 0x99, 0x25, 0x31, 0x49,
    0x61, 0x02, 0x0e, 0x1a, 0x4a, 0xe2, 0x03, 0x0f, 0x1b, 0x27, 0x33, 0x4b,
    0x57, 0x63, 0x4c, 0x11, 0x1d, 0x59, 0x41, 0x4d, 0x65, 0x71, 0x12, 0x1e,
    0x36, 0x42, 0x4e, 0x67, 0x08, 0x14, 0x20, 0x38, 0xc4, 0x50, 0x5c, 0x68,
    0x09, 0x15, 0x21, 0x39, 0x45, 0x0a, 0x16, 0x22, 0x3a, 0x46, 0x5e, 0x6a,
    0x76, 0x00, 0x0c, 0x18, 0x24, 0x30, 0x3c, 0x48, 0x54, 0x60, 0x6d, 0x02,
    0x0e, 0x1a, 0xa6, 0x32, 0x3e, 0x4a, 0x56, 0x62, 0x6e, 0x27, 0x33, 0x4b,
    0x57, 0x6f, 0x10, 0x28, 0x34, 0x70, 0x11, 0x4d, 0xd9, 0x71, 0x06, 0x12,
    0x1e, 0x2a, 0x36, 0x4e, 0x66, 0x08, 0x14, 0x2c, 0x38, 0x44, 0x50, 0x5c,
    0x68, 0x15, 0xad, 0x75, 0x0a, 0x16, 0x2e, 0x3a, 0x46, 0x52, 0x5e, 0x6a,
    0x47, 0x03, 0x02, 0x01, 0x00, 0x0c, 0x18, 0x19, 0x1a, 0x1b, 0x27, 0x33,
    0x32, 0x31, 0x30, 0xa8, 0x29, 0x1d, 0x1c, 0x3f, 0x40, 0x41, 0xb6, 0x2a,
    0x2b, 0x37, 0x43, 0x4f, 0x4e, 0x4d, 0xdb, 0x38, 0x39, 0x3a, 0x46, 0x52,
    0x5e, 0x54, 0x55, 0x56, 0x57, 0x64, 0x65, 0x72, 0x73, 0x74, 0x75, 0x76,
    0x07, 0x13, 0x14, 0x15, 0x16, 0x22, 0x60, 0x61, 0x62, 0x30, 0x3c, 0x48,
    0x54, 0x19, 0x31, 0x6d, 0x02, 0x0e, 0x1a, 0x32, 0x4a, 0xd6, 0x6e, 0x03,
    0x57, 0x04, 0x9c, 0x28, 0x34, 0x40, 0x4c, 0xd8, 0x70, 0x05, 0x2a, 0x36,
    0x42, 0x4e, 0x5a, 0x66, 0x13, 0x2b, 0x67, 0x14, 0x38, 0x44, 0x50, 0x5c,
    0x15, 0x21, 0x75, 0x16, 0x22, 0x2e, 0x3a, 0x52, 0x5e, 0x6a, 0x76, 0x17,
    0x00, 0x0c, 0x18, 0x24, 0x30, 0x3c, 0x48, 0x54, 0x6c, 0x0d, 0x3d, 0x0e,
    0x26, 0x3e, 0x4a, 0x56, 0x62, 0x6e, 0x0f, 0x27, 0x6f, 0x10, 0xa8, 0x34,
    0x40, 0x4c, 0x58, 0x70, 0x11, 0x29, 0x41, 0x06, 0x12, 0x2a, 0x42, 0x5a,
    0x66, 0x72, 0x2b, 0x5b, 0x14, 0x20, 0x2c, 0x38, 0x44, 0x50, 0x5c, 0x74,
    0x15, 0x75, 0x0a, 0x96, 0x22, 0xae, 0x3a, 0x46, 0x52, 0x6a, 0x76, 0x00,
    0x01, 0x3c, 0x25, 0x3d, 0xd5, 0x61, 0x6d, 0x0e, 0x1a, 0x26, 0x3e, 0x56,
    0x0f, 0x3f, 0x57, 0x6f, 0x04, 0x10, 0x28, 0x34, 0x40, 0x58, 0x29, 0x59,
    0x71, 0x06, 0x12, 0x2a, 0x42, 0x4e, 0x5a, 0xe6, 0x72, 0x43, 0x08, 0x94,
    0x20, 0x2c, 0x38, 0x44, 0x50, 0x5c, 0x74, 0x75, 0x16, 0x22, 0x2e, 0x46,
    0x52, 0x5e, 0x76, 0x2f, 0x5f, 0x01, 0x0d, 0x19, 0x25, 0x31, 0x3d, 0xd5,
    0x61, 0x6d, 0x03, 0x8f, 0x1b, 0x27, 0x33, 0x3f, 0x4b, 0x57, 0x63, 0x6f,
    0x04, 0x1c, 0x05, 0x1d, 0x35, 0x41, 0x4d, 0x65, 0x06, 0x36, 0x66, 0x07,
    0x13, 0x1f, 0x2b, 0x37, 0x4f, 0x5b, 0x67, 0x68, 0x09, 0x21, 0x2d, 0xb9,
    0x45, 0x51, 0x5d, 0x69, 0x0a, 0x46, 0x0b, 0x2f, 0x3b, 0x47, 0x53, 0x5f,
    0x6b, 0x60, 0x01, 0x0d, 0x25, 0x31, 0xbd, 0x49, 0x55, 0x0e, 0x3e, 0x6e,
    0x03, 0x0f, 0x27, 0x33, 0x3f, 0x4b, 0x57, 0xe3, 0x05, 0x1d, 0x29, 0x40,
    0x41, 0x4d, 0x59, 0x65, 0x71, 0x1e, 0x42, 0x93, 0x37, 0x43, 0x5b, 0x67,
    0x14, 0x2c, 0x44, 0x68, 0x09, 0x15, 0x2d, 0x45, 0x51, 0x5d, 0x69, 0x0a,
    0x2e, 0x76, 0x23, 0x2f, 0x47, 0x6b, 0x77, 0x20, 0x30, 0x40, 0x50, 0x60,
    0x70, 0x80, 0x90, 0xa0, 0xb0, 0x00, 0x0c, 0x18, 0x24, 0x30, 0x3c, 0x48,
    0x54, 0x60, 0x6c, 0x00, 0xde, 0xbb, 0xde, 0xbb, 0x60, 0xbd, 0x60, 0xbd,
    0x60, 0xbd, 0x60, 0xbd, 0x3a, 0xbe, 0xd5, 0xbe, 0x63, 0xbe, 0x96, 0xbe,
    0xd5, 0xbe, 0xe2, 0xbe, 0x0f, 0xbf, 0x26, 0xbf, 0x38, 0xbc, 0x38, 0xbc,
    0x52, 0xbf, 0xca, 0xa8, 0x67, 0xbf, 0xcc, 0xbf, 0x0d, 0xbe, 0x81, 0xbf,
    0xb5, 0xbf, 0x21, 0xb6, 0x20, 0xa6, 0xa7, 0x20, 0xa0, 0xa1, 0x20, 0xa6,
    0xa7, 0x20, 0xa0, 0xa1, 0x21, 0x90, 0x20, 0xa6, 0xa7, 0x20, 0xa0, 0xa1,
    0x21, 0x79, 0x20, 0xa6, 0xaf, 0x20, 0xa0, 0xa1, 0x21, 0x90, 0x20, 0xa6,
    0xa7, 0x20, 0xa0, 0xa1, 0x21, 0x79, 0x20, 0xa6, 0xb7, 0x20, 0xa0, 0xa1,
    0x20, 0xa6, 0xa7, 0x20, 0xa0, 0xa1, 0x20, 0xa6, 0xa7, 0x20, 0xa0, 0xa1,
    0x21, 0x5b, 0x20, 0xa6, 0xa7, 0x20, 0xa0, 0xa1, 0x21, 0x48, 0x20, 0xa6,
    0xaf, 0x20, 0xa0, 0xa1, 0x21, 0x5b, 0x20, 0xa6, 0xa7, 0x20, 0xa0, 0xa1,
    0x21, 0x48, 0x20, 0xa6, 0xb8, 0x80, 0x38, 0xbc, 0x21, 0x3c, 0x20, 0xa5,
    0xaf, 0x20, 0xa2, 0xa1, 0x20, 0xa5, 0xa8, 0x21, 0x35, 0xa8, 0x21, 0x3c,
    0xa8, 0x21, 0x44, 0xa8, 0x21, 0x48, 0xa8, 0x21, 0x51, 0xa8, 0x21, 0x48,
    0xaf, 0x20, 0xa2, 0xa1, 0x20, 0xa5, 0xa8, 0x21, 0x44, 0xa8, 0x21, 0x48,
    0xa8, 0x21, 0x51, 0xa8, 0x21, 0x5b, 0xa8, 0x21, 0x60, 0xa8, 0x21, 0x5b,
    0xb0, 0x21, 0x6c, 0xb0, 0x21, 0x5b, 0xb0, 0x21, 0x6c, 0xa8, 0x21, 0x5b,
    0xa8, 0x21, 0x48, 0xaf, 0x20, 0xa2, 0xa1, 0x20, 0xa5, 0xa8, 0x21, 0x51,
    0xb0, 0x21, 0x48, 0xa8, 0x21, 0x44, 0xa8, 0x21, 0x40, 0xa8, 0x21, 0x3c,
    0xaf, 0x20, 0xa2, 0xa1, 0x20, 0xa5, 0xa8, 0x21, 0x35, 0xa8, 0x21, 0x3c,
    0xa8, 0x21, 0x44, 0xa8, 0x21, 0x48, 0xa8, 0x21, 0x51, 0xa8, 0x21, 0x48,
    0xaf, 0x20, 0xa2, 0xa1, 0x20, 0xa5, 0xa8, 0x21, 0x44, 0xa8, 0x21, 0x48,
    0xa8, 0x21, 0x51, 0xa8, 0x21, 0x5b, 0xa8, 0x21, 0x60, 0xa8, 0x21, 0x6c,
    0xa8, 0x21, 0x60, 0xa7, 0x20, 0xa2, 0xa1, 0x20, 0xa5, 0xa8, 0x21, 0x6c,
    0xa8, 0x21, 0x3c, 0xb0, 0x21, 0x44, 0xb0, 0x21, 0x48, 0xb0, 0x21, 0x51,
    0xb0, 0x21, 0x5b, 0xbf, 0xa1, 0x21, 0x51, 0x20, 0xa5, 0xaf, 0x20, 0xa2,
    0xa1, 0x20, 0xa5, 0xb8, 0x21, 0x3c, 0xa8, 0x21, 0x44, 0xa8, 0x21, 0x48,
    0xa8, 0x21, 0x51, 0xa8, 0x21, 0x48, 0xa8, 0x21, 0x5b, 0xa8, 0x21, 0x48,
    0xa8, 0x21, 0x51, 0xa8, 0x21, 0x48, 0xa8, 0x21, 0x5b, 0xa8, 0x21, 0x48,
    0xa8, 0x21, 0x51, 0xaf, 0x20, 0xa2, 0xa1, 0x20, 0xa5, 0xb8, 0x21, 0x3c,
    0xa8, 0x21, 0x44, 0xa8, 0x21, 0x48, 0xa8, 0x21, 0x51, 0xa8, 0x21, 0x48,
    0xa8, 0x21, 0x5b, 0xa8, 0x21, 0x48, 0xa8, 0x21, 0x51, 0xa8, 0x21, 0x48,
    0xa8, 0x21, 0x44, 0xa8, 0x21, 0x40, 0xa8, 0x21, 0x3c, 0xbf, 0xa1, 0x21,
    0x35, 0xb0, 0x21, 0x44, 0xb0, 0x21, 0x51, 0xb0, 0x21, 0x5b, 0xb0, 0x21,
    0x60, 0xb0, 0x21, 0x35, 0xb0, 0x21, 0x3c, 0xb0, 0x21, 0x60, 0xb0, 0x21,
    0x5b, 0xbf, 0xa1, 0x21, 0x6c, 0xbf, 0xa1, 0x21, 0x5b, 0xbf, 0xa1, 0xbf,
    0xa1, 0x80, 0x38, 0xbc, 0x21, 0x90, 0x20, 0xab, 0xa4, 0x20, 0xa8, 0xa4,
    0x21, 0x48, 0x20, 0xab, 0xa4, 0x20, 0xa8, 0xa4, 0x20, 0xaa, 0xa4, 0x20,
    0xa8, 0xa4, 0x21, 0x60, 0x20, 0xab, 0xa4, 0x20, 0xa8, 0xa4, 0x21, 0x55,
    0x20, 0xab, 0xa4, 0x20, 0xa8, 0xac, 0x21, 0x60, 0x20, 0xab, 0xa4, 0x20,
    0xa8, 0xa4, 0x21, 0x6c, 0x20, 0xab, 0xa4, 0x20, 0xa8, 0xa4, 0x21, 0x90,
    0x20, 0xab, 0xa4, 0x20, 0xa8, 0xa4, 0x21, 0x48, 0x20, 0xab, 0xa4, 0x20,
    0xa8, 0xa4, 0x20, 0xaa, 0xa4, 0x20, 0xa8, 0xa4, 0x21, 0x60, 0x20, 0xab,
    0xa4, 0x20, 0xa8, 0xa4, 0x21, 0x55, 0x20, 0xab, 0xa4, 0x20, 0xa8, 0xac,
    0x21, 0x60, 0x20, 0xab, 0xa4, 0x20, 0xa8, 0xa4, 0x21, 0x6c, 0x20, 0xab,
    0xa4, 0x20, 0xa8, 0xa4, 0x21, 0x90, 0x20, 0xab, 0xa4, 0x20, 0xa8, 0xa4,
    0x21, 0x48, 0x20, 0xab, 0xa4, 0x20, 0xa8, 0xa4, 0x20, 0xaa, 0xa4, 0x20,
    0xa8, 0xa4, 0x21, 0x60, 0x20, 0xab, 0xa4, 0x20, 0xa8, 0xa4, 0x21, 0x55,
    0x20, 0xab, 0xa4, 0x20, 0xa8, 0xac, 0x21, 0x60, 0x20, 0xab, 0xa4, 0x20,
    0xa8, 0xa4, 0x21, 0x6c, 0x20, 0xab, 0xa4, 0x20, 0xa8, 0xa4, 0x21, 0x90,
    0x20, 0xab, 0xa4, 0x20, 0xa8, 0xa4, 0x80, 0x60, 0xbd, 0x20, 0xaf, 0x21,
    0x28, 0xa1, 0x21, 0x2a, 0xa1, 0x21, 0x2d, 0xa1, 0x21, 0x2f, 0xa1, 0x21,
    0x32, 0xa1, 0x21, 0x35, 0xa1, 0x21, 0x39, 0xa1, 0x21, 0x3c, 0xa1, 0x21,
    0x40, 0xa1, 0x20, 0xa8, 0x21, 0x44, 0xa1, 0x20, 0xa5, 0x21, 0x48, 0xa1,
    0x20, 0xa8, 0xa1, 0x80, 0x00, 0x00, 0x21, 0x04, 0x20, 0x2a, 0xa2, 0x21,
    0x07, 0xa2, 0x21, 0x09, 0xa2, 0x21, 0x04, 0xa2, 0x21, 0x07, 0xa2, 0x21,
    0x09, 0xa2, 0x21, 0x0b, 0xa2, 0x21, 0x0c, 0xa2, 0x21, 0x0d, 0xa3, 0x21,
    0x0e, 0xa3, 0x21, 0x0f, 0xa3, 0x21, 0x10, 0xa3, 0x80, 0x00, 0x00, 0x21,
    0x1d, 0x20, 0x66, 0xa2, 0x21, 0x19, 0xa2, 0x21, 0x16, 0x20, 0x69, 0xa2,
    0x21, 0x14, 0xa2, 0x21, 0x13, 0xa2, 0x21, 0x11, 0xa2, 0x21, 0x10, 0xa2,
    0x21, 0x0f, 0xa2, 0x21, 0x0e, 0xa4, 0x21, 0x0d, 0xa4, 0x21, 0x0c, 0xa4,
    0x21, 0x0a, 0xa4, 0x21, 0x07, 0xa4, 0x21, 0x03, 0x20, 0x66, 0xa4, 0x80,
    0x00, 0x00, 0x21, 0x1e, 0x20, 0x66, 0xa2, 0x21, 0x1a, 0xa2, 0x21, 0x17,
    0x20, 0x69, 0xa2, 0x21, 0x15, 0xa2, 0x21, 0x13, 0xa2, 0x21, 0x12, 0xa2,
    0x21, 0x11, 0xa2, 0x21, 0x10, 0xa2, 0x21, 0x0f, 0xa4, 0x21, 0x0e, 0xa4,
    0x21, 0x0d, 0xa2, 0x21, 0x0c, 0xa2, 0x21, 0x0a, 0xa2, 0x21, 0x08, 0xa2,
    0x21, 0x06, 0xa2, 0x21, 0x04, 0xa2, 0x21, 0x02, 0x20, 0x66, 0xa2, 0x21,
    0x00, 0xa2, 0x80, 0x00, 0x00, 0x21, 0x80, 0x20, 0xa6, 0xa5, 0x21, 0x51,
    0x20, 0xac, 0xa5, 0x80, 0xd5, 0xbe, 0x21, 0x55, 0x20, 0xa9, 0xaa, 0x21,
    0x32, 0xaa, 0x21, 0x55, 0xaa, 0x21, 0x5b, 0xaa, 0x21, 0x35, 0xaa, 0x21,
    0x5b, 0xaa, 0x21, 0x60, 0xaa, 0x21, 0x39, 0xaa, 0x21, 0x60, 0xaa, 0x21,
    0x66, 0xaa, 0x21, 0x60, 0xaa, 0x21, 0x5b, 0xaa, 0x21, 0x55, 0xb4, 0xb4,
    0x80, 0x00, 0x00, 0xb4, 0xb4, 0xb4, 0xb4, 0xaa, 0x21, 0x40, 0x20, 0xa9,
    0xaa, 0x21, 0x39, 0xaa, 0x21, 0x35, 0xaa, 0x21, 0x32, 0xb4, 0xb4, 0x80,
    0x00, 0x00, 0x21, 0x39, 0x20, 0xaa, 0xa5, 0x21, 0x44, 0xa5, 0x21, 0x55,
    0xa5, 0x21, 0x72, 0xa5, 0x21, 0x66, 0xa5, 0x21, 0x55, 0xa5, 0x21, 0x72,
    0xa5, 0x21, 0x66, 0xa5, 0x21, 0x55, 0xa5, 0x21, 0x72, 0xa5, 0x21, 0x66,
    0xa5, 0x21, 0x55, 0xa5, 0x21, 0x1c, 0xa5, 0x80, 0x00, 0x00, 0x21, 0xe0,
    0xa1, 0x21, 0xe6, 0xa2, 0x21, 0xed, 0xa2, 0x21, 0xf2, 0xa2, 0x21, 0xfa,
    0xa2, 0x21, 0xff, 0xa2, 0x80, 0x00, 0x00, 0x21, 0x0c, 0x20, 0xa5, 0xa2,
    0x21, 0x0b, 0xa2, 0x21, 0x0a, 0xa2, 0x21, 0x09, 0xa2, 0x21, 0x08, 0xa2,
    0x21, 0x07, 0xa2, 0x21, 0x06, 0xa2, 0x80, 0x00, 0x00, 0x21, 0xa2, 0x20,
    0xa2, 0xa1, 0x20, 0xa8, 0xa1, 0x20, 0xac, 0xa2, 0x20, 0xa8, 0xa2, 0x20,
    0xab, 0xa2, 0x20, 0xa8, 0xa2, 0x21, 0x51, 0x20, 0xac, 0xa2, 0x20, 0xa8,
    0xa2, 0x20, 0xab, 0xa2, 0x20, 0xa8, 0xa2, 0x20, 0xaa, 0xa2, 0x20, 0xa8,
    0xa1, 0x20, 0xa6, 0xa1, 0x20, 0xa6, 0xa1, 0x20, 0xa3, 0xa1, 0x80, 0x00,
    0x00, 0x21, 0x51, 0x20, 0xa2, 0xa1, 0x20, 0xa8, 0xa1, 0x20, 0xac, 0xa1,
    0x20, 0xa8, 0xa1, 0x20, 0xab, 0xa1, 0x20, 0xa8, 0xa1, 0x80, 0x00, 0x00,
    0x21, 0x80, 0x20, 0xa6, 0xa5, 0x21, 0x51, 0x20, 0xac, 0xa5, 0x80, 0x00,
    0x00, 0x60, 0x70, 0x03, 0x00, 0x00, 0x00, 0x00, 0x00, 0x00, 0x00, 0x70,
    0x65, 0x6e, 0x67, 0x6f, 0x00, 0x00, 0x00, 0x00, 0x00, 0x00, 0x00, 0x00,
    0x00, 0x00, 0x00, 0x00, 0x00, 0x00, 0x00, 0x00, 0x00, 0x00, 0xb9, 0x83,
    0x00, 0x04, 0xd9, 0xbf};
